t,theta,omega,energy
0,0.785398,0,2.87328
0.001,0.785395,-0.00693671,2.87328
0.002,0.785384,-0.0138734,2.87328
0.003,0.785367,-0.0208099,2.87328
0.004,0.785343,-0.0277464,2.87328
0.005,0.785311,-0.0346826,2.87328
0.006,0.785273,-0.0416186,2.87328
0.007,0.785228,-0.0485543,2.87328
0.008,0.785176,-0.0554896,2.87328
0.009,0.785117,-0.0624246,2.87328
0.01,0.785051,-0.0693592,2.87328
0.011,0.784979,-0.0762932,2.87328
0.012,0.784899,-0.0832268,2.87328
0.013,0.784812,-0.0901597,2.87328
0.014,0.784718,-0.097092,2.87328
0.015,0.784618,-0.104024,2.87328
0.016,0.78451,-0.110955,2.87328
0.017,0.784396,-0.117885,2.87328
0.018,0.784275,-0.124814,2.87328
0.019,0.784146,-0.131743,2.87328
0.02,0.784011,-0.13867,2.87328
0.021,0.783869,-0.145597,2.87328
0.022,0.78372,-0.152522,2.87328
0.023,0.783564,-0.159447,2.87328
0.024,0.783401,-0.16637,2.87328
0.025,0.783231,-0.173293,2.87328
0.026,0.783054,-0.180214,2.87328
0.027,0.782871,-0.187133,2.87328
0.028,0.78268,-0.194052,2.87328
0.029,0.782483,-0.200969,2.87328
0.03,0.782278,-0.207885,2.87328
0.031,0.782067,-0.214799,2.87328
0.032,0.781849,-0.221712,2.87328
0.033,0.781623,-0.228623,2.87328
0.034,0.781391,-0.235533,2.87328
0.035,0.781152,-0.242441,2.87328
0.036,0.780907,-0.249347,2.87328
0.037,0.780654,-0.256252,2.87328
0.038,0.780394,-0.263155,2.87328
0.039,0.780127,-0.270056,2.87328
0.04,0.779854,-0.276955,2.87328
0.041,0.779574,-0.283852,2.87328
0.042,0.779286,-0.290747,2.87328
0.043,0.778992,-0.29764,2.87328
0.044,0.778691,-0.304532,2.87328
0.045,0.778383,-0.31142,2.87328
0.046,0.778068,-0.318307,2.87328
0.047,0.777746,-0.325192,2.87328
0.048,0.777418,-0.332074,2.87328
0.049,0.777082,-0.338954,2.87328
0.05,0.77674,-0.345832,2.87328
0.051,0.776391,-0.352707,2.87328
0.052,0.776034,-0.35958,2.87328
0.053,0.775671,-0.36645,2.87328
0.054,0.775302,-0.373317,2.87328
0.055,0.774925,-0.380182,2.87328
0.056,0.774541,-0.387045,2.87328
0.057,0.774151,-0.393904,2.87328
0.058,0.773753,-0.400761,2.87328
0.059,0.773349,-0.407615,2.87328
0.06,0.772938,-0.414467,2.87328
0.061,0.77252,-0.421315,2.87328
0.062,0.772095,-0.42816,2.87328
0.063,0.771664,-0.435002,2.87328
0.064,0.771225,-0.441842,2.87328
0.065,0.77078,-0.448678,2.87328
0.066,0.770328,-0.455511,2.87328
0.067,0.769869,-0.462341,2.87328
0.068,0.769403,-0.469167,2.87328
0.069,0.768931,-0.47599,2.87328
0.07,0.768451,-0.48281,2.87328
0.071,0.767965,-0.489627,2.87328
0.072,0.767472,-0.49644,2.87328
0.073,0.766972,-0.503249,2.87328
0.074,0.766466,-0.510055,2.87328
0.075,0.765952,-0.516858,2.87328
0.076,0.765432,-0.523656,2.87328
0.077,0.764905,-0.530451,2.87328
0.078,0.764371,-0.537242,2.87328
0.079,0.76383,-0.54403,2.87328
0.08,0.763283,-0.550813,2.87328
0.081,0.762729,-0.557593,2.87328
0.082,0.762168,-0.564369,2.87328
0.083,0.7616,-0.57114,2.87328
0.084,0.761026,-0.577908,2.87328
0.085,0.760444,-0.584672,2.87328
0.086,0.759856,-0.591431,2.87328
0.087,0.759261,-0.598186,2.87328
0.088,0.75866,-0.604937,2.87328
0.089,0.758052,-0.611684,2.87328
0.09,0.757436,-0.618426,2.87328
0.091,0.756815,-0.625164,2.87328
0.092,0.756186,-0.631897,2.87328
0.093,0.755551,-0.638626,2.87328
0.094,0.754909,-0.645351,2.87328
0.095,0.75426,-0.65207,2.87328
0.096,0.753605,-0.658785,2.87328
0.097,0.752943,-0.665496,2.87328
0.098,0.752274,-0.672201,2.87328
0.099,0.751598,-0.678902,2.87328
0.1,0.750916,-0.685598,2.87328
0.101,0.750227,-0.692289,2.87328
0.102,0.749531,-0.698975,2.87328
0.103,0.748829,-0.705656,2.87328
0.104,0.74812,-0.712332,2.87328
0.105,0.747404,-0.719003,2.87328
0.106,0.746682,-0.725668,2.87328
0.107,0.745953,-0.732329,2.87328
0.108,0.745217,-0.738984,2.87328
0.109,0.744475,-0.745634,2.87328
0.11,0.743726,-0.752278,2.87328
0.111,0.742971,-0.758917,2.87328
0.112,0.742208,-0.76555,2.87328
0.113,0.741439,-0.772178,2.87328
0.114,0.740664,-0.778801,2.87328
0.115,0.739882,-0.785418,2.87328
0.116,0.739093,-0.792029,2.87328
0.117,0.738298,-0.798634,2.87328
0.118,0.737496,-0.805233,2.87328
0.119,0.736687,-0.811827,2.87328
0.12,0.735872,-0.818415,2.87328
0.121,0.735051,-0.824997,2.87328
0.122,0.734222,-0.831573,2.87328
0.123,0.733387,-0.838142,2.87328
0.124,0.732546,-0.844706,2.87328
0.125,0.731698,-0.851263,2.87328
0.126,0.730843,-0.857815,2.87328
0.127,0.729982,-0.86436,2.87328
0.128,0.729115,-0.870898,2.87328
0.129,0.728241,-0.877431,2.87328
0.13,0.72736,-0.883957,2.87328
0.131,0.726473,-0.890476,2.87328
0.132,0.725579,-0.896989,2.87328
0.133,0.724679,-0.903495,2.87328
0.134,0.723772,-0.909995,2.87328
0.135,0.722859,-0.916488,2.87328
0.136,0.721939,-0.922974,2.87328
0.137,0.721013,-0.929454,2.87328
0.138,0.72008,-0.935926,2.87328
0.139,0.719141,-0.942392,2.87328
0.14,0.718195,-0.948851,2.87328
0.141,0.717243,-0.955302,2.87328
0.142,0.716285,-0.961747,2.87328
0.143,0.71532,-0.968185,2.87328
0.144,0.714348,-0.974615,2.87328
0.145,0.71337,-0.981038,2.87328
0.146,0.712386,-0.987454,2.87328
0.147,0.711396,-0.993863,2.87328
0.148,0.710398,-1.00026,2.87328
0.149,0.709395,-1.00666,2.87328
0.15,0.708385,-1.01304,2.87328
0.151,0.707369,-1.01942,2.87328
0.152,0.706346,-1.02579,2.87328
0.153,0.705317,-1.03216,2.87328
0.154,0.704282,-1.03851,2.87328
0.155,0.70324,-1.04486,2.87328
0.156,0.702192,-1.0512,2.87328
0.157,0.701138,-1.05753,2.87328
0.158,0.700077,-1.06386,2.87328
0.159,0.69901,-1.07017,2.87328
0.16,0.697937,-1.07648,2.87328
0.161,0.696857,-1.08278,2.87328
0.162,0.695771,-1.08907,2.87328
0.163,0.694679,-1.09536,2.87328
0.164,0.693581,-1.10163,2.87328
0.165,0.692476,-1.1079,2.87328
0.166,0.691365,-1.11416,2.87328
0.167,0.690248,-1.12041,2.87328
0.168,0.689124,-1.12665,2.87328
0.169,0.687994,-1.13289,2.87328
0.17,0.686858,-1.13911,2.87328
0.171,0.685716,-1.14533,2.87328
0.172,0.684568,-1.15154,2.87328
0.173,0.683413,-1.15773,2.87328
0.174,0.682252,-1.16392,2.87328
0.175,0.681085,-1.17011,2.87328
0.176,0.679912,-1.17628,2.87328
0.177,0.678733,-1.18244,2.87328
0.178,0.677547,-1.18859,2.87328
0.179,0.676355,-1.19474,2.87328
0.18,0.675158,-1.20088,2.87328
0.181,0.673954,-1.207,2.87328
0.182,0.672744,-1.21312,2.87328
0.183,0.671527,-1.21923,2.87328
0.184,0.670305,-1.22533,2.87328
0.185,0.669077,-1.23142,2.87328
0.186,0.667842,-1.2375,2.87328
0.187,0.666602,-1.24357,2.87328
0.188,0.665355,-1.24963,2.87328
0.189,0.664102,-1.25568,2.87328
0.19,0.662844,-1.26172,2.87328
0.191,0.661579,-1.26775,2.87328
0.192,0.660308,-1.27378,2.87328
0.193,0.659031,-1.27979,2.87328
0.194,0.657749,-1.28579,2.87328
0.195,0.65646,-1.29178,2.87328
0.196,0.655165,-1.29776,2.87328
0.197,0.653864,-1.30374,2.87328
0.198,0.652558,-1.3097,2.87328
0.199,0.651245,-1.31565,2.87328
0.2,0.649926,-1.32159,2.87328
0.201,0.648602,-1.32752,2.87328
0.202,0.647271,-1.33344,2.87328
0.203,0.645935,-1.33935,2.87328
0.204,0.644593,-1.34525,2.87328
0.205,0.643244,-1.35114,2.87328
0.206,0.64189,-1.35702,2.87328
0.207,0.64053,-1.36289,2.87328
0.208,0.639165,-1.36875,2.87328
0.209,0.637793,-1.37459,2.87328
0.21,0.636415,-1.38043,2.87328
0.211,0.635032,-1.38625,2.87328
0.212,0.633643,-1.39207,2.87328
0.213,0.632248,-1.39787,2.87328
0.214,0.630847,-1.40366,2.87328
0.215,0.629441,-1.40944,2.87328
0.216,0.628028,-1.41521,2.87328
0.217,0.62661,-1.42097,2.87328
0.218,0.625186,-1.42672,2.87328
0.219,0.623757,-1.43245,2.87328
0.22,0.622321,-1.43818,2.87328
0.221,0.62088,-1.44389,2.87328
0.222,0.619434,-1.44959,2.87328
0.223,0.617981,-1.45528,2.87328
0.224,0.616523,-1.46096,2.87328
0.225,0.615059,-1.46662,2.87328
0.226,0.61359,-1.47228,2.87328
0.227,0.612115,-1.47792,2.87328
0.228,0.610634,-1.48355,2.87328
0.229,0.609148,-1.48917,2.87328
0.23,0.607656,-1.49478,2.87328
0.231,0.606158,-1.50037,2.87328
0.232,0.604655,-1.50596,2.87328
0.233,0.603146,-1.51153,2.87328
0.234,0.601632,-1.51709,2.87328
0.235,0.600112,-1.52263,2.87328
0.236,0.598587,-1.52817,2.87328
0.237,0.597056,-1.53369,2.87328
0.238,0.595519,-1.5392,2.87328
0.239,0.593977,-1.54469,2.87328
0.24,0.59243,-1.55018,2.87328
0.241,0.590877,-1.55565,2.87328
0.242,0.589319,-1.56111,2.87328
0.243,0.587755,-1.56655,2.87328
0.244,0.586185,-1.57199,2.87328
0.245,0.584611,-1.57741,2.87328
0.246,0.583031,-1.58281,2.87328
0.247,0.581445,-1.58821,2.87328
0.248,0.579854,-1.59359,2.87328
0.249,0.578258,-1.59896,2.87328
0.25,0.576656,-1.60431,2.87328
0.251,0.575049,-1.60966,2.87328
0.252,0.573437,-1.61498,2.87328
0.253,0.571819,-1.6203,2.87328
0.254,0.570196,-1.6256,2.87328
0.255,0.568568,-1.63089,2.87328
0.256,0.566935,-1.63617,2.87328
0.257,0.565296,-1.64143,2.87328
0.258,0.563652,-1.64668,2.87328
0.259,0.562003,-1.65191,2.87328
0.26,0.560348,-1.65713,2.87328
0.261,0.558688,-1.66234,2.87328
0.262,0.557023,-1.66753,2.87328
0.263,0.555353,-1.67271,2.87328
0.264,0.553678,-1.67788,2.87328
0.265,0.551997,-1.68303,2.87328
0.266,0.550312,-1.68816,2.87328
0.267,0.548621,-1.69329,2.87328
0.268,0.546925,-1.6984,2.87328
0.269,0.545224,-1.70349,2.87328
0.27,0.543518,-1.70857,2.87328
0.271,0.541807,-1.71364,2.87328
0.272,0.540091,-1.71869,2.87328
0.273,0.53837,-1.72373,2.87328
0.274,0.536644,-1.72875,2.87328
0.275,0.534912,-1.73376,2.87328
0.276,0.533176,-1.73875,2.87328
0.277,0.531435,-1.74373,2.87328
0.278,0.529689,-1.74869,2.87328
0.279,0.527937,-1.75364,2.87328
0.28,0.526181,-1.75858,2.87328
0.281,0.52442,-1.7635,2.87328
0.282,0.522654,-1.7684,2.87328
0.283,0.520884,-1.77329,2.87328
0.284,0.519108,-1.77816,2.87328
0.285,0.517327,-1.78302,2.87328
0.286,0.515542,-1.78787,2.87328
0.287,0.513751,-1.7927,2.87328
0.288,0.511956,-1.79751,2.87328
0.289,0.510156,-1.80231,2.87328
0.29,0.508352,-1.80709,2.87328
0.291,0.506542,-1.81186,2.87328
0.292,0.504728,-1.81661,2.87328
0.293,0.502909,-1.82135,2.87328
0.294,0.501085,-1.82607,2.87328
0.295,0.499257,-1.83077,2.87328
0.296,0.497424,-1.83546,2.87328
0.297,0.495586,-1.84013,2.87328
0.298,0.493744,-1.84479,2.87328
0.299,0.491896,-1.84943,2.87328
0.3,0.490045,-1.85406,2.87328
0.301,0.488188,-1.85866,2.87328
0.302,0.486327,-1.86326,2.87328
0.303,0.484462,-1.86783,2.87328
0.304,0.482592,-1.8724,2.87328
0.305,0.480717,-1.87694,2.87328
0.306,0.478838,-1.88147,2.87328
0.307,0.476954,-1.88598,2.87328
0.308,0.475066,-1.89048,2.87328
0.309,0.473173,-1.89495,2.87328
0.31,0.471276,-1.89942,2.87328
0.311,0.469374,-1.90386,2.87328
0.312,0.467468,-1.90829,2.87328
0.313,0.465558,-1.9127,2.87328
0.314,0.463643,-1.9171,2.87328
0.315,0.461724,-1.92148,2.87328
0.316,0.4598,-1.92584,2.87328
0.317,0.457872,-1.93018,2.87328
0.318,0.45594,-1.93451,2.87328
0.319,0.454003,-1.93882,2.87328
0.32,0.452062,-1.94312,2.87328
0.321,0.450117,-1.94739,2.87328
0.322,0.448167,-1.95165,2.87328
0.323,0.446213,-1.9559,2.87328
0.324,0.444255,-1.96012,2.87328
0.325,0.442293,-1.96433,2.87328
0.326,0.440327,-1.96852,2.87328
0.327,0.438356,-1.97269,2.87328
0.328,0.436381,-1.97685,2.87328
0.329,0.434402,-1.98098,2.87328
0.33,0.432419,-1.9851,2.87328
0.331,0.430432,-1.9892,2.87328
0.332,0.428441,-1.99329,2.87328
0.333,0.426446,-1.99736,2.87328
0.334,0.424446,-2.0014,2.87328
0.335,0.422443,-2.00544,2.87328
0.336,0.420435,-2.00945,2.87328
0.337,0.418424,-2.01344,2.87328
0.338,0.416409,-2.01742,2.87328
0.339,0.414389,-2.02138,2.87328
0.34,0.412366,-2.02532,2.87328
0.341,0.410338,-2.02924,2.87328
0.342,0.408307,-2.03315,2.87328
0.343,0.406272,-2.03703,2.87328
0.344,0.404233,-2.0409,2.87328
0.345,0.40219,-2.04475,2.87328
0.346,0.400144,-2.04858,2.87328
0.347,0.398093,-2.05239,2.87328
0.348,0.396039,-2.05619,2.87328
0.349,0.393981,-2.05996,2.87328
0.35,0.391919,-2.06372,2.87328
0.351,0.389853,-2.06746,2.87328
0.352,0.387784,-2.07117,2.87328
0.353,0.385711,-2.07487,2.87328
0.354,0.383634,-2.07856,2.87328
0.355,0.381554,-2.08222,2.87328
0.356,0.37947,-2.08586,2.87328
0.357,0.377382,-2.08949,2.87328
0.358,0.375291,-2.09309,2.87328
0.359,0.373196,-2.09668,2.87328
0.36,0.371098,-2.10024,2.87328
0.361,0.368996,-2.10379,2.87328
0.362,0.36689,-2.10732,2.87328
0.363,0.364781,-2.11083,2.87328
0.364,0.362668,-2.11432,2.87328
0.365,0.360552,-2.11779,2.87328
0.366,0.358433,-2.12124,2.87328
0.367,0.35631,-2.12467,2.87328
0.368,0.354183,-2.12809,2.87328
0.369,0.352054,-2.13148,2.87328
0.37,0.349921,-2.13485,2.87328
0.371,0.347784,-2.13821,2.87328
0.372,0.345644,-2.14154,2.87328
0.373,0.343501,-2.14485,2.87328
0.374,0.341354,-2.14815,2.87328
0.375,0.339205,-2.15142,2.87328
0.376,0.337052,-2.15467,2.87328
0.377,0.334895,-2.15791,2.87328
0.378,0.332736,-2.16112,2.87328
0.379,0.330573,-2.16432,2.87328
0.38,0.328407,-2.16749,2.87328
0.381,0.326238,-2.17065,2.87328
0.382,0.324066,-2.17378,2.87328
0.383,0.321891,-2.17689,2.87328
0.384,0.319712,-2.17999,2.87328
0.385,0.317531,-2.18306,2.87328
0.386,0.315346,-2.18611,2.87328
0.387,0.313158,-2.18914,2.87328
0.388,0.310968,-2.19216,2.87328
0.389,0.308774,-2.19515,2.87328
0.39,0.306577,-2.19812,2.87328
0.391,0.304378,-2.20107,2.87328
0.392,0.302175,-2.204,2.87328
0.393,0.29997,-2.20691,2.87328
0.394,0.297761,-2.2098,2.87328
0.395,0.29555,-2.21266,2.87328
0.396,0.293336,-2.21551,2.87328
0.397,0.291119,-2.21834,2.87328
0.398,0.288899,-2.22114,2.87328
0.399,0.286677,-2.22393,2.87328
0.4,0.284452,-2.22669,2.87328
0.401,0.282224,-2.22943,2.87328
0.402,0.279993,-2.23215,2.87328
0.403,0.277759,-2.23485,2.87328
0.404,0.275523,-2.23753,2.87328
0.405,0.273284,-2.24019,2.87328
0.406,0.271043,-2.24283,2.87328
0.407,0.268799,-2.24545,2.87328
0.408,0.266552,-2.24804,2.87328
0.409,0.264302,-2.25061,2.87328
0.41,0.262051,-2.25317,2.87328
0.411,0.259796,-2.2557,2.87328
0.412,0.257539,-2.25821,2.87328
0.413,0.25528,-2.26069,2.87328
0.414,0.253018,-2.26316,2.87328
0.415,0.250753,-2.2656,2.87328
0.416,0.248487,-2.26803,2.87328
0.417,0.246217,-2.27043,2.87328
0.418,0.243946,-2.27281,2.87328
0.419,0.241672,-2.27517,2.87328
0.42,0.239395,-2.27751,2.87328
0.421,0.237117,-2.27982,2.87328
0.422,0.234836,-2.28211,2.87328
0.423,0.232553,-2.28439,2.87328
0.424,0.230267,-2.28664,2.87328
0.425,0.227979,-2.28886,2.87328
0.426,0.225689,-2.29107,2.87328
0.427,0.223397,-2.29325,2.87328
0.428,0.221103,-2.29542,2.87328
0.429,0.218806,-2.29756,2.87328
0.43,0.216508,-2.29968,2.87328
0.431,0.214207,-2.30177,2.87328
0.432,0.211904,-2.30385,2.87328
0.433,0.209599,-2.3059,2.87328
0.434,0.207292,-2.30793,2.87328
0.435,0.204983,-2.30994,2.87328
0.436,0.202673,-2.31192,2.87328
0.437,0.20036,-2.31389,2.87328
0.438,0.198045,-2.31583,2.87328
0.439,0.195728,-2.31775,2.87328
0.44,0.193409,-2.31964,2.87328
0.441,0.191089,-2.32152,2.87328
0.442,0.188766,-2.32337,2.87328
0.443,0.186442,-2.3252,2.87328
0.444,0.184116,-2.32701,2.87328
0.445,0.181788,-2.32879,2.87328
0.446,0.179458,-2.33055,2.87328
0.447,0.177127,-2.33229,2.87328
0.448,0.174794,-2.33401,2.87328
0.449,0.172459,-2.33571,2.87328
0.45,0.170122,-2.33738,2.87328
0.451,0.167784,-2.33903,2.87328
0.452,0.165444,-2.34065,2.87328
0.453,0.163103,-2.34226,2.87328
0.454,0.16076,-2.34384,2.87328
0.455,0.158415,-2.3454,2.87328
0.456,0.156069,-2.34693,2.87328
0.457,0.153721,-2.34845,2.87328
0.458,0.151372,-2.34994,2.87328
0.459,0.149021,-2.35141,2.87328
0.46,0.146669,-2.35285,2.87328
0.461,0.144316,-2.35427,2.87328
0.462,0.141961,-2.35567,2.87328
0.463,0.139604,-2.35705,2.87328
0.464,0.137247,-2.3584,2.87328
0.465,0.134888,-2.35973,2.87328
0.466,0.132527,-2.36104,2.87328
0.467,0.130165,-2.36233,2.87328
0.468,0.127803,-2.36359,2.87328
0.469,0.125438,-2.36483,2.87328
0.47,0.123073,-2.36604,2.87328
0.471,0.120706,-2.36724,2.87328
0.472,0.118338,-2.36841,2.87328
0.473,0.115969,-2.36955,2.87328
0.474,0.113599,-2.37068,2.87328
0.475,0.111228,-2.37178,2.87328
0.476,0.108856,-2.37285,2.87328
0.477,0.106482,-2.37391,2.87328
0.478,0.104108,-2.37494,2.87328
0.479,0.101733,-2.37595,2.87328
0.48,0.0993561,-2.37693,2.87328
0.481,0.0969787,-2.37789,2.87328
0.482,0.0946003,-2.37883,2.87328
0.483,0.092221,-2.37975,2.87328
0.484,0.0898408,-2.38064,2.87328
0.485,0.0874597,-2.38151,2.87328
0.486,0.0850778,-2.38235,2.87328
0.487,0.082695,-2.38317,2.87328
0.488,0.0803115,-2.38397,2.87328
0.489,0.0779271,-2.38475,2.87328
0.49,0.075542,-2.3855,2.87328
0.491,0.0731561,-2.38623,2.87328
0.492,0.0707695,-2.38693,2.87328
0.493,0.0683822,-2.38762,2.87328
0.494,0.0659943,-2.38827,2.87328
0.495,0.0636057,-2.38891,2.87328
0.496,0.0612165,-2.38952,2.87328
0.497,0.0588267,-2.39011,2.87328
0.498,0.0564363,-2.39068,2.87328
0.499,0.0540453,-2.39122,2.87328
0.5,0.0516538,-2.39174,2.87328
0.501,0.0492619,-2.39223,2.87328
0.502,0.0468694,-2.3927,2.87328
0.503,0.0444765,-2.39315,2.87328
0.504,0.0420831,-2.39357,2.87328
0.505,0.0396893,-2.39397,2.87328
0.506,0.0372952,-2.39435,2.87328
0.507,0.0349006,-2.39471,2.87328
0.508,0.0325058,-2.39504,2.87328
0.509,0.0301106,-2.39534,2.87328
0.51,0.0277151,-2.39563,2.87328
0.511,0.0253193,-2.39589,2.87328
0.512,0.0229233,-2.39612,2.87328
0.513,0.0205271,-2.39634,2.87328
0.514,0.0181306,-2.39653,2.87328
0.515,0.015734,-2.39669,2.87328
0.516,0.0133373,-2.39684,2.87328
0.517,0.0109404,-2.39695,2.87328
0.518,0.00854336,-2.39705,2.87328
0.519,0.00614628,-2.39712,2.87328
0.52,0.00374913,-2.39717,2.87328
0.521,0.00135194,-2.3972,2.87328
0.522,-0.00104525,-2.3972,2.87328
0.523,-0.00344244,-2.39718,2.87328
0.524,-0.0058396,-2.39713,2.87328
0.525,-0.00823669,-2.39706,2.87328
0.526,-0.0106337,-2.39697,2.87328
0.527,-0.0130306,-2.39685,2.87328
0.528,-0.0154274,-2.39671,2.87328
0.529,-0.017824,-2.39655,2.87328
0.53,-0.0202205,-2.39636,2.87328
0.531,-0.0226168,-2.39615,2.87328
0.532,-0.0250128,-2.39592,2.87328
0.533,-0.0274086,-2.39566,2.87328
0.534,-0.0298041,-2.39538,2.87328
0.535,-0.0321993,-2.39508,2.87328
0.536,-0.0345943,-2.39475,2.87328
0.537,-0.0369888,-2.3944,2.87328
0.538,-0.039383,-2.39402,2.87328
0.539,-0.0417769,-2.39363,2.87328
0.54,-0.0441703,-2.3932,2.87328
0.541,-0.0465633,-2.39276,2.87328
0.542,-0.0489558,-2.39229,2.87328
0.543,-0.0513479,-2.3918,2.87328
0.544,-0.0537394,-2.39128,2.87328
0.545,-0.0561304,-2.39075,2.87328
0.546,-0.0585209,-2.39018,2.87328
0.547,-0.0609108,-2.3896,2.87328
0.548,-0.0633001,-2.38899,2.87328
0.549,-0.0656887,-2.38836,2.87328
0.55,-0.0680768,-2.3877,2.87328
0.551,-0.0704641,-2.38702,2.87328
0.552,-0.0728508,-2.38632,2.87328
0.553,-0.0752368,-2.38559,2.87328
0.554,-0.077622,-2.38485,2.87328
0.555,-0.0800065,-2.38407,2.87328
0.556,-0.0823901,-2.38328,2.87328
0.557,-0.084773,-2.38246,2.87328
0.558,-0.087155,-2.38162,2.87328
0.559,-0.0895362,-2.38075,2.87328
0.56,-0.0919165,-2.37986,2.87328
0.561,-0.0942959,-2.37895,2.87328
0.562,-0.0966744,-2.37801,2.87328
0.563,-0.099052,-2.37706,2.87328
0.564,-0.101429,-2.37607,2.87328
0.565,-0.103804,-2.37507,2.87328
0.566,-0.106179,-2.37404,2.87328
0.567,-0.108552,-2.37299,2.87328
0.568,-0.110925,-2.37192,2.87328
0.569,-0.113296,-2.37082,2.87328
0.57,-0.115666,-2.3697,2.87328
0.571,-0.118035,-2.36855,2.87328
0.572,-0.120403,-2.36739,2.87328
0.573,-0.12277,-2.3662,2.87328
0.574,-0.125136,-2.36498,2.87328
0.575,-0.1275,-2.36375,2.87328
0.576,-0.129863,-2.36249,2.87328
0.577,-0.132225,-2.36121,2.87328
0.578,-0.134586,-2.3599,2.87328
0.579,-0.136945,-2.35858,2.87328
0.58,-0.139303,-2.35722,2.87328
0.581,-0.141659,-2.35585,2.87328
0.582,-0.144014,-2.35445,2.87328
0.583,-0.146368,-2.35304,2.87328
0.584,-0.148721,-2.35159,2.87328
0.585,-0.151071,-2.35013,2.87328
0.586,-0.153421,-2.34864,2.87328
0.587,-0.155769,-2.34713,2.87328
0.588,-0.158115,-2.3456,2.87328
0.589,-0.16046,-2.34404,2.87328
0.59,-0.162803,-2.34246,2.87328
0.591,-0.165145,-2.34086,2.87328
0.592,-0.167485,-2.33924,2.87328
0.593,-0.169823,-2.33759,2.87328
0.594,-0.17216,-2.33592,2.87328
0.595,-0.174495,-2.33423,2.87328
0.596,-0.176828,-2.33251,2.87328
0.597,-0.17916,-2.33078,2.87328
0.598,-0.18149,-2.32902,2.87328
0.599,-0.183818,-2.32724,2.87328
0.6,-0.186144,-2.32543,2.87328
0.601,-0.188469,-2.3236,2.87328
0.602,-0.190792,-2.32176,2.87328
0.603,-0.193112,-2.31988,2.87328
0.604,-0.195431,-2.31799,2.87328
0.605,-0.197748,-2.31607,2.87328
0.606,-0.200064,-2.31414,2.87328
0.607,-0.202377,-2.31217,2.87328
0.608,-0.204688,-2.31019,2.87328
0.609,-0.206997,-2.30819,2.87328
0.61,-0.209304,-2.30616,2.87328
0.611,-0.211609,-2.30411,2.87328
0.612,-0.213912,-2.30204,2.87328
0.613,-0.216213,-2.29995,2.87328
0.614,-0.218512,-2.29783,2.87328
0.615,-0.220809,-2.29569,2.87328
0.616,-0.223104,-2.29353,2.87328
0.617,-0.225396,-2.29135,2.87328
0.618,-0.227686,-2.28915,2.87328
0.619,-0.229974,-2.28692,2.87328
0.62,-0.23226,-2.28468,2.87328
0.621,-0.234544,-2.28241,2.87328
0.622,-0.236825,-2.28012,2.87328
0.623,-0.239104,-2.2778,2.87328
0.624,-0.241381,-2.27547,2.87328
0.625,-0.243655,-2.27311,2.87328
0.626,-0.245927,-2.27074,2.87328
0.627,-0.248196,-2.26834,2.87328
0.628,-0.250464,-2.26592,2.87328
0.629,-0.252728,-2.26347,2.87328
0.63,-0.254991,-2.26101,2.87328
0.631,-0.25725,-2.25852,2.87328
0.632,-0.259508,-2.25602,2.87328
0.633,-0.261762,-2.25349,2.87328
0.634,-0.264015,-2.25094,2.87328
0.635,-0.266264,-2.24837,2.87328
0.636,-0.268511,-2.24578,2.87328
0.637,-0.270756,-2.24317,2.87328
0.638,-0.272998,-2.24053,2.87328
0.639,-0.275237,-2.23788,2.87328
0.64,-0.277473,-2.2352,2.87328
0.641,-0.279707,-2.2325,2.87328
0.642,-0.281938,-2.22978,2.87328
0.643,-0.284167,-2.22704,2.87328
0.644,-0.286392,-2.22428,2.87328
0.645,-0.288615,-2.2215,2.87328
0.646,-0.290835,-2.2187,2.87328
0.647,-0.293053,-2.21587,2.87328
0.648,-0.295267,-2.21303,2.87328
0.649,-0.297479,-2.21016,2.87328
0.65,-0.299687,-2.20728,2.87328
0.651,-0.301893,-2.20437,2.87328
0.652,-0.304096,-2.20144,2.87328
0.653,-0.306296,-2.1985,2.87328
0.654,-0.308493,-2.19553,2.87328
0.655,-0.310687,-2.19254,2.87328
0.656,-0.312878,-2.18953,2.87328
0.657,-0.315066,-2.1865,2.87328
0.658,-0.317251,-2.18345,2.87328
0.659,-0.319433,-2.18038,2.87328
0.66,-0.321612,-2.17729,2.87328
0.661,-0.323788,-2.17418,2.87328
0.662,-0.32596,-2.17105,2.87328
0.663,-0.32813,-2.1679,2.87328
0.664,-0.330296,-2.16472,2.87328
0.665,-0.332459,-2.16153,2.87328
0.666,-0.334619,-2.15832,2.87328
0.667,-0.336776,-2.15509,2.87328
0.668,-0.338929,-2.15184,2.87328
0.669,-0.34108,-2.14857,2.87328
0.67,-0.343226,-2.14527,2.87328
0.671,-0.34537,-2.14196,2.87328
0.672,-0.34751,-2.13863,2.87328
0.673,-0.349647,-2.13528,2.87328
0.674,-0.351781,-2.13191,2.87328
0.675,-0.353911,-2.12852,2.87328
0.676,-0.356038,-2.12511,2.87328
0.677,-0.358161,-2.12168,2.87328
0.678,-0.360281,-2.11823,2.87328
0.679,-0.362398,-2.11477,2.87328
0.68,-0.364511,-2.11128,2.87328
0.681,-0.36662,-2.10777,2.87328
0.682,-0.368726,-2.10425,2.87328
0.683,-0.370829,-2.1007,2.87328
0.684,-0.372928,-2.09714,2.87328
0.685,-0.375023,-2.09355,2.87328
0.686,-0.377115,-2.08995,2.87328
0.687,-0.379203,-2.08633,2.87328
0.688,-0.381288,-2.08269,2.87328
0.689,-0.383368,-2.07903,2.87328
0.69,-0.385446,-2.07535,2.87328
0.691,-0.387519,-2.07165,2.87328
0.692,-0.389589,-2.06793,2.87328
0.693,-0.391655,-2.0642,2.87328
0.694,-0.393717,-2.06044,2.87328
0.695,-0.395776,-2.05667,2.87328
0.696,-0.397831,-2.05288,2.87328
0.697,-0.399882,-2.04907,2.87328
0.698,-0.401929,-2.04524,2.87328
0.699,-0.403972,-2.04139,2.87328
0.7,-0.406012,-2.03753,2.87328
0.701,-0.408047,-2.03365,2.87328
0.702,-0.410079,-2.02974,2.87328
0.703,-0.412107,-2.02582,2.87328
0.704,-0.41413,-2.02188,2.87328
0.705,-0.41615,-2.01793,2.87328
0.706,-0.418166,-2.01395,2.87328
0.707,-0.420178,-2.00996,2.87328
0.708,-0.422186,-2.00595,2.87328
0.709,-0.42419,-2.00192,2.87328
0.71,-0.42619,-1.99788,2.87328
0.711,-0.428186,-1.99381,2.87328
0.712,-0.430178,-1.98973,2.87328
0.713,-0.432165,-1.98563,2.87328
0.714,-0.434149,-1.98151,2.87328
0.715,-0.436128,-1.97738,2.87328
0.716,-0.438104,-1.97322,2.87328
0.717,-0.440075,-1.96905,2.87328
0.718,-0.442042,-1.96486,2.87328
0.719,-0.444005,-1.96066,2.87328
0.72,-0.445963,-1.95644,2.87328
0.721,-0.447917,-1.9522,2.87328
0.722,-0.449867,-1.94794,2.87328
0.723,-0.451813,-1.94366,2.87328
0.724,-0.453755,-1.93937,2.87328
0.725,-0.455692,-1.93506,2.87328
0.726,-0.457625,-1.93074,2.87328
0.727,-0.459553,-1.9264,2.87328
0.728,-0.461478,-1.92204,2.87328
0.729,-0.463398,-1.91766,2.87328
0.73,-0.465313,-1.91327,2.87328
0.731,-0.467224,-1.90886,2.87328
0.732,-0.469131,-1.90443,2.87328
0.733,-0.471033,-1.89999,2.87328
0.734,-0.472931,-1.89553,2.87328
0.735,-0.474824,-1.89105,2.87328
0.736,-0.476713,-1.88656,2.87328
0.737,-0.478597,-1.88205,2.87328
0.738,-0.480477,-1.87752,2.87328
0.739,-0.482352,-1.87298,2.87328
0.74,-0.484223,-1.86842,2.87328
0.741,-0.486089,-1.86384,2.87328
0.742,-0.487951,-1.85925,2.87328
0.743,-0.489807,-1.85465,2.87328
0.744,-0.49166,-1.85002,2.87328
0.745,-0.493508,-1.84538,2.87328
0.746,-0.495351,-1.84073,2.87328
0.747,-0.497189,-1.83606,2.87328
0.748,-0.499023,-1.83137,2.87328
0.749,-0.500852,-1.82667,2.87328
0.75,-0.502676,-1.82195,2.87328
0.751,-0.504496,-1.81722,2.87328
0.752,-0.50631,-1.81247,2.87328
0.753,-0.508121,-1.8077,2.87328
0.754,-0.509926,-1.80292,2.87328
0.755,-0.511726,-1.79812,2.87328
0.756,-0.513522,-1.79331,2.87328
0.757,-0.515313,-1.78849,2.87328
0.758,-0.517099,-1.78364,2.87328
0.759,-0.51888,-1.77879,2.87328
0.76,-0.520657,-1.77391,2.87328
0.761,-0.522428,-1.76903,2.87328
0.762,-0.524195,-1.76412,2.87328
0.763,-0.525956,-1.75921,2.87328
0.764,-0.527713,-1.75427,2.87328
0.765,-0.529465,-1.74933,2.87328
0.766,-0.531212,-1.74436,2.87328
0.767,-0.532954,-1.73939,2.87328
0.768,-0.53469,-1.7344,2.87328
0.769,-0.536422,-1.72939,2.87328
0.77,-0.538149,-1.72437,2.87328
0.771,-0.539871,-1.71933,2.87328
0.772,-0.541588,-1.71428,2.87328
0.773,-0.5433,-1.70922,2.87328
0.774,-0.545006,-1.70414,2.87328
0.775,-0.546708,-1.69905,2.87328
0.776,-0.548404,-1.69394,2.87328
0.777,-0.550096,-1.68882,2.87328
0.778,-0.551782,-1.68368,2.87328
0.779,-0.553463,-1.67854,2.87328
0.78,-0.555139,-1.67337,2.87328
0.781,-0.55681,-1.66819,2.87328
0.782,-0.558476,-1.663,2.87328
0.783,-0.560136,-1.6578,2.87328
0.784,-0.561791,-1.65258,2.87328
0.785,-0.563441,-1.64735,2.87328
0.786,-0.565086,-1.6421,2.87328
0.787,-0.566725,-1.63684,2.87328
0.788,-0.568359,-1.63157,2.87328
0.789,-0.569988,-1.62628,2.87328
0.79,-0.571612,-1.62098,2.87328
0.791,-0.57323,-1.61567,2.87328
0.792,-0.574843,-1.61034,2.87328
0.793,-0.576451,-1.605,2.87328
0.794,-0.578053,-1.59964,2.87328
0.795,-0.57965,-1.59428,2.87328
0.796,-0.581242,-1.5889,2.87328
0.797,-0.582828,-1.5835,2.87328
0.798,-0.584409,-1.5781,2.87328
0.799,-0.585984,-1.57268,2.87328
0.8,-0.587554,-1.56725,2.87328
0.801,-0.589119,-1.5618,2.87328
0.802,-0.590678,-1.55635,2.87328
0.803,-0.592231,-1.55088,2.87328
0.804,-0.59378,-1.5454,2.87328
0.805,-0.595322,-1.5399,2.87328
0.806,-0.596859,-1.53439,2.87328
0.807,-0.598391,-1.52887,2.87328
0.808,-0.599917,-1.52334,2.87328
0.809,-0.601438,-1.5178,2.87328
0.81,-0.602953,-1.51224,2.87328
0.811,-0.604462,-1.50667,2.87328
0.812,-0.605966,-1.50109,2.87328
0.813,-0.607464,-1.4955,2.87328
0.814,-0.608957,-1.48989,2.87328
0.815,-0.610444,-1.48427,2.87328
0.816,-0.611926,-1.47864,2.87328
0.817,-0.613401,-1.473,2.87328
0.818,-0.614872,-1.46735,2.87328
0.819,-0.616336,-1.46168,2.87328
0.82,-0.617795,-1.45601,2.87328
0.821,-0.619248,-1.45032,2.87328
0.822,-0.620696,-1.44462,2.87328
0.823,-0.622137,-1.43891,2.87328
0.824,-0.623573,-1.43319,2.87328
0.825,-0.625004,-1.42745,2.87328
0.826,-0.626428,-1.42171,2.87328
0.827,-0.627847,-1.41595,2.87328
0.828,-0.62926,-1.41018,2.87328
0.829,-0.630668,-1.4044,2.87328
0.83,-0.632069,-1.39861,2.87328
0.831,-0.633465,-1.39281,2.87328
0.832,-0.634855,-1.387,2.87328
0.833,-0.636239,-1.38117,2.87328
0.834,-0.637617,-1.37534,2.87328
0.835,-0.638989,-1.3695,2.87328
0.836,-0.640356,-1.36364,2.87328
0.837,-0.641717,-1.35777,2.87328
0.838,-0.643072,-1.3519,2.87328
0.839,-0.64442,-1.34601,2.87328
0.84,-0.645764,-1.34011,2.87328
0.841,-0.647101,-1.3342,2.87328
0.842,-0.648432,-1.32828,2.87328
0.843,-0.649757,-1.32235,2.87328
0.844,-0.651077,-1.31641,2.87328
0.845,-0.65239,-1.31046,2.87328
0.846,-0.653698,-1.3045,2.87328
0.847,-0.654999,-1.29853,2.87328
0.848,-0.656295,-1.29255,2.87328
0.849,-0.657584,-1.28656,2.87328
0.85,-0.658868,-1.28056,2.87328
0.851,-0.660145,-1.27455,2.87328
0.852,-0.661417,-1.26852,2.87328
0.853,-0.662682,-1.26249,2.87328
0.854,-0.663942,-1.25645,2.87328
0.855,-0.665195,-1.2504,2.87328
0.856,-0.666443,-1.24434,2.87328
0.857,-0.667684,-1.23827,2.87328
0.858,-0.668919,-1.2322,2.87328
0.859,-0.670148,-1.22611,2.87328
0.86,-0.671371,-1.22001,2.87328
0.861,-0.672588,-1.2139,2.87328
0.862,-0.673799,-1.20779,2.87328
0.863,-0.675004,-1.20166,2.87328
0.864,-0.676202,-1.19553,2.87328
0.865,-0.677395,-1.18938,2.87328
0.866,-0.678581,-1.18323,2.87328
0.867,-0.679761,-1.17707,2.87328
0.868,-0.680935,-1.1709,2.87328
0.869,-0.682103,-1.16472,2.87328
0.87,-0.683265,-1.15853,2.87328
0.871,-0.68442,-1.15233,2.87328
0.872,-0.685569,-1.14612,2.87328
0.873,-0.686712,-1.13991,2.87328
0.874,-0.687849,-1.13368,2.87328
0.875,-0.68898,-1.12745,2.87328
0.876,-0.690104,-1.12121,2.87328
0.877,-0.691222,-1.11496,2.87328
0.878,-0.692334,-1.1087,2.87328
0.879,-0.69344,-1.10244,2.87328
0.88,-0.694539,-1.09616,2.87328
0.881,-0.695632,-1.08988,2.87328
0.882,-0.696719,-1.08359,2.87328
0.883,-0.697799,-1.07729,2.87328
0.884,-0.698873,-1.07098,2.87328
0.885,-0.699941,-1.06467,2.87328
0.886,-0.701003,-1.05834,2.87328
0.887,-0.702058,-1.05201,2.87328
0.888,-0.703107,-1.04567,2.87328
0.889,-0.704149,-1.03933,2.87328
0.89,-0.705185,-1.03297,2.87328
0.891,-0.706215,-1.02661,2.87328
0.892,-0.707238,-1.02024,2.87328
0.893,-0.708256,-1.01386,2.87328
0.894,-0.709266,-1.00747,2.87328
0.895,-0.71027,-1.00108,2.87328
0.896,-0.711268,-0.994682,2.87328
0.897,-0.71226,-0.988274,2.87328
0.898,-0.713245,-0.981859,2.87328
0.899,-0.714224,-0.975437,2.87328
0.9,-0.715196,-0.969008,2.87328
0.901,-0.716162,-0.962571,2.87328
0.902,-0.717121,-0.956127,2.87328
0.903,-0.718074,-0.949676,2.87328
0.904,-0.71902,-0.943219,2.87328
0.905,-0.71996,-0.936754,2.87328
0.906,-0.720894,-0.930282,2.87328
0.907,-0.721821,-0.923804,2.87328
0.908,-0.722741,-0.917318,2.87328
0.909,-0.723655,-0.910826,2.87328
0.91,-0.724563,-0.904327,2.87328
0.911,-0.725464,-0.897822,2.87328
0.912,-0.726359,-0.89131,2.87328
0.913,-0.727247,-0.884791,2.87328
0.914,-0.728128,-0.878266,2.87328
0.915,-0.729003,-0.871735,2.87328
0.916,-0.729872,-0.865197,2.87328
0.917,-0.730734,-0.858652,2.87328
0.918,-0.731589,-0.852102,2.87328
0.919,-0.732438,-0.845545,2.87328
0.92,-0.73328,-0.838982,2.87328
0.921,-0.734116,-0.832413,2.87328
0.922,-0.734945,-0.825838,2.87328
0.923,-0.735767,-0.819257,2.87328
0.924,-0.736583,-0.81267,2.87328
0.925,-0.737393,-0.806077,2.87328
0.926,-0.738196,-0.799479,2.87328
0.927,-0.738992,-0.792874,2.87328
0.928,-0.739781,-0.786264,2.87328
0.929,-0.740564,-0.779648,2.87328
0.93,-0.741341,-0.773026,2.87328
0.931,-0.74211,-0.766399,2.87328
0.932,-0.742873,-0.759766,2.87328
0.933,-0.74363,-0.753128,2.87328
0.934,-0.74438,-0.746484,2.87328
0.935,-0.745123,-0.739835,2.87328
0.936,-0.745859,-0.73318,2.87328
0.937,-0.746589,-0.726521,2.87328
0.938,-0.747312,-0.719856,2.87328
0.939,-0.748029,-0.713186,2.87328
0.94,-0.748739,-0.70651,2.87328
0.941,-0.749442,-0.69983,2.87328
0.942,-0.750138,-0.693145,2.87328
0.943,-0.750828,-0.686454,2.87328
0.944,-0.751511,-0.679759,2.87328
0.945,-0.752188,-0.673059,2.87328
0.946,-0.752857,-0.666354,2.87328
0.947,-0.75352,-0.659644,2.87328
0.948,-0.754177,-0.65293,2.87328
0.949,-0.754826,-0.646211,2.87328
0.95,-0.755469,-0.639487,2.87328
0.951,-0.756105,-0.632758,2.87328
0.952,-0.756735,-0.626026,2.87328
0.953,-0.757357,-0.619288,2.87328
0.954,-0.757973,-0.612547,2.87328
0.955,-0.758582,-0.605801,2.87328
0.956,-0.759185,-0.59905,2.87328
0.957,-0.759781,-0.592296,2.87328
0.958,-0.760369,-0.585537,2.87328
0.959,-0.760952,-0.578774,2.87328
0.96,-0.761527,-0.572007,2.87328
0.961,-0.762096,-0.565235,2.87328
0.962,-0.762657,-0.55846,2.87328
0.963,-0.763213,-0.551681,2.87328
0.964,-0.763761,-0.544898,2.87328
0.965,-0.764302,-0.538111,2.87328
0.966,-0.764837,-0.53132,2.87328
0.967,-0.765365,-0.524526,2.87328
0.968,-0.765886,-0.517728,2.87328
0.969,-0.7664,-0.510926,2.87328
0.97,-0.766908,-0.50412,2.87328
0.971,-0.767409,-0.497311,2.87328
0.972,-0.767903,-0.490499,2.87328
0.973,-0.76839,-0.483683,2.87328
0.974,-0.76887,-0.476863,2.87328
0.975,-0.769343,-0.47004,2.87328
0.976,-0.76981,-0.463214,2.87328
0.977,-0.77027,-0.456385,2.87328
0.978,-0.770723,-0.449552,2.87328
0.979,-0.771169,-0.442716,2.87328
0.98,-0.771608,-0.435878,2.87328
0.981,-0.772041,-0.429036,2.87328
0.982,-0.772466,-0.422191,2.87328
0.983,-0.772885,-0.415343,2.87328
0.984,-0.773297,-0.408492,2.87328
0.985,-0.773702,-0.401638,2.87328
0.986,-0.7741,-0.394782,2.87328
0.987,-0.774492,-0.387923,2.87328
0.988,-0.774876,-0.381061,2.87328
0.989,-0.775254,-0.374196,2.87328
0.99,-0.775624,-0.367329,2.87328
0.991,-0.775988,-0.360459,2.87328
0.992,-0.776345,-0.353586,2.87328
0.993,-0.776696,-0.346711,2.87328
0.994,-0.777039,-0.339834,2.87328
0.995,-0.777375,-0.332954,2.87328
0.996,-0.777705,-0.326072,2.87328
0.997,-0.778027,-0.319188,2.87328
0.998,-0.778343,-0.312302,2.87328
0.999,-0.778652,-0.305413,2.87328
1,-0.778954,-0.298522,2.87328
1.001,-0.779249,-0.291629,2.87328
1.002,-0.779537,-0.284734,2.87328
1.003,-0.779818,-0.277837,2.87328
1.004,-0.780093,-0.270939,2.87328
1.005,-0.78036,-0.264038,2.87328
1.006,-0.780621,-0.257135,2.87328
1.007,-0.780875,-0.250231,2.87328
1.008,-0.781121,-0.243325,2.87328
1.009,-0.781361,-0.236417,2.87328
1.01,-0.781594,-0.229507,2.87328
1.011,-0.78182,-0.222596,2.87328
1.012,-0.782039,-0.215684,2.87328
1.013,-0.782252,-0.20877,2.87328
1.014,-0.782457,-0.201854,2.87328
1.015,-0.782655,-0.194937,2.87328
1.016,-0.782847,-0.188019,2.87328
1.017,-0.783031,-0.181099,2.87328
1.018,-0.783209,-0.174178,2.87328
1.019,-0.78338,-0.167256,2.87328
1.02,-0.783544,-0.160333,2.87328
1.021,-0.7837,-0.153408,2.87328
1.022,-0.78385,-0.146483,2.87328
1.023,-0.783993,-0.139556,2.87328
1.024,-0.784129,-0.132629,2.87328
1.025,-0.784259,-0.125701,2.87328
1.026,-0.784381,-0.118771,2.87328
1.027,-0.784496,-0.111841,2.87328
1.028,-0.784605,-0.10491,2.87328
1.029,-0.784706,-0.0979789,2.87328
1.03,-0.7848,-0.0910466,2.87328
1.031,-0.784888,-0.0841138,2.87328
1.032,-0.784969,-0.0771803,2.87328
1.033,-0.785042,-0.0702463,2.87328
1.034,-0.785109,-0.0633118,2.87328
1.035,-0.785169,-0.0563769,2.87328
1.036,-0.785222,-0.0494416,2.87328
1.037,-0.785268,-0.0425059,2.87328
1.038,-0.785307,-0.03557,2.87328
1.039,-0.785339,-0.0286338,2.87328
1.04,-0.785364,-0.0216974,2.87328
1.041,-0.785382,-0.0147608,2.87328
1.042,-0.785394,-0.00782416,2.87328
1.043,-0.785398,-0.000887458,2.87328
1.044,-0.785396,0.00604925,2.87328
1.045,-0.785386,0.0129859,2.87328
1.046,-0.78537,0.0199225,2.87328
1.047,-0.785346,0.0268589,2.87328
1.048,-0.785316,0.0337952,2.87328
1.049,-0.785279,0.0407312,2.87328
1.05,-0.785234,0.047667,2.87328
1.051,-0.785183,0.0546024,2.87328
1.052,-0.785125,0.0615374,2.87328
1.053,-0.78506,0.068472,2.87328
1.054,-0.784988,0.0754061,2.87328
1.055,-0.784909,0.0823397,2.87328
1.056,-0.784824,0.0892728,2.87328
1.057,-0.784731,0.0962052,2.87328
1.058,-0.784631,0.103137,2.87328
1.059,-0.784525,0.110068,2.87328
1.06,-0.784411,0.116998,2.87328
1.061,-0.784291,0.123928,2.87328
1.062,-0.784163,0.130856,2.87328
1.063,-0.784029,0.137784,2.87328
1.064,-0.783888,0.144711,2.87328
1.065,-0.783739,0.151636,2.87328
1.066,-0.783584,0.158561,2.87328
1.067,-0.783422,0.165485,2.87328
1.068,-0.783253,0.172407,2.87328
1.069,-0.783077,0.179328,2.87328
1.07,-0.782895,0.186248,2.87328
1.071,-0.782705,0.193167,2.87328
1.072,-0.782508,0.200084,2.87328
1.073,-0.782305,0.207,2.87328
1.074,-0.782094,0.213915,2.87328
1.075,-0.781877,0.220828,2.87328
1.076,-0.781653,0.227739,2.87328
1.077,-0.781421,0.234649,2.87328
1.078,-0.781183,0.241557,2.87328
1.079,-0.780938,0.248464,2.87328
1.08,-0.780686,0.255369,2.87328
1.081,-0.780428,0.262272,2.87328
1.082,-0.780162,0.269173,2.87328
1.083,-0.779889,0.276072,2.87328
1.084,-0.77961,0.28297,2.87328
1.085,-0.779323,0.289865,2.87328
1.086,-0.77903,0.296759,2.87328
1.087,-0.77873,0.30365,2.87328
1.088,-0.778423,0.310539,2.87328
1.089,-0.778109,0.317426,2.87328
1.09,-0.777788,0.324311,2.87328
1.091,-0.77746,0.331194,2.87328
1.092,-0.777126,0.338074,2.87328
1.093,-0.776784,0.344952,2.87328
1.094,-0.776436,0.351827,2.87328
1.095,-0.77608,0.3587,2.87328
1.096,-0.775718,0.365571,2.87328
1.097,-0.775349,0.372439,2.87328
1.098,-0.774973,0.379304,2.87328
1.099,-0.774591,0.386167,2.87328
1.1,-0.774201,0.393027,2.87328
1.101,-0.773805,0.399884,2.87328
1.102,-0.773401,0.406739,2.87328
1.103,-0.772991,0.41359,2.87328
1.104,-0.772574,0.420439,2.87328
1.105,-0.77215,0.427285,2.87328
1.106,-0.771719,0.434127,2.87328
1.107,-0.771282,0.440967,2.87328
1.108,-0.770838,0.447803,2.87328
1.109,-0.770386,0.454637,2.87328
1.11,-0.769928,0.461467,2.87328
1.111,-0.769463,0.468294,2.87328
1.112,-0.768992,0.475118,2.87328
1.113,-0.768513,0.481938,2.87328
1.114,-0.768028,0.488755,2.87328
1.115,-0.767536,0.495568,2.87328
1.116,-0.767037,0.502378,2.87328
1.117,-0.766531,0.509185,2.87328
1.118,-0.766018,0.515987,2.87328
1.119,-0.765499,0.522787,2.87328
1.12,-0.764973,0.529582,2.87328
1.121,-0.76444,0.536374,2.87328
1.122,-0.7639,0.543162,2.87328
1.123,-0.763353,0.549946,2.87328
1.124,-0.7628,0.556726,2.87328
1.125,-0.76224,0.563502,2.87328
1.126,-0.761673,0.570274,2.87328
1.127,-0.761099,0.577043,2.87328
1.128,-0.760519,0.583807,2.87328
1.129,-0.759932,0.590567,2.87328
1.13,-0.759338,0.597322,2.87328
1.131,-0.758737,0.604074,2.87328
1.132,-0.75813,0.610821,2.87328
1.133,-0.757516,0.617564,2.87328
1.134,-0.756895,0.624302,2.87328
1.135,-0.756267,0.631036,2.87328
1.136,-0.755633,0.637766,2.87328
1.137,-0.754991,0.644491,2.87328
1.138,-0.754344,0.651211,2.87328
1.139,-0.753689,0.657926,2.87328
1.14,-0.753028,0.664637,2.87328
1.141,-0.75236,0.671344,2.87328
1.142,-0.751685,0.678045,2.87328
1.143,-0.751004,0.684742,2.87328
1.144,-0.750316,0.691433,2.87328
1.145,-0.749621,0.69812,2.87328
1.146,-0.748919,0.704801,2.87328
1.147,-0.748211,0.711478,2.87328
1.148,-0.747496,0.718149,2.87328
1.149,-0.746775,0.724816,2.87328
1.15,-0.746047,0.731477,2.87328
1.151,-0.745312,0.738133,2.87328
1.152,-0.74457,0.744783,2.87328
1.153,-0.743822,0.751428,2.87328
1.154,-0.743068,0.758068,2.87328
1.155,-0.742306,0.764702,2.87328
1.156,-0.741538,0.771331,2.87328
1.157,-0.740764,0.777954,2.87328
1.158,-0.739982,0.784571,2.87328
1.159,-0.739194,0.791183,2.87328
1.16,-0.7384,0.797789,2.87328
1.161,-0.737599,0.804389,2.87328
1.162,-0.736791,0.810984,2.87328
1.163,-0.735977,0.817572,2.87328
1.164,-0.735156,0.824155,2.87328
1.165,-0.734329,0.830732,2.87328
1.166,-0.733495,0.837302,2.87328
1.167,-0.732654,0.843867,2.87328
1.168,-0.731807,0.850425,2.87328
1.169,-0.730953,0.856977,2.87328
1.17,-0.730093,0.863523,2.87328
1.171,-0.729226,0.870062,2.87328
1.172,-0.728353,0.876595,2.87328
1.173,-0.727473,0.883122,2.87328
1.174,-0.726587,0.889642,2.87328
1.175,-0.725694,0.896156,2.87328
1.176,-0.724794,0.902663,2.87328
1.177,-0.723888,0.909164,2.87328
1.178,-0.722976,0.915658,2.87328
1.179,-0.722057,0.922145,2.87328
1.18,-0.721132,0.928625,2.87328
1.181,-0.7202,0.935099,2.87328
1.182,-0.719261,0.941565,2.87328
1.183,-0.718317,0.948025,2.87328
1.184,-0.717365,0.954477,2.87328
1.185,-0.716408,0.960923,2.87328
1.186,-0.715443,0.967361,2.87328
1.187,-0.714473,0.973793,2.87328
1.188,-0.713496,0.980217,2.87328
1.189,-0.712512,0.986634,2.87328
1.19,-0.711523,0.993043,2.87328
1.191,-0.710526,0.999445,2.87328
1.192,-0.709524,1.00584,2.87328
1.193,-0.708515,1.01223,2.87328
1.194,-0.707499,1.01861,2.87328
1.195,-0.706478,1.02498,2.87328
1.196,-0.705449,1.03134,2.87328
1.197,-0.704415,1.0377,2.87328
1.198,-0.703374,1.04405,2.87328
1.199,-0.702327,1.05039,2.87328
1.2,-0.701273,1.05672,2.87328
1.201,-0.700213,1.06305,2.87328
1.202,-0.699147,1.06937,2.87328
1.203,-0.698075,1.07568,2.87328
1.204,-0.696996,1.08198,2.87328
1.205,-0.695911,1.08827,2.87328
1.206,-0.694819,1.09455,2.87328
1.207,-0.693722,1.10083,2.87328
1.208,-0.692618,1.1071,2.87328
1.209,-0.691507,1.11336,2.87328
1.21,-0.690391,1.11961,2.87328
1.211,-0.689268,1.12585,2.87328
1.212,-0.688139,1.13209,2.87328
1.213,-0.687004,1.13832,2.87328
1.214,-0.685862,1.14453,2.87328
1.215,-0.684715,1.15074,2.87328
1.216,-0.683561,1.15694,2.87328
1.217,-0.682401,1.16313,2.87328
1.218,-0.681235,1.16931,2.87328
1.219,-0.680062,1.17549,2.87328
1.22,-0.678884,1.18165,2.87328
1.221,-0.677699,1.18781,2.87328
1.222,-0.676508,1.19395,2.87328
1.223,-0.675311,1.20009,2.87328
1.224,-0.674108,1.20622,2.87328
1.225,-0.672899,1.21234,2.87328
1.226,-0.671683,1.21845,2.87328
1.227,-0.670462,1.22455,2.87328
1.228,-0.669234,1.23064,2.87328
1.229,-0.668001,1.23672,2.87328
1.23,-0.666761,1.24279,2.87328
1.231,-0.665515,1.24885,2.87328
1.232,-0.664263,1.25491,2.87328
1.233,-0.663005,1.26095,2.87328
1.234,-0.661741,1.26698,2.87328
1.235,-0.660471,1.27301,2.87328
1.236,-0.659195,1.27902,2.87328
1.237,-0.657913,1.28502,2.87328
1.238,-0.656625,1.29102,2.87328
1.239,-0.655331,1.297,2.87328
1.24,-0.654031,1.30297,2.87328
1.241,-0.652725,1.30894,2.87328
1.242,-0.651413,1.31489,2.87328
1.243,-0.650095,1.32083,2.87328
1.244,-0.648772,1.32676,2.87328
1.245,-0.647442,1.33269,2.87328
1.246,-0.646106,1.3386,2.87328
1.247,-0.644765,1.3445,2.87328
1.248,-0.643417,1.35039,2.87328
1.249,-0.642064,1.35627,2.87328
1.25,-0.640705,1.36214,2.87328
1.251,-0.63934,1.368,2.87328
1.252,-0.637969,1.37385,2.87328
1.253,-0.636592,1.37968,2.87328
1.254,-0.635209,1.38551,2.87328
1.255,-0.633821,1.39132,2.87328
1.256,-0.632427,1.39713,2.87328
1.257,-0.631027,1.40292,2.87328
1.258,-0.629621,1.4087,2.87328
1.259,-0.628209,1.41447,2.87328
1.26,-0.626792,1.42023,2.87328
1.261,-0.625369,1.42598,2.87328
1.262,-0.62394,1.43172,2.87328
1.263,-0.622505,1.43745,2.87328
1.264,-0.621065,1.44316,2.87328
1.265,-0.619619,1.44886,2.87328
1.266,-0.618167,1.45455,2.87328
1.267,-0.61671,1.46023,2.87328
1.268,-0.615247,1.4659,2.87328
1.269,-0.613778,1.47156,2.87328
1.27,-0.612304,1.4772,2.87328
1.271,-0.610824,1.48283,2.87328
1.272,-0.609338,1.48845,2.87328
1.273,-0.607847,1.49406,2.87328
1.274,-0.60635,1.49966,2.87328
1.275,-0.604848,1.50524,2.87328
1.276,-0.60334,1.51082,2.87328
1.277,-0.601826,1.51638,2.87328
1.278,-0.600307,1.52192,2.87328
1.279,-0.598782,1.52746,2.87328
1.28,-0.597252,1.53298,2.87328
1.281,-0.595716,1.53849,2.87328
1.282,-0.594175,1.54399,2.87328
1.283,-0.592628,1.54948,2.87328
1.284,-0.591076,1.55495,2.87328
1.285,-0.589518,1.56041,2.87328
1.286,-0.587955,1.56586,2.87328
1.287,-0.586387,1.57129,2.87328
1.288,-0.584813,1.57671,2.87328
1.289,-0.583233,1.58212,2.87328
1.29,-0.581648,1.58752,2.87328
1.291,-0.580058,1.5929,2.87328
1.292,-0.578462,1.59827,2.87328
1.293,-0.576862,1.60363,2.87328
1.294,-0.575255,1.60897,2.87328
1.295,-0.573644,1.6143,2.87328
1.296,-0.572027,1.61962,2.87328
1.297,-0.570404,1.62492,2.87328
1.298,-0.568777,1.63021,2.87328
1.299,-0.567144,1.63549,2.87328
1.3,-0.565506,1.64076,2.87328
1.301,-0.563862,1.64601,2.87328
1.302,-0.562214,1.65124,2.87328
1.303,-0.56056,1.65646,2.87328
1.304,-0.558901,1.66167,2.87328
1.305,-0.557237,1.66687,2.87328
1.306,-0.555567,1.67205,2.87328
1.307,-0.553893,1.67722,2.87328
1.308,-0.552213,1.68237,2.87328
1.309,-0.550528,1.68751,2.87328
1.31,-0.548838,1.69263,2.87328
1.311,-0.547143,1.69774,2.87328
1.312,-0.545442,1.70284,2.87328
1.313,-0.543737,1.70792,2.87328
1.314,-0.542026,1.71299,2.87328
1.315,-0.540311,1.71804,2.87328
1.316,-0.53859,1.72308,2.87328
1.317,-0.536865,1.72811,2.87328
1.318,-0.535134,1.73312,2.87328
1.319,-0.533398,1.73811,2.87328
1.32,-0.531658,1.74309,2.87328
1.321,-0.529912,1.74806,2.87328
1.322,-0.528162,1.75301,2.87328
1.323,-0.526406,1.75795,2.87328
1.324,-0.524646,1.76287,2.87328
1.325,-0.522881,1.76777,2.87328
1.326,-0.52111,1.77267,2.87328
1.327,-0.519335,1.77754,2.87328
1.328,-0.517555,1.7824,2.87328
1.329,-0.51577,1.78725,2.87328
1.33,-0.513981,1.79208,2.87328
1.331,-0.512186,1.79689,2.87328
1.332,-0.510387,1.80169,2.87328
1.333,-0.508583,1.80648,2.87328
1.334,-0.506774,1.81125,2.87328
1.335,-0.50496,1.816,2.87328
1.336,-0.503142,1.82074,2.87328
1.337,-0.501319,1.82546,2.87328
1.338,-0.499491,1.83017,2.87328
1.339,-0.497659,1.83486,2.87328
1.34,-0.495821,1.83954,2.87328
1.341,-0.49398,1.84419,2.87328
1.342,-0.492133,1.84884,2.87328
1.343,-0.490282,1.85346,2.87328
1.344,-0.488426,1.85808,2.87328
1.345,-0.486566,1.86267,2.87328
1.346,-0.484701,1.86725,2.87328
1.347,-0.482831,1.87181,2.87328
1.348,-0.480957,1.87636,2.87328
1.349,-0.479079,1.88089,2.87328
1.35,-0.477195,1.8854,2.87328
1.351,-0.475308,1.8899,2.87328
1.352,-0.473416,1.89438,2.87328
1.353,-0.471519,1.89885,2.87328
1.354,-0.469618,1.90329,2.87328
1.355,-0.467712,1.90773,2.87328
1.356,-0.465802,1.91214,2.87328
1.357,-0.463888,1.91654,2.87328
1.358,-0.461969,1.92092,2.87328
1.359,-0.460046,1.92528,2.87328
1.36,-0.458119,1.92963,2.87328
1.361,-0.456187,1.93396,2.87328
1.362,-0.454251,1.93827,2.87328
1.363,-0.45231,1.94257,2.87328
1.364,-0.450366,1.94685,2.87328
1.365,-0.448417,1.95111,2.87328
1.366,-0.446464,1.95535,2.87328
1.367,-0.444506,1.95958,2.87328
1.368,-0.442544,1.96379,2.87328
1.369,-0.440579,1.96798,2.87328
1.37,-0.438608,1.97216,2.87328
1.371,-0.436634,1.97631,2.87328
1.372,-0.434656,1.98045,2.87328
1.373,-0.432673,1.98458,2.87328
1.374,-0.430687,1.98868,2.87328
1.375,-0.428696,1.99277,2.87328
1.376,-0.426701,1.99684,2.87328
1.377,-0.424702,2.00089,2.87328
1.378,-0.422699,2.00492,2.87328
1.379,-0.420692,2.00894,2.87328
1.38,-0.418681,2.01293,2.87328
1.381,-0.416667,2.01691,2.87328
1.382,-0.414648,2.02087,2.87328
1.383,-0.412625,2.02482,2.87328
1.384,-0.410598,2.02874,2.87328
1.385,-0.408567,2.03265,2.87328
1.386,-0.406533,2.03654,2.87328
1.387,-0.404494,2.04041,2.87328
1.388,-0.402452,2.04426,2.87328
1.389,-0.400406,2.04809,2.87328
1.39,-0.398356,2.05191,2.87328
1.391,-0.396302,2.0557,2.87328
1.392,-0.394244,2.05948,2.87328
1.393,-0.392183,2.06324,2.87328
1.394,-0.390118,2.06698,2.87328
1.395,-0.388049,2.0707,2.87328
1.396,-0.385977,2.0744,2.87328
1.397,-0.3839,2.07809,2.87328
1.398,-0.38182,2.08175,2.87328
1.399,-0.379737,2.0854,2.87328
1.4,-0.37765,2.08902,2.87328
1.401,-0.375559,2.09263,2.87328
1.402,-0.373464,2.09622,2.87328
1.403,-0.371366,2.09979,2.87328
1.404,-0.369265,2.10334,2.87328
1.405,-0.36716,2.10687,2.87328
1.406,-0.365051,2.11038,2.87328
1.407,-0.362939,2.11388,2.87328
1.408,-0.360823,2.11735,2.87328
1.409,-0.358704,2.1208,2.87328
1.41,-0.356582,2.12424,2.87328
1.411,-0.354456,2.12765,2.87328
1.412,-0.352326,2.13105,2.87328
1.413,-0.350194,2.13442,2.87328
1.414,-0.348058,2.13778,2.87328
1.415,-0.345918,2.14111,2.87328
1.416,-0.343775,2.14443,2.87328
1.417,-0.341629,2.14773,2.87328
1.418,-0.33948,2.151,2.87328
1.419,-0.337327,2.15426,2.87328
1.42,-0.335171,2.1575,2.87328
1.421,-0.333012,2.16071,2.87328
1.422,-0.33085,2.16391,2.87328
1.423,-0.328684,2.16709,2.87328
1.424,-0.326516,2.17024,2.87328
1.425,-0.324344,2.17338,2.87328
1.426,-0.322169,2.1765,2.87328
1.427,-0.319991,2.17959,2.87328
1.428,-0.31781,2.18267,2.87328
1.429,-0.315626,2.18572,2.87328
1.43,-0.313438,2.18876,2.87328
1.431,-0.311248,2.19177,2.87328
1.432,-0.309055,2.19477,2.87328
1.433,-0.306859,2.19774,2.87328
1.434,-0.304659,2.20069,2.87328
1.435,-0.302457,2.20362,2.87328
1.436,-0.300252,2.20654,2.87328
1.437,-0.298044,2.20943,2.87328
1.438,-0.295833,2.2123,2.87328
1.439,-0.29362,2.21515,2.87328
1.44,-0.291403,2.21798,2.87328
1.441,-0.289184,2.22078,2.87328
1.442,-0.286961,2.22357,2.87328
1.443,-0.284736,2.22634,2.87328
1.444,-0.282509,2.22908,2.87328
1.445,-0.280278,2.23181,2.87328
1.446,-0.278045,2.23451,2.87328
1.447,-0.275809,2.23719,2.87328
1.448,-0.273571,2.23985,2.87328
1.449,-0.27133,2.24249,2.87328
1.45,-0.269086,2.24511,2.87328
1.451,-0.266839,2.24771,2.87328
1.452,-0.26459,2.25029,2.87328
1.453,-0.262339,2.25284,2.87328
1.454,-0.260085,2.25537,2.87328
1.455,-0.257828,2.25789,2.87328
1.456,-0.255569,2.26038,2.87328
1.457,-0.253307,2.26285,2.87328
1.458,-0.251043,2.26529,2.87328
1.459,-0.248777,2.26772,2.87328
1.46,-0.246508,2.27012,2.87328
1.461,-0.244237,2.27251,2.87328
1.462,-0.241963,2.27487,2.87328
1.463,-0.239687,2.27721,2.87328
1.464,-0.237408,2.27953,2.87328
1.465,-0.235128,2.28182,2.87328
1.466,-0.232845,2.2841,2.87328
1.467,-0.23056,2.28635,2.87328
1.468,-0.228272,2.28858,2.87328
1.469,-0.225982,2.29079,2.87328
1.47,-0.223691,2.29298,2.87328
1.471,-0.221396,2.29514,2.87328
1.472,-0.2191,2.29728,2.87328
1.473,-0.216802,2.29941,2.87328
1.474,-0.214501,2.30151,2.87328
1.475,-0.212199,2.30358,2.87328
1.476,-0.209894,2.30564,2.87328
1.477,-0.207588,2.30767,2.87328
1.478,-0.205279,2.30968,2.87328
1.479,-0.202968,2.31167,2.87328
1.48,-0.200656,2.31364,2.87328
1.481,-0.198341,2.31558,2.87328
1.482,-0.196024,2.3175,2.87328
1.483,-0.193706,2.3194,2.87328
1.484,-0.191386,2.32128,2.87328
1.485,-0.189063,2.32313,2.87328
1.486,-0.186739,2.32497,2.87328
1.487,-0.184414,2.32678,2.87328
1.488,-0.182086,2.32856,2.87328
1.489,-0.179756,2.33033,2.87328
1.49,-0.177425,2.33207,2.87328
1.491,-0.175092,2.33379,2.87328
1.492,-0.172758,2.33549,2.87328
1.493,-0.170421,2.33716,2.87328
1.494,-0.168083,2.33882,2.87328
1.495,-0.165744,2.34045,2.87328
1.496,-0.163402,2.34205,2.87328
1.497,-0.16106,2.34364,2.87328
1.498,-0.158715,2.3452,2.87328
1.499,-0.156369,2.34674,2.87328
1.5,-0.154022,2.34826,2.87328
1.501,-0.151673,2.34975,2.87328
1.502,-0.149322,2.35122,2.87328
1.503,-0.14697,2.35267,2.87328
1.504,-0.144617,2.35409,2.87328
1.505,-0.142262,2.3555,2.87328
1.506,-0.139906,2.35688,2.87328
1.507,-0.137548,2.35823,2.87328
1.508,-0.135189,2.35957,2.87328
1.509,-0.132829,2.36088,2.87328
1.51,-0.130468,2.36216,2.87328
1.511,-0.128105,2.36343,2.87328
1.512,-0.125741,2.36467,2.87328
1.513,-0.123376,2.36589,2.87328
1.514,-0.121009,2.36708,2.87328
1.515,-0.118641,2.36826,2.87328
1.516,-0.116273,2.36941,2.87328
1.517,-0.113903,2.37053,2.87328
1.518,-0.111532,2.37164,2.87328
1.519,-0.109159,2.37272,2.87328
1.52,-0.106786,2.37377,2.87328
1.521,-0.104412,2.37481,2.87328
1.522,-0.102036,2.37582,2.87328
1.523,-0.0996602,2.37681,2.87328
1.524,-0.0972829,2.37777,2.87328
1.525,-0.0949046,2.37871,2.87328
1.526,-0.0925254,2.37963,2.87328
1.527,-0.0901454,2.38053,2.87328
1.528,-0.0877644,2.3814,2.87328
1.529,-0.0853826,2.38225,2.87328
1.53,-0.0829999,2.38307,2.87328
1.531,-0.0806164,2.38387,2.87328
1.532,-0.0782322,2.38465,2.87328
1.533,-0.0758472,2.38541,2.87328
1.534,-0.0734614,2.38614,2.87328
1.535,-0.0710749,2.38685,2.87328
1.536,-0.0686877,2.38753,2.87328
1.537,-0.0662998,2.38819,2.87328
1.538,-0.0639113,2.38883,2.87328
1.539,-0.0615222,2.38944,2.87328
1.54,-0.0591324,2.39004,2.87328
1.541,-0.0567421,2.3906,2.87328
1.542,-0.0543512,2.39115,2.87328
1.543,-0.0519598,2.39167,2.87328
1.544,-0.0495679,2.39217,2.87328
1.545,-0.0471755,2.39264,2.87328
1.546,-0.0447826,2.39309,2.87328
1.547,-0.0423893,2.39352,2.87328
1.548,-0.0399956,2.39392,2.87328
1.549,-0.0376015,2.39431,2.87328
1.55,-0.035207,2.39466,2.87328
1.551,-0.0328122,2.395,2.87328
1.552,-0.030417,2.39531,2.87328
1.553,-0.0280216,2.39559,2.87328
1.554,-0.0256258,2.39586,2.87328
1.555,-0.0232299,2.3961,2.87328
1.556,-0.0208337,2.39631,2.87328
1.557,-0.0184372,2.3965,2.87328
1.558,-0.0160407,2.39667,2.87328
1.559,-0.0136439,2.39682,2.87328
1.56,-0.011247,2.39694,2.87328
1.561,-0.00885003,2.39704,2.87328
1.562,-0.00645296,2.39711,2.87328
1.563,-0.00405581,2.39717,2.87328
1.564,-0.00165863,2.39719,2.87328
1.565,0.000738566,2.3972,2.87328
1.566,0.00313576,2.39718,2.87328
1.567,0.00553292,2.39714,2.87328
1.568,0.00793002,2.39707,2.87328
1.569,0.0103271,2.39698,2.87328
1.57,0.012724,2.39687,2.87328
1.571,0.0151208,2.39673,2.87328
1.572,0.0175174,2.39657,2.87328
1.573,0.0199139,2.39639,2.87328
1.574,0.0223102,2.39618,2.87328
1.575,0.0247063,2.39595,2.87328
1.576,0.0271021,2.3957,2.87328
1.577,0.0294977,2.39542,2.87328
1.578,0.0318929,2.39512,2.87328
1.579,0.0342879,2.39479,2.87328
1.58,0.0366825,2.39444,2.87328
1.581,0.0390768,2.39407,2.87328
1.582,0.0414706,2.39368,2.87328
1.583,0.0438641,2.39326,2.87328
1.584,0.0462572,2.39282,2.87328
1.585,0.0486497,2.39235,2.87328
1.586,0.0510418,2.39186,2.87328
1.587,0.0534335,2.39135,2.87328
1.588,0.0558245,2.39082,2.87328
1.589,0.0582151,2.39026,2.87328
1.59,0.060605,2.38967,2.87328
1.591,0.0629944,2.38907,2.87328
1.592,0.0653832,2.38844,2.87328
1.593,0.0677713,2.38779,2.87328
1.594,0.0701587,2.38711,2.87328
1.595,0.0725455,2.38641,2.87328
1.596,0.0749316,2.38569,2.87328
1.597,0.0773169,2.38494,2.87328
1.598,0.0797014,2.38417,2.87328
1.599,0.0820852,2.38338,2.87328
1.6,0.0844682,2.38256,2.87328
1.601,0.0868503,2.38173,2.87328
1.602,0.0892316,2.38086,2.87328
1.603,0.0916121,2.37998,2.87328
1.604,0.0939916,2.37907,2.87328
1.605,0.0963702,2.37814,2.87328
1.606,0.0987478,2.37718,2.87328
1.607,0.101125,2.3762,2.87328
1.608,0.1035,2.3752,2.87328
1.609,0.105875,2.37417,2.87328
1.61,0.108249,2.37313,2.87328
1.611,0.110621,2.37205,2.87328
1.612,0.112993,2.37096,2.87328
1.613,0.115363,2.36984,2.87328
1.614,0.117732,2.3687,2.87328
1.615,0.1201,2.36754,2.87328
1.616,0.122467,2.36635,2.87328
1.617,0.124833,2.36514,2.87328
1.618,0.127198,2.36391,2.87328
1.619,0.129561,2.36265,2.87328
1.62,0.131923,2.36137,2.87328
1.621,0.134284,2.36007,2.87328
1.622,0.136643,2.35875,2.87328
1.623,0.139001,2.3574,2.87328
1.624,0.141358,2.35603,2.87328
1.625,0.143713,2.35463,2.87328
1.626,0.146067,2.35322,2.87328
1.627,0.14842,2.35178,2.87328
1.628,0.150771,2.35032,2.87328
1.629,0.15312,2.34883,2.87328
1.63,0.155468,2.34732,2.87328
1.631,0.157815,2.34579,2.87328
1.632,0.16016,2.34424,2.87328
1.633,0.162503,2.34266,2.87328
1.634,0.164845,2.34107,2.87328
1.635,0.167186,2.33945,2.87328
1.636,0.169524,2.3378,2.87328
1.637,0.171861,2.33614,2.87328
1.638,0.174196,2.33445,2.87328
1.639,0.17653,2.33273,2.87328
1.64,0.178862,2.331,2.87328
1.641,0.181192,2.32924,2.87328
1.642,0.18352,2.32746,2.87328
1.643,0.185847,2.32566,2.87328
1.644,0.188172,2.32384,2.87328
1.645,0.190495,2.32199,2.87328
1.646,0.192816,2.32012,2.87328
1.647,0.195135,2.31823,2.87328
1.648,0.197452,2.31632,2.87328
1.649,0.199767,2.31438,2.87328
1.65,0.202081,2.31243,2.87328
1.651,0.204392,2.31045,2.87328
1.652,0.206702,2.30844,2.87328
1.653,0.209009,2.30642,2.87328
1.654,0.211315,2.30437,2.87328
1.655,0.213618,2.30231,2.87328
1.656,0.215919,2.30021,2.87328
1.657,0.218218,2.2981,2.87328
1.658,0.220515,2.29597,2.87328
1.659,0.22281,2.29381,2.87328
1.66,0.225103,2.29163,2.87328
1.661,0.227394,2.28943,2.87328
1.662,0.229682,2.28721,2.87328
1.663,0.231968,2.28496,2.87328
1.664,0.234252,2.2827,2.87328
1.665,0.236533,2.28041,2.87328
1.666,0.238813,2.2781,2.87328
1.667,0.24109,2.27577,2.87328
1.668,0.243364,2.27342,2.87328
1.669,0.245636,2.27104,2.87328
1.67,0.247906,2.26864,2.87328
1.671,0.250174,2.26623,2.87328
1.672,0.252439,2.26379,2.87328
1.673,0.254701,2.26133,2.87328
1.674,0.256961,2.25884,2.87328
1.675,0.259219,2.25634,2.87328
1.676,0.261474,2.25381,2.87328
1.677,0.263727,2.25127,2.87328
1.678,0.265977,2.2487,2.87328
1.679,0.268224,2.24611,2.87328
1.68,0.270469,2.2435,2.87328
1.681,0.272711,2.24087,2.87328
1.682,0.27495,2.23822,2.87328
1.683,0.277187,2.23554,2.87328
1.684,0.279422,2.23285,2.87328
1.685,0.281653,2.23013,2.87328
1.686,0.283882,2.22739,2.87328
1.687,0.286108,2.22464,2.87328
1.688,0.288331,2.22186,2.87328
1.689,0.290552,2.21906,2.87328
1.69,0.292769,2.21624,2.87328
1.691,0.294984,2.21339,2.87328
1.692,0.297196,2.21053,2.87328
1.693,0.299405,2.20765,2.87328
1.694,0.301611,2.20474,2.87328
1.695,0.303815,2.20182,2.87328
1.696,0.306015,2.19888,2.87328
1.697,0.308212,2.19591,2.87328
1.698,0.310407,2.19292,2.87328
1.699,0.312598,2.18992,2.87328
1.7,0.314787,2.18689,2.87328
1.701,0.316972,2.18384,2.87328
1.702,0.319154,2.18077,2.87328
1.703,0.321333,2.17769,2.87328
1.704,0.32351,2.17458,2.87328
1.705,0.325683,2.17145,2.87328
1.706,0.327852,2.1683,2.87328
1.707,0.330019,2.16513,2.87328
1.708,0.332183,2.16194,2.87328
1.709,0.334343,2.15873,2.87328
1.71,0.3365,2.1555,2.87328
1.711,0.338654,2.15225,2.87328
1.712,0.340805,2.14899,2.87328
1.713,0.342952,2.1457,2.87328
1.714,0.345096,2.14239,2.87328
1.715,0.347237,2.13906,2.87328
1.716,0.349374,2.13571,2.87328
1.717,0.351508,2.13234,2.87328
1.718,0.353639,2.12896,2.87328
1.719,0.355766,2.12555,2.87328
1.72,0.35789,2.12212,2.87328
1.721,0.36001,2.11868,2.87328
1.722,0.362127,2.11521,2.87328
1.723,0.364241,2.11173,2.87328
1.724,0.366351,2.10822,2.87328
1.725,0.368457,2.1047,2.87328
1.726,0.37056,2.10115,2.87328
1.727,0.372659,2.09759,2.87328
1.728,0.374755,2.09401,2.87328
1.729,0.376848,2.09041,2.87328
1.73,0.378936,2.08679,2.87328
1.731,0.381021,2.08315,2.87328
1.732,0.383102,2.0795,2.87328
1.733,0.38518,2.07582,2.87328
1.734,0.387254,2.07212,2.87328
1.735,0.389324,2.06841,2.87328
1.736,0.391391,2.06468,2.87328
1.737,0.393454,2.06092,2.87328
1.738,0.395513,2.05715,2.87328
1.739,0.397568,2.05337,2.87328
1.74,0.399619,2.04956,2.87328
1.741,0.401667,2.04573,2.87328
1.742,0.403711,2.04189,2.87328
1.743,0.405751,2.03802,2.87328
1.744,0.407787,2.03414,2.87328
1.745,0.409819,2.03024,2.87328
1.746,0.411847,2.02633,2.87328
1.747,0.413872,2.02239,2.87328
1.748,0.415892,2.01844,2.87328
1.749,0.417909,2.01446,2.87328
1.75,0.419921,2.01047,2.87328
1.751,0.42193,2.00646,2.87328
1.752,0.423934,2.00244,2.87328
1.753,0.425934,1.99839,2.87328
1.754,0.427931,1.99433,2.87328
1.755,0.429923,1.99025,2.87328
1.756,0.431911,1.98615,2.87328
1.757,0.433895,1.98204,2.87328
1.758,0.435875,1.97791,2.87328
1.759,0.437851,1.97376,2.87328
1.76,0.439823,1.96959,2.87328
1.761,0.44179,1.9654,2.87328
1.762,0.443754,1.9612,2.87328
1.763,0.445713,1.95698,2.87328
1.764,0.447668,1.95274,2.87328
1.765,0.449618,1.94849,2.87328
1.766,0.451565,1.94421,2.87328
1.767,0.453507,1.93992,2.87328
1.768,0.455444,1.93562,2.87328
1.769,0.457378,1.93129,2.87328
1.77,0.459307,1.92695,2.87328
1.771,0.461232,1.9226,2.87328
1.772,0.463152,1.91822,2.87328
1.773,0.465068,1.91383,2.87328
1.774,0.46698,1.90942,2.87328
1.775,0.468887,1.905,2.87328
1.776,0.47079,1.90056,2.87328
1.777,0.472688,1.8961,2.87328
1.778,0.474582,1.89162,2.87328
1.779,0.476471,1.88713,2.87328
1.78,0.478356,1.88262,2.87328
1.781,0.480237,1.8781,2.87328
1.782,0.482112,1.87356,2.87328
1.783,0.483984,1.869,2.87328
1.784,0.48585,1.86443,2.87328
1.785,0.487713,1.85984,2.87328
1.786,0.48957,1.85524,2.87328
1.787,0.491423,1.85062,2.87328
1.788,0.493271,1.84598,2.87328
1.789,0.495115,1.84133,2.87328
1.79,0.496954,1.83666,2.87328
1.791,0.498788,1.83197,2.87328
1.792,0.500618,1.82727,2.87328
1.793,0.502443,1.82255,2.87328
1.794,0.504263,1.81782,2.87328
1.795,0.506079,1.81307,2.87328
1.796,0.507889,1.80831,2.87328
1.797,0.509695,1.80353,2.87328
1.798,0.511496,1.79874,2.87328
1.799,0.513293,1.79393,2.87328
1.8,0.515084,1.7891,2.87328
1.801,0.516871,1.78426,2.87328
1.802,0.518653,1.77941,2.87328
1.803,0.52043,1.77454,2.87328
1.804,0.522202,1.76965,2.87328
1.805,0.523969,1.76475,2.87328
1.806,0.525731,1.75984,2.87328
1.807,0.527489,1.75491,2.87328
1.808,0.529241,1.74996,2.87328
1.809,0.530989,1.745,2.87328
1.81,0.532731,1.74003,2.87328
1.811,0.534469,1.73504,2.87328
1.812,0.536201,1.73003,2.87328
1.813,0.537929,1.72501,2.87328
1.814,0.539651,1.71998,2.87328
1.815,0.541369,1.71493,2.87328
1.816,0.543081,1.70987,2.87328
1.817,0.544788,1.70479,2.87328
1.818,0.546491,1.6997,2.87328
1.819,0.548188,1.6946,2.87328
1.82,0.54988,1.68948,2.87328
1.821,0.551567,1.68434,2.87328
1.822,0.553248,1.67919,2.87328
1.823,0.554925,1.67403,2.87328
1.824,0.556596,1.66886,2.87328
1.825,0.558263,1.66367,2.87328
1.826,0.559924,1.65846,2.87328
1.827,0.56158,1.65325,2.87328
1.828,0.56323,1.64802,2.87328
1.829,0.564876,1.64277,2.87328
1.83,0.566516,1.63751,2.87328
1.831,0.568151,1.63224,2.87328
1.832,0.56978,1.62696,2.87328
1.833,0.571405,1.62166,2.87328
1.834,0.573024,1.61635,2.87328
1.835,0.574637,1.61102,2.87328
1.836,0.576246,1.60568,2.87328
1.837,0.577849,1.60033,2.87328
1.838,0.579446,1.59496,2.87328
1.839,0.581039,1.58959,2.87328
1.84,0.582625,1.5842,2.87328
1.841,0.584207,1.57879,2.87328
1.842,0.585783,1.57337,2.87328
1.843,0.587354,1.56794,2.87328
1.844,0.588919,1.5625,2.87328
1.845,0.590479,1.55705,2.87328
1.846,0.592033,1.55158,2.87328
1.847,0.593582,1.5461,2.87328
1.848,0.595125,1.5406,2.87328
1.849,0.596663,1.5351,2.87328
1.85,0.598195,1.52958,2.87328
1.851,0.599722,1.52405,2.87328
1.852,0.601244,1.51851,2.87328
1.853,0.602759,1.51295,2.87328
1.854,0.604269,1.50738,2.87328
1.855,0.605774,1.5018,2.87328
1.856,0.607273,1.49621,2.87328
1.857,0.608766,1.49061,2.87328
1.858,0.610254,1.48499,2.87328
1.859,0.611736,1.47936,2.87328
1.86,0.613213,1.47372,2.87328
1.861,0.614684,1.46807,2.87328
1.862,0.616149,1.46241,2.87328
1.863,0.617609,1.45673,2.87328
1.864,0.619063,1.45105,2.87328
1.865,0.620511,1.44535,2.87328
1.866,0.621953,1.43964,2.87328
1.867,0.62339,1.43392,2.87328
1.868,0.624821,1.42819,2.87328
1.869,0.626246,1.42244,2.87328
1.87,0.627666,1.41669,2.87328
1.871,0.62908,1.41092,2.87328
1.872,0.630488,1.40514,2.87328
1.873,0.63189,1.39935,2.87328
1.874,0.633287,1.39355,2.87328
1.875,0.634677,1.38774,2.87328
1.876,0.636062,1.38192,2.87328
1.877,0.637441,1.37609,2.87328
1.878,0.638814,1.37024,2.87328
1.879,0.640181,1.36439,2.87328
1.88,0.641543,1.35852,2.87328
1.881,0.642899,1.35265,2.87328
1.882,0.644248,1.34676,2.87328
1.883,0.645592,1.34086,2.87328
1.884,0.64693,1.33496,2.87328
1.885,0.648262,1.32904,2.87328
1.886,0.649588,1.32311,2.87328
1.887,0.650908,1.31717,2.87328
1.888,0.652222,1.31122,2.87328
1.889,0.653531,1.30526,2.87328
1.89,0.654833,1.29929,2.87328
1.891,0.656129,1.29331,2.87328
1.892,0.65742,1.28732,2.87328
1.893,0.658704,1.28132,2.87328
1.894,0.659982,1.27531,2.87328
1.895,0.661254,1.2693,2.87328
1.896,0.662521,1.26327,2.87328
1.897,0.663781,1.25723,2.87328
1.898,0.665035,1.25118,2.87328
1.899,0.666283,1.24512,2.87328
1.9,0.667525,1.23905,2.87328
1.901,0.668761,1.23297,2.87328
1.902,0.669991,1.22689,2.87328
1.903,0.671215,1.22079,2.87328
1.904,0.672433,1.21468,2.87328
1.905,0.673645,1.20857,2.87328
1.906,0.67485,1.20244,2.87328
1.907,0.676049,1.19631,2.87328
1.908,0.677243,1.19017,2.87328
1.909,0.67843,1.18402,2.87328
1.91,0.679611,1.17786,2.87328
1.911,0.680786,1.17169,2.87328
1.912,0.681954,1.16551,2.87328
1.913,0.683117,1.15932,2.87328
1.914,0.684273,1.15312,2.87328
1.915,0.685423,1.14692,2.87328
1.916,0.686567,1.1407,2.87328
1.917,0.687704,1.13448,2.87328
1.918,0.688836,1.12825,2.87328
1.919,0.689961,1.12201,2.87328
1.92,0.69108,1.11576,2.87328
1.921,0.692192,1.1095,2.87328
1.922,0.693299,1.10324,2.87328
1.923,0.694399,1.09696,2.87328
1.924,0.695492,1.09068,2.87328
1.925,0.69658,1.08439,2.87328
1.926,0.697661,1.07809,2.87328
1.927,0.698736,1.07179,2.87328
1.928,0.699805,1.06547,2.87328
1.929,0.700867,1.05915,2.87328
1.93,0.701923,1.05282,2.87328
1.931,0.702973,1.04648,2.87328
1.932,0.704016,1.04014,2.87328
1.933,0.705053,1.03378,2.87328
1.934,0.706084,1.02742,2.87328
1.935,0.707108,1.02105,2.87328
1.936,0.708126,1.01468,2.87328
1.937,0.709137,1.00829,2.87328
1.938,0.710142,1.0019,2.87328
1.939,0.711141,0.995501,2.87328
1.94,0.712133,0.989094,2.87328
1.941,0.713119,0.98268,2.87328
1.942,0.714099,0.976259,2.87328
1.943,0.715072,0.969831,2.87328
1.944,0.716038,0.963395,2.87328
1.945,0.716999,0.956952,2.87328
1.946,0.717952,0.950502,2.87328
1.947,0.7189,0.944045,2.87328
1.948,0.71984,0.937581,2.87328
1.949,0.720775,0.93111,2.87328
1.95,0.721703,0.924633,2.87328
1.951,0.722624,0.918148,2.87328
1.952,0.723539,0.911657,2.87328
1.953,0.724447,0.905159,2.87328
1.954,0.725349,0.898654,2.87328
1.955,0.726245,0.892143,2.87328
1.956,0.727133,0.885625,2.87328
1.957,0.728016,0.879101,2.87328
1.958,0.728892,0.87257,2.87328
1.959,0.729761,0.866033,2.87328
1.96,0.730624,0.85949,2.87328
1.961,0.73148,0.85294,2.87328
1.962,0.73233,0.846384,2.87328
1.963,0.733173,0.839822,2.87328
1.964,0.734009,0.833254,2.87328
1.965,0.734839,0.82668,2.87328
1.966,0.735663,0.8201,2.87328
1.967,0.736479,0.813513,2.87328
1.968,0.73729,0.806921,2.87328
1.969,0.738093,0.800323,2.87328
1.97,0.73889,0.793719,2.87328
1.971,0.739681,0.78711,2.87328
1.972,0.740464,0.780494,2.87328
1.973,0.741242,0.773873,2.87328
1.974,0.742012,0.767247,2.87328
1.975,0.742776,0.760615,2.87328
1.976,0.743533,0.753977,2.87328
1.977,0.744284,0.747334,2.87328
1.978,0.745028,0.740686,2.87328
1.979,0.745765,0.734032,2.87328
1.98,0.746496,0.727373,2.87328
1.981,0.74722,0.720709,2.87328
1.982,0.747938,0.714039,2.87328
1.983,0.748648,0.707365,2.87328
1.984,0.749352,0.700685,2.87328
1.985,0.75005,0.694,2.87328
1.986,0.75074,0.68731,2.87328
1.987,0.751424,0.680616,2.87328
1.988,0.752102,0.673916,2.87328
1.989,0.752772,0.667212,2.87328
1.99,0.753436,0.660503,2.87328
1.991,0.754093,0.653789,2.87328
1.992,0.754744,0.64707,2.87328
1.993,0.755387,0.640347,2.87328
1.994,0.756024,0.63362,2.87328
1.995,0.756655,0.626887,2.87328
1.996,0.757278,0.620151,2.87328
1.997,0.757895,0.613409,2.87328
1.998,0.758505,0.606664,2.87328
1.999,0.759108,0.599914,2.87328
2,0.759705,0.59316,2.87328
2.001,0.760294,0.586402,2.87328
2.002,0.760877,0.579639,2.87328
2.003,0.761454,0.572873,2.87328
2.004,0.762023,0.566102,2.87328
2.005,0.762586,0.559327,2.87328
2.006,0.763142,0.552549,2.87328
2.007,0.763691,0.545766,2.87328
2.008,0.764233,0.538979,2.87328
2.009,0.764769,0.532189,2.87328
2.01,0.765298,0.525395,2.87328
2.011,0.76582,0.518597,2.87328
2.012,0.766335,0.511796,2.87328
2.013,0.766843,0.504991,2.87328
2.014,0.767345,0.498182,2.87328
2.015,0.76784,0.49137,2.87328
2.016,0.768328,0.484555,2.87328
2.017,0.768809,0.477736,2.87328
2.018,0.769283,0.470913,2.87328
2.019,0.769751,0.464088,2.87328
2.02,0.770211,0.457259,2.87328
2.021,0.770665,0.450427,2.87328
2.022,0.771112,0.443591,2.87328
2.023,0.771552,0.436753,2.87328
2.024,0.771986,0.429911,2.87328
2.025,0.772412,0.423067,2.87328
2.026,0.772832,0.416219,2.87328
2.027,0.773245,0.409369,2.87328
2.028,0.773651,0.402515,2.87328
2.029,0.77405,0.395659,2.87328
2.03,0.774442,0.3888,2.87328
2.031,0.774827,0.381939,2.87328
2.032,0.775206,0.375074,2.87328
2.033,0.775577,0.368207,2.87328
2.034,0.775942,0.361338,2.87328
2.035,0.7763,0.354466,2.87328
2.036,0.776651,0.347591,2.87328
2.037,0.776995,0.340714,2.87328
2.038,0.777333,0.333835,2.87328
2.039,0.777663,0.326953,2.87328
2.04,0.777986,0.320069,2.87328
2.041,0.778303,0.313183,2.87328
2.042,0.778613,0.306294,2.87328
2.043,0.778916,0.299404,2.87328
2.044,0.779212,0.292511,2.87328
2.045,0.779501,0.285617,2.87328
2.046,0.779783,0.27872,2.87328
2.047,0.780058,0.271821,2.87328
2.048,0.780326,0.264921,2.87328
2.049,0.780588,0.258018,2.87328
2.05,0.780843,0.251114,2.87328
2.051,0.78109,0.244208,2.87328
2.052,0.781331,0.237301,2.87328
2.053,0.781565,0.230391,2.87328
2.054,0.781792,0.223481,2.87328
2.055,0.782012,0.216568,2.87328
2.056,0.782225,0.209654,2.87328
2.057,0.782431,0.202739,2.87328
2.058,0.78263,0.195822,2.87328
2.059,0.782823,0.188904,2.87328
2.06,0.783008,0.181984,2.87328
2.061,0.783187,0.175064,2.87328
2.062,0.783358,0.168142,2.87328
2.063,0.783523,0.161219,2.87328
2.064,0.783681,0.154294,2.87328
2.065,0.783832,0.147369,2.87328
2.066,0.783975,0.140443,2.87328
2.067,0.784112,0.133515,2.87328
2.068,0.784242,0.126587,2.87328
2.069,0.784366,0.119658,2.87328
2.07,0.784482,0.112728,2.87328
2.071,0.784591,0.105797,2.87328
2.072,0.784693,0.0988657,2.87328
2.073,0.784789,0.0919336,2.87328
2.074,0.784877,0.0850008,2.87328
2.075,0.784959,0.0780674,2.87328
2.076,0.785033,0.0711334,2.87328
2.077,0.785101,0.064199,2.87328
2.078,0.785162,0.0572641,2.87328
2.079,0.785216,0.0503289,2.87328
2.08,0.785262,0.0433933,2.87328
2.081,0.785302,0.0364573,2.87328
2.082,0.785335,0.0295212,2.87328
2.083,0.785361,0.0225848,2.87328
2.084,0.785381,0.0156483,2.87328
2.085,0.785393,0.00871162,2.87328
2.086,0.785398,0.00177492,2.87328
2.087,0.785396,-0.0051618,2.87328
2.088,0.785388,-0.0120985,2.87328
2.089,0.785372,-0.0190351,2.87328
2.09,0.78535,-0.0259715,2.87328
2.091,0.78532,-0.0329078,2.87328
2.092,0.785284,-0.0398439,2.87328
2.093,0.78524,-0.0467796,2.87328
2.094,0.78519,-0.0537151,2.87328
2.095,0.785133,-0.0606502,2.87328
2.096,0.785069,-0.0675848,2.87328
2.097,0.784998,-0.074519,2.87328
2.098,0.78492,-0.0814527,2.87328
2.099,0.784835,-0.0883858,2.87328
2.1,0.784743,-0.0953183,2.87328
2.101,0.784644,-0.10225,2.87328
2.102,0.784539,-0.109181,2.87328
2.103,0.784426,-0.116112,2.87328
2.104,0.784306,-0.123041,2.87328
2.105,0.78418,-0.12997,2.87328
2.106,0.784046,-0.136898,2.87328
2.107,0.783906,-0.143825,2.87328
2.108,0.783759,-0.15075,2.87328
2.109,0.783605,-0.157675,2.87328
2.11,0.783443,-0.164599,2.87328
2.111,0.783275,-0.171521,2.87328
2.112,0.7831,-0.178443,2.87328
2.113,0.782918,-0.185363,2.87328
2.114,0.78273,-0.192282,2.87328
2.115,0.782534,-0.199199,2.87328
2.116,0.782331,-0.206115,2.87328
2.117,0.782122,-0.21303,2.87328
2.118,0.781905,-0.219943,2.87328
2.119,0.781682,-0.226855,2.87328
2.12,0.781451,-0.233765,2.87328
2.121,0.781214,-0.240674,2.87328
2.122,0.78097,-0.24758,2.87328
2.123,0.780719,-0.254485,2.87328
2.124,0.780461,-0.261389,2.87328
2.125,0.780196,-0.26829,2.87328
2.126,0.779925,-0.27519,2.87328
2.127,0.779646,-0.282087,2.87328
2.128,0.77936,-0.288983,2.87328
2.129,0.779068,-0.295877,2.87328
2.13,0.778769,-0.302768,2.87328
2.131,0.778462,-0.309658,2.87328
2.132,0.778149,-0.316545,2.87328
2.133,0.777829,-0.32343,2.87328
2.134,0.777502,-0.330313,2.87328
2.135,0.777169,-0.337194,2.87328
2.136,0.776828,-0.344072,2.87328
2.137,0.776481,-0.350948,2.87328
2.138,0.776126,-0.357821,2.87328
2.139,0.775765,-0.364692,2.87328
2.14,0.775397,-0.37156,2.87328
2.141,0.775022,-0.378426,2.87328
2.142,0.77464,-0.385289,2.87328
2.143,0.774251,-0.392149,2.87328
2.144,0.773856,-0.399007,2.87328
2.145,0.773453,-0.405862,2.87328
2.146,0.773044,-0.412714,2.87328
2.147,0.772628,-0.419563,2.87328
2.148,0.772205,-0.426409,2.87328
2.149,0.771775,-0.433252,2.87328
2.15,0.771338,-0.440092,2.87328
2.151,0.770895,-0.446929,2.87328
2.152,0.770444,-0.453763,2.87328
2.153,0.769987,-0.460593,2.87328
2.154,0.769523,-0.467421,2.87328
2.155,0.769052,-0.474245,2.87328
2.156,0.768575,-0.481066,2.87328
2.157,0.76809,-0.487883,2.87328
2.158,0.767599,-0.494697,2.87328
2.159,0.767101,-0.501507,2.87328
2.16,0.766596,-0.508314,2.87328
2.161,0.766084,-0.515117,2.87328
2.162,0.765566,-0.521917,2.87328
2.163,0.76504,-0.528713,2.87328
2.164,0.764508,-0.535505,2.87328
2.165,0.763969,-0.542293,2.87328
2.166,0.763424,-0.549078,2.87328
2.167,0.762871,-0.555859,2.87328
2.168,0.762312,-0.562635,2.87328
2.169,0.761746,-0.569408,2.87328
2.17,0.761173,-0.576177,2.87328
2.171,0.760594,-0.582941,2.87328
2.172,0.760007,-0.589702,2.87328
2.173,0.759414,-0.596458,2.87328
2.174,0.758814,-0.60321,2.87328
2.175,0.758208,-0.609958,2.87328
2.176,0.757595,-0.616701,2.87328
2.177,0.756974,-0.62344,2.87328
2.178,0.756348,-0.630175,2.87328
2.179,0.755714,-0.636905,2.87328
2.18,0.755074,-0.64363,2.87328
2.181,0.754427,-0.650351,2.87328
2.182,0.753773,-0.657068,2.87328
2.183,0.753113,-0.663779,2.87328
2.184,0.752446,-0.670486,2.87328
2.185,0.751772,-0.677188,2.87328
2.186,0.751091,-0.683885,2.87328
2.187,0.750404,-0.690577,2.87328
2.188,0.74971,-0.697265,2.87328
2.189,0.749009,-0.703947,2.87328
2.19,0.748302,-0.710624,2.87328
2.191,0.747588,-0.717296,2.87328
2.192,0.746868,-0.723963,2.87328
2.193,0.74614,-0.730625,2.87328
2.194,0.745406,-0.737281,2.87328
2.195,0.744666,-0.743933,2.87328
2.196,0.743918,-0.750578,2.87328
2.197,0.743165,-0.757219,2.87328
2.198,0.742404,-0.763854,2.87328
2.199,0.741637,-0.770483,2.87328
2.2,0.740863,-0.777107,2.87328
2.201,0.740083,-0.783725,2.87328
2.202,0.739296,-0.790338,2.87328
2.203,0.738502,-0.796944,2.87328
2.204,0.737702,-0.803545,2.87328
2.205,0.736895,-0.810141,2.87328
2.206,0.736081,-0.81673,2.87328
2.207,0.735261,-0.823313,2.87328
2.208,0.734435,-0.829891,2.87328
2.209,0.733602,-0.836462,2.87328
2.21,0.732762,-0.843027,2.87328
2.211,0.731916,-0.849586,2.87328
2.212,0.731063,-0.856139,2.87328
2.213,0.730203,-0.862686,2.87328
2.214,0.729337,-0.869226,2.87328
2.215,0.728465,-0.87576,2.87328
2.216,0.727586,-0.882287,2.87328
2.217,0.7267,-0.888809,2.87328
2.218,0.725808,-0.895323,2.87328
2.219,0.72491,-0.901831,2.87328
2.22,0.724005,-0.908333,2.87328
2.221,0.723093,-0.914827,2.87328
2.222,0.722175,-0.921315,2.87328
2.223,0.72125,-0.927796,2.87328
2.224,0.720319,-0.934271,2.87328
2.225,0.719382,-0.940738,2.87328
2.226,0.718438,-0.947199,2.87328
2.227,0.717487,-0.953652,2.87328
2.228,0.716531,-0.960099,2.87328
2.229,0.715567,-0.966538,2.87328
2.23,0.714597,-0.97297,2.87328
2.231,0.713621,-0.979395,2.87328
2.232,0.712639,-0.985813,2.87328
2.233,0.71165,-0.992223,2.87328
2.234,0.710654,-0.998627,2.87328
2.235,0.709652,-1.00502,2.87328
2.236,0.708644,-1.01141,2.87328
2.237,0.70763,-1.01779,2.87328
2.238,0.706609,-1.02416,2.87328
2.239,0.705581,-1.03053,2.87328
2.24,0.704548,-1.03689,2.87328
2.241,0.703507,-1.04324,2.87328
2.242,0.702461,-1.04958,2.87328
2.243,0.701408,-1.05591,2.87328
2.244,0.700349,-1.06224,2.87328
2.245,0.699284,-1.06856,2.87328
2.246,0.698212,-1.07487,2.87328
2.247,0.697134,-1.08117,2.87328
2.248,0.69605,-1.08747,2.87328
2.249,0.694959,-1.09375,2.87328
2.25,0.693862,-1.10003,2.87328
2.251,0.692759,-1.1063,2.87328
2.252,0.69165,-1.11256,2.87328
2.253,0.690534,-1.11881,2.87328
2.254,0.689412,-1.12506,2.87328
2.255,0.688284,-1.13129,2.87328
2.256,0.687149,-1.13752,2.87328
2.257,0.686009,-1.14374,2.87328
2.258,0.684862,-1.14995,2.87328
2.259,0.683709,-1.15615,2.87328
2.26,0.68255,-1.16234,2.87328
2.261,0.681384,-1.16852,2.87328
2.262,0.680213,-1.1747,2.87328
2.263,0.679035,-1.18086,2.87328
2.264,0.677851,-1.18702,2.87328
2.265,0.676661,-1.19317,2.87328
2.266,0.675465,-1.19931,2.87328
2.267,0.674262,-1.20544,2.87328
2.268,0.673054,-1.21156,2.87328
2.269,0.671839,-1.21767,2.87328
2.27,0.670618,-1.22377,2.87328
2.271,0.669392,-1.22986,2.87328
2.272,0.668159,-1.23594,2.87328
2.273,0.66692,-1.24202,2.87328
2.274,0.665675,-1.24808,2.87328
2.275,0.664424,-1.25413,2.87328
2.276,0.663166,-1.26018,2.87328
2.277,0.661903,-1.26621,2.87328
2.278,0.660634,-1.27224,2.87328
2.279,0.659359,-1.27825,2.87328
2.28,0.658078,-1.28425,2.87328
2.281,0.65679,-1.29025,2.87328
2.282,0.655497,-1.29623,2.87328
2.283,0.654198,-1.30221,2.87328
2.284,0.652893,-1.30817,2.87328
2.285,0.651581,-1.31413,2.87328
2.286,0.650264,-1.32007,2.87328
2.287,0.648941,-1.32601,2.87328
2.288,0.647612,-1.33193,2.87328
2.289,0.646277,-1.33784,2.87328
2.29,0.644937,-1.34374,2.87328
2.291,0.64359,-1.34964,2.87328
2.292,0.642237,-1.35552,2.87328
2.293,0.640879,-1.36139,2.87328
2.294,0.639515,-1.36725,2.87328
2.295,0.638144,-1.3731,2.87328
2.296,0.636768,-1.37894,2.87328
2.297,0.635387,-1.38476,2.87328
2.298,0.633999,-1.39058,2.87328
2.299,0.632605,-1.39639,2.87328
2.3,0.631206,-1.40218,2.87328
2.301,0.629801,-1.40796,2.87328
2.302,0.62839,-1.41374,2.87328
2.303,0.626974,-1.4195,2.87328
2.304,0.625551,-1.42525,2.87328
2.305,0.624123,-1.43099,2.87328
2.306,0.622689,-1.43671,2.87328
2.307,0.62125,-1.44243,2.87328
2.308,0.619804,-1.44813,2.87328
2.309,0.618353,-1.45383,2.87328
2.31,0.616897,-1.45951,2.87328
2.311,0.615434,-1.46518,2.87328
2.312,0.613966,-1.47083,2.87328
2.313,0.612493,-1.47648,2.87328
2.314,0.611013,-1.48211,2.87328
2.315,0.609529,-1.48774,2.87328
2.316,0.608038,-1.49335,2.87328
2.317,0.606542,-1.49894,2.87328
2.318,0.60504,-1.50453,2.87328
2.319,0.603533,-1.5101,2.87328
2.32,0.60202,-1.51566,2.87328
2.321,0.600501,-1.52121,2.87328
2.322,0.598977,-1.52675,2.87328
2.323,0.597448,-1.53228,2.87328
2.324,0.595913,-1.53779,2.87328
2.325,0.594372,-1.54329,2.87328
2.326,0.592826,-1.54878,2.87328
2.327,0.591275,-1.55425,2.87328
2.328,0.589718,-1.55971,2.87328
2.329,0.588155,-1.56516,2.87328
2.33,0.586588,-1.5706,2.87328
2.331,0.585014,-1.57602,2.87328
2.332,0.583435,-1.58143,2.87328
2.333,0.581851,-1.58683,2.87328
2.334,0.580262,-1.59221,2.87328
2.335,0.578667,-1.59759,2.87328
2.336,0.577067,-1.60294,2.87328
2.337,0.575461,-1.60829,2.87328
2.338,0.57385,-1.61362,2.87328
2.339,0.572234,-1.61894,2.87328
2.34,0.570612,-1.62425,2.87328
2.341,0.568985,-1.62954,2.87328
2.342,0.567353,-1.63482,2.87328
2.343,0.565716,-1.64008,2.87328
2.344,0.564073,-1.64533,2.87328
2.345,0.562425,-1.65057,2.87328
2.346,0.560772,-1.6558,2.87328
2.347,0.559113,-1.66101,2.87328
2.348,0.55745,-1.6662,2.87328
2.349,0.555781,-1.67139,2.87328
2.35,0.554107,-1.67656,2.87328
2.351,0.552428,-1.68171,2.87328
2.352,0.550744,-1.68685,2.87328
2.353,0.549054,-1.69198,2.87328
2.354,0.54736,-1.69709,2.87328
2.355,0.54566,-1.70219,2.87328
2.356,0.543955,-1.70727,2.87328
2.357,0.542246,-1.71234,2.87328
2.358,0.540531,-1.7174,2.87328
2.359,0.538811,-1.72244,2.87328
2.36,0.537086,-1.72746,2.87328
2.361,0.535356,-1.73248,2.87328
2.362,0.533621,-1.73747,2.87328
2.363,0.531881,-1.74246,2.87328
2.364,0.530136,-1.74742,2.87328
2.365,0.528386,-1.75238,2.87328
2.366,0.526631,-1.75732,2.87328
2.367,0.524871,-1.76224,2.87328
2.368,0.523107,-1.76715,2.87328
2.369,0.521337,-1.77204,2.87328
2.37,0.519563,-1.77692,2.87328
2.371,0.517783,-1.78178,2.87328
2.372,0.515999,-1.78663,2.87328
2.373,0.51421,-1.79146,2.87328
2.374,0.512416,-1.79628,2.87328
2.375,0.510617,-1.80108,2.87328
2.376,0.508814,-1.80587,2.87328
2.377,0.507006,-1.81064,2.87328
2.378,0.505193,-1.81539,2.87328
2.379,0.503375,-1.82013,2.87328
2.38,0.501552,-1.82486,2.87328
2.381,0.499725,-1.82957,2.87328
2.382,0.497893,-1.83426,2.87328
2.383,0.496057,-1.83894,2.87328
2.384,0.494215,-1.8436,2.87328
2.385,0.49237,-1.84824,2.87328
2.386,0.490519,-1.85287,2.87328
2.387,0.488664,-1.85749,2.87328
2.388,0.486804,-1.86208,2.87328
2.389,0.48494,-1.86667,2.87328
2.39,0.483071,-1.87123,2.87328
2.391,0.481197,-1.87578,2.87328
2.392,0.479319,-1.88031,2.87328
2.393,0.477437,-1.88483,2.87328
2.394,0.475549,-1.88933,2.87328
2.395,0.473658,-1.89381,2.87328
2.396,0.471762,-1.89828,2.87328
2.397,0.469861,-1.90273,2.87328
2.398,0.467956,-1.90716,2.87328
2.399,0.466047,-1.91158,2.87328
2.4,0.464133,-1.91598,2.87328
2.401,0.462215,-1.92036,2.87328
2.402,0.460293,-1.92472,2.87328
2.403,0.458366,-1.92907,2.87328
2.404,0.456434,-1.93341,2.87328
2.405,0.454499,-1.93772,2.87328
2.406,0.452559,-1.94202,2.87328
2.407,0.450615,-1.9463,2.87328
2.408,0.448666,-1.95056,2.87328
2.409,0.446714,-1.95481,2.87328
2.41,0.444757,-1.95904,2.87328
2.411,0.442796,-1.96325,2.87328
2.412,0.44083,-1.96745,2.87328
2.413,0.438861,-1.97162,2.87328
2.414,0.436887,-1.97578,2.87328
2.415,0.434909,-1.97993,2.87328
2.416,0.432927,-1.98405,2.87328
2.417,0.430941,-1.98816,2.87328
2.418,0.428951,-1.99225,2.87328
2.419,0.426957,-1.99632,2.87328
2.42,0.424958,-2.00037,2.87328
2.421,0.422956,-2.00441,2.87328
2.422,0.420949,-2.00842,2.87328
2.423,0.418939,-2.01242,2.87328
2.424,0.416925,-2.01641,2.87328
2.425,0.414906,-2.02037,2.87328
2.426,0.412884,-2.02431,2.87328
2.427,0.410858,-2.02824,2.87328
2.428,0.408827,-2.03215,2.87328
2.429,0.406793,-2.03604,2.87328
2.43,0.404755,-2.03991,2.87328
2.431,0.402713,-2.04377,2.87328
2.432,0.400668,-2.0476,2.87328
2.433,0.398618,-2.05142,2.87328
2.434,0.396565,-2.05522,2.87328
2.435,0.394508,-2.059,2.87328
2.436,0.392447,-2.06276,2.87328
2.437,0.390382,-2.0665,2.87328
2.438,0.388314,-2.07023,2.87328
2.439,0.386242,-2.07393,2.87328
2.44,0.384166,-2.07762,2.87328
2.441,0.382087,-2.08128,2.87328
2.442,0.380004,-2.08493,2.87328
2.443,0.377917,-2.08856,2.87328
2.444,0.375826,-2.09217,2.87328
2.445,0.373732,-2.09576,2.87328
2.446,0.371635,-2.09933,2.87328
2.447,0.369534,-2.10289,2.87328
2.448,0.367429,-2.10642,2.87328
2.449,0.365321,-2.10993,2.87328
2.45,0.363209,-2.11343,2.87328
2.451,0.361094,-2.11691,2.87328
2.452,0.358975,-2.12036,2.87328
2.453,0.356853,-2.1238,2.87328
2.454,0.354728,-2.12722,2.87328
2.455,0.352599,-2.13061,2.87328
2.456,0.350467,-2.13399,2.87328
2.457,0.348331,-2.13735,2.87328
2.458,0.346192,-2.14069,2.87328
2.459,0.34405,-2.14401,2.87328
2.46,0.341904,-2.14731,2.87328
2.461,0.339755,-2.15058,2.87328
2.462,0.337603,-2.15384,2.87328
2.463,0.335447,-2.15708,2.87328
2.464,0.333289,-2.1603,2.87328
2.465,0.331127,-2.1635,2.87328
2.466,0.328962,-2.16668,2.87328
2.467,0.326793,-2.16984,2.87328
2.468,0.324622,-2.17298,2.87328
2.469,0.322447,-2.1761,2.87328
2.47,0.32027,-2.1792,2.87328
2.471,0.318089,-2.18227,2.87328
2.472,0.315905,-2.18533,2.87328
2.473,0.313718,-2.18837,2.87328
2.474,0.311529,-2.19139,2.87328
2.475,0.309336,-2.19438,2.87328
2.476,0.30714,-2.19736,2.87328
2.477,0.304941,-2.20032,2.87328
2.478,0.302739,-2.20325,2.87328
2.479,0.300534,-2.20617,2.87328
2.48,0.298327,-2.20906,2.87328
2.481,0.296116,-2.21193,2.87328
2.482,0.293903,-2.21478,2.87328
2.483,0.291687,-2.21762,2.87328
2.484,0.289468,-2.22043,2.87328
2.485,0.287246,-2.22322,2.87328
2.486,0.285021,-2.22598,2.87328
2.487,0.282794,-2.22873,2.87328
2.488,0.280564,-2.23146,2.87328
2.489,0.278331,-2.23417,2.87328
2.49,0.276096,-2.23685,2.87328
2.491,0.273857,-2.23951,2.87328
2.492,0.271616,-2.24216,2.87328
2.493,0.269373,-2.24478,2.87328
2.494,0.267127,-2.24738,2.87328
2.495,0.264878,-2.24996,2.87328
2.496,0.262627,-2.25251,2.87328
2.497,0.260373,-2.25505,2.87328
2.498,0.258117,-2.25757,2.87328
2.499,0.255858,-2.26006,2.87328
2.5,0.253597,-2.26253,2.87328
2.501,0.251333,-2.26498,2.87328
2.502,0.249067,-2.26741,2.87328
2.503,0.246798,-2.26982,2.87328
2.504,0.244527,-2.2722,2.87328
2.505,0.242254,-2.27457,2.87328
2.506,0.239978,-2.27691,2.87328
2.507,0.2377,-2.27923,2.87328
2.508,0.23542,-2.28153,2.87328
2.509,0.233137,-2.28381,2.87328
2.51,0.230852,-2.28606,2.87328
2.511,0.228565,-2.2883,2.87328
2.512,0.226275,-2.29051,2.87328
2.513,0.223984,-2.2927,2.87328
2.514,0.22169,-2.29487,2.87328
2.515,0.219394,-2.29701,2.87328
2.516,0.217096,-2.29914,2.87328
2.517,0.214796,-2.30124,2.87328
2.518,0.212494,-2.30332,2.87328
2.519,0.210189,-2.30538,2.87328
2.52,0.207883,-2.30741,2.87328
2.521,0.205574,-2.30943,2.87328
2.522,0.203264,-2.31142,2.87328
2.523,0.200952,-2.31339,2.87328
2.524,0.198637,-2.31533,2.87328
2.525,0.196321,-2.31726,2.87328
2.526,0.194003,-2.31916,2.87328
2.527,0.191683,-2.32104,2.87328
2.528,0.189361,-2.3229,2.87328
2.529,0.187037,-2.32473,2.87328
2.53,0.184711,-2.32655,2.87328
2.531,0.182384,-2.32834,2.87328
2.532,0.180055,-2.3301,2.87328
2.533,0.177724,-2.33185,2.87328
2.534,0.175391,-2.33357,2.87328
2.535,0.173056,-2.33527,2.87328
2.536,0.17072,-2.33695,2.87328
2.537,0.168383,-2.33861,2.87328
2.538,0.166043,-2.34024,2.87328
2.539,0.163702,-2.34185,2.87328
2.54,0.161359,-2.34344,2.87328
2.541,0.159015,-2.345,2.87328
2.542,0.156669,-2.34654,2.87328
2.543,0.154322,-2.34806,2.87328
2.544,0.151973,-2.34956,2.87328
2.545,0.149623,-2.35103,2.87328
2.546,0.147271,-2.35248,2.87328
2.547,0.144918,-2.35391,2.87328
2.548,0.142563,-2.35532,2.87328
2.549,0.140207,-2.3567,2.87328
2.55,0.13785,-2.35806,2.87328
2.551,0.135491,-2.3594,2.87328
2.552,0.133131,-2.36071,2.87328
2.553,0.13077,-2.362,2.87328
2.554,0.128407,-2.36327,2.87328
2.555,0.126043,-2.36451,2.87328
2.556,0.123678,-2.36573,2.87328
2.557,0.121312,-2.36693,2.87328
2.558,0.118944,-2.36811,2.87328
2.559,0.116576,-2.36926,2.87328
2.56,0.114206,-2.37039,2.87328
2.561,0.111835,-2.3715,2.87328
2.562,0.109463,-2.37258,2.87328
2.563,0.10709,-2.37364,2.87328
2.564,0.104716,-2.37468,2.87328
2.565,0.10234,-2.37569,2.87328
2.566,0.0999642,-2.37668,2.87328
2.567,0.0975871,-2.37765,2.87328
2.568,0.0952089,-2.37859,2.87328
2.569,0.0928299,-2.37951,2.87328
2.57,0.0904499,-2.38041,2.87328
2.571,0.0880691,-2.38129,2.87328
2.572,0.0856873,-2.38214,2.87328
2.573,0.0833048,-2.38297,2.87328
2.574,0.0809214,-2.38377,2.87328
2.575,0.0785373,-2.38455,2.87328
2.576,0.0761523,-2.38531,2.87328
2.577,0.0737666,-2.38604,2.87328
2.578,0.0713802,-2.38676,2.87328
2.579,0.0689931,-2.38744,2.87328
2.58,0.0666054,-2.38811,2.87328
2.581,0.0642169,-2.38875,2.87328
2.582,0.0618279,-2.38937,2.87328
2.583,0.0594382,-2.38996,2.87328
2.584,0.057048,-2.39053,2.87328
2.585,0.0546572,-2.39108,2.87328
2.586,0.0522658,-2.3916,2.87328
2.587,0.049874,-2.39211,2.87328
2.588,0.0474816,-2.39258,2.87328
2.589,0.0450888,-2.39304,2.87328
2.59,0.0426955,-2.39347,2.87328
2.591,0.0403019,-2.39387,2.87328
2.592,0.0379078,-2.39426,2.87328
2.593,0.0355134,-2.39462,2.87328
2.594,0.0331186,-2.39495,2.87328
2.595,0.0307235,-2.39527,2.87328
2.596,0.028328,-2.39556,2.87328
2.597,0.0259324,-2.39582,2.87328
2.598,0.0235364,-2.39607,2.87328
2.599,0.0211402,-2.39628,2.87328
2.6,0.0187438,-2.39648,2.87328
2.601,0.0163473,-2.39665,2.87328
2.602,0.0139505,-2.3968,2.87328
2.603,0.0115537,-2.39693,2.87328
2.604,0.0091567,-2.39703,2.87328
2.605,0.00675963,-2.39711,2.87328
2.606,0.0043625,-2.39716,2.87328
2.607,0.00196532,-2.39719,2.87328
2.608,-0.000431878,-2.3972,2.87328
2.609,-0.00282907,-2.39718,2.87328
2.61,-0.00522624,-2.39714,2.87328
2.611,-0.00762335,-2.39708,2.87328
2.612,-0.0100204,-2.39699,2.87328
2.613,-0.0124173,-2.39688,2.87328
2.614,-0.0148141,-2.39675,2.87328
2.615,-0.0172108,-2.39659,2.87328
2.616,-0.0196073,-2.39641,2.87328
2.617,-0.0220036,-2.39621,2.87328
2.618,-0.0243997,-2.39598,2.87328
2.619,-0.0267956,-2.39573,2.87328
2.62,-0.0291912,-2.39546,2.87328
2.621,-0.0315865,-2.39516,2.87328
2.622,-0.0339815,-2.39484,2.87328
2.623,-0.0363762,-2.39449,2.87328
2.624,-0.0387705,-2.39412,2.87328
2.625,-0.0411644,-2.39373,2.87328
2.626,-0.0435579,-2.39331,2.87328
2.627,-0.045951,-2.39288,2.87328
2.628,-0.0483437,-2.39241,2.87328
2.629,-0.0507358,-2.39193,2.87328
2.63,-0.0531275,-2.39142,2.87328
2.631,-0.0555187,-2.39089,2.87328
2.632,-0.0579093,-2.39033,2.87328
2.633,-0.0602993,-2.38975,2.87328
2.634,-0.0626888,-2.38915,2.87328
2.635,-0.0650776,-2.38852,2.87328
2.636,-0.0674658,-2.38787,2.87328
2.637,-0.0698533,-2.3872,2.87328
2.638,-0.0722402,-2.3865,2.87328
2.639,-0.0746263,-2.38578,2.87328
2.64,-0.0770118,-2.38504,2.87328
2.641,-0.0793964,-2.38427,2.87328
2.642,-0.0817803,-2.38348,2.87328
2.643,-0.0841634,-2.38267,2.87328
2.644,-0.0865456,-2.38183,2.87328
2.645,-0.088927,-2.38097,2.87328
2.646,-0.0913076,-2.38009,2.87328
2.647,-0.0936872,-2.37919,2.87328
2.648,-0.0960659,-2.37826,2.87328
2.649,-0.0984437,-2.3773,2.87328
2.65,-0.100821,-2.37633,2.87328
2.651,-0.103196,-2.37533,2.87328
2.652,-0.105571,-2.37431,2.87328
2.653,-0.107945,-2.37326,2.87328
2.654,-0.110318,-2.37219,2.87328
2.655,-0.112689,-2.3711,2.87328
2.656,-0.11506,-2.36999,2.87328
2.657,-0.117429,-2.36885,2.87328
2.658,-0.119798,-2.36769,2.87328
2.659,-0.122165,-2.3665,2.87328
2.66,-0.124531,-2.3653,2.87328
2.661,-0.126895,-2.36407,2.87328
2.662,-0.129259,-2.36281,2.87328
2.663,-0.131621,-2.36154,2.87328
2.664,-0.133982,-2.36024,2.87328
2.665,-0.136341,-2.35892,2.87328
2.666,-0.1387,-2.35757,2.87328
2.667,-0.141056,-2.3562,2.87328
2.668,-0.143412,-2.35481,2.87328
2.669,-0.145766,-2.3534,2.87328
2.67,-0.148119,-2.35196,2.87328
2.671,-0.15047,-2.3505,2.87328
2.672,-0.15282,-2.34902,2.87328
2.673,-0.155168,-2.34752,2.87328
2.674,-0.157515,-2.34599,2.87328
2.675,-0.15986,-2.34444,2.87328
2.676,-0.162204,-2.34287,2.87328
2.677,-0.164546,-2.34127,2.87328
2.678,-0.166886,-2.33965,2.87328
2.679,-0.169225,-2.33801,2.87328
2.68,-0.171562,-2.33635,2.87328
2.681,-0.173898,-2.33466,2.87328
2.682,-0.176232,-2.33295,2.87328
2.683,-0.178564,-2.33122,2.87328
2.684,-0.180894,-2.32947,2.87328
2.685,-0.183223,-2.32769,2.87328
2.686,-0.185549,-2.3259,2.87328
2.687,-0.187874,-2.32407,2.87328
2.688,-0.190198,-2.32223,2.87328
2.689,-0.192519,-2.32036,2.87328
2.69,-0.194838,-2.31848,2.87328
2.691,-0.197156,-2.31657,2.87328
2.692,-0.199471,-2.31463,2.87328
2.693,-0.201785,-2.31268,2.87328
2.694,-0.204097,-2.3107,2.87328
2.695,-0.206406,-2.3087,2.87328
2.696,-0.208714,-2.30668,2.87328
2.697,-0.21102,-2.30464,2.87328
2.698,-0.213323,-2.30257,2.87328
2.699,-0.215625,-2.30048,2.87328
2.7,-0.217924,-2.29837,2.87328
2.701,-0.220222,-2.29624,2.87328
2.702,-0.222517,-2.29409,2.87328
2.703,-0.22481,-2.29191,2.87328
2.704,-0.227101,-2.28971,2.87328
2.705,-0.229389,-2.28749,2.87328
2.706,-0.231676,-2.28525,2.87328
2.707,-0.23396,-2.28299,2.87328
2.708,-0.236242,-2.2807,2.87328
2.709,-0.238521,-2.2784,2.87328
2.71,-0.240798,-2.27607,2.87328
2.711,-0.243073,-2.27372,2.87328
2.712,-0.245346,-2.27135,2.87328
2.713,-0.247616,-2.26895,2.87328
2.714,-0.249884,-2.26654,2.87328
2.715,-0.252149,-2.2641,2.87328
2.716,-0.254412,-2.26164,2.87328
2.717,-0.256672,-2.25916,2.87328
2.718,-0.25893,-2.25666,2.87328
2.719,-0.261186,-2.25414,2.87328
2.72,-0.263438,-2.2516,2.87328
2.721,-0.265689,-2.24903,2.87328
2.722,-0.267937,-2.24644,2.87328
2.723,-0.270182,-2.24384,2.87328
2.724,-0.272424,-2.24121,2.87328
2.725,-0.274664,-2.23856,2.87328
2.726,-0.276901,-2.23589,2.87328
2.727,-0.279136,-2.23319,2.87328
2.728,-0.281368,-2.23048,2.87328
2.729,-0.283597,-2.22775,2.87328
2.73,-0.285823,-2.22499,2.87328
2.731,-0.288047,-2.22221,2.87328
2.732,-0.290268,-2.21942,2.87328
2.733,-0.292486,-2.2166,2.87328
2.734,-0.294701,-2.21376,2.87328
2.735,-0.296913,-2.2109,2.87328
2.736,-0.299123,-2.20802,2.87328
2.737,-0.301329,-2.20512,2.87328
2.738,-0.303533,-2.2022,2.87328
2.739,-0.305734,-2.19925,2.87328
2.74,-0.307931,-2.19629,2.87328
2.741,-0.310126,-2.19331,2.87328
2.742,-0.312318,-2.1903,2.87328
2.743,-0.314507,-2.18728,2.87328
2.744,-0.316692,-2.18423,2.87328
2.745,-0.318875,-2.18117,2.87328
2.746,-0.321055,-2.17808,2.87328
2.747,-0.323231,-2.17498,2.87328
2.748,-0.325405,-2.17185,2.87328
2.749,-0.327575,-2.1687,2.87328
2.75,-0.329742,-2.16554,2.87328
2.751,-0.331906,-2.16235,2.87328
2.752,-0.334067,-2.15914,2.87328
2.753,-0.336224,-2.15592,2.87328
2.754,-0.338379,-2.15267,2.87328
2.755,-0.34053,-2.14941,2.87328
2.756,-0.342677,-2.14612,2.87328
2.757,-0.344822,-2.14281,2.87328
2.758,-0.346963,-2.13949,2.87328
2.759,-0.349101,-2.13614,2.87328
2.76,-0.351235,-2.13278,2.87328
2.761,-0.353366,-2.12939,2.87328
2.762,-0.355494,-2.12599,2.87328
2.763,-0.357618,-2.12256,2.87328
2.764,-0.359739,-2.11912,2.87328
2.765,-0.361857,-2.11566,2.87328
2.766,-0.363971,-2.11217,2.87328
2.767,-0.366081,-2.10867,2.87328
2.768,-0.368188,-2.10515,2.87328
2.769,-0.370291,-2.10161,2.87328
2.77,-0.372391,-2.09805,2.87328
2.771,-0.374487,-2.09447,2.87328
2.772,-0.37658,-2.09087,2.87328
2.773,-0.378669,-2.08726,2.87328
2.774,-0.380755,-2.08362,2.87328
2.775,-0.382836,-2.07996,2.87328
2.776,-0.384914,-2.07629,2.87328
2.777,-0.386989,-2.0726,2.87328
2.778,-0.38906,-2.06889,2.87328
2.779,-0.391127,-2.06515,2.87328
2.78,-0.39319,-2.06141,2.87328
2.781,-0.395249,-2.05764,2.87328
2.782,-0.397305,-2.05385,2.87328
2.783,-0.399357,-2.05005,2.87328
2.784,-0.401405,-2.04622,2.87328
2.785,-0.40345,-2.04238,2.87328
2.786,-0.40549,-2.03852,2.87328
2.787,-0.407527,-2.03464,2.87328
2.788,-0.409559,-2.03074,2.87328
2.789,-0.411588,-2.02683,2.87328
2.79,-0.413613,-2.02289,2.87328
2.791,-0.415634,-2.01894,2.87328
2.792,-0.417651,-2.01497,2.87328
2.793,-0.419664,-2.01098,2.87328
2.794,-0.421673,-2.00698,2.87328
2.795,-0.423678,-2.00295,2.87328
2.796,-0.425679,-1.99891,2.87328
2.797,-0.427676,-1.99485,2.87328
2.798,-0.429668,-1.99077,2.87328
2.799,-0.431657,-1.98668,2.87328
2.8,-0.433642,-1.98257,2.87328
2.801,-0.435622,-1.97844,2.87328
2.802,-0.437599,-1.97429,2.87328
2.803,-0.439571,-1.97012,2.87328
2.804,-0.441539,-1.96594,2.87328
2.805,-0.443503,-1.96174,2.87328
2.806,-0.445462,-1.95752,2.87328
2.807,-0.447418,-1.95328,2.87328
2.808,-0.449369,-1.94903,2.87328
2.809,-0.451316,-1.94476,2.87328
2.81,-0.453258,-1.94047,2.87328
2.811,-0.455197,-1.93617,2.87328
2.812,-0.457131,-1.93185,2.87328
2.813,-0.45906,-1.92751,2.87328
2.814,-0.460986,-1.92315,2.87328
2.815,-0.462907,-1.91878,2.87328
2.816,-0.464823,-1.91439,2.87328
2.817,-0.466736,-1.90999,2.87328
2.818,-0.468643,-1.90556,2.87328
2.819,-0.470547,-1.90112,2.87328
2.82,-0.472446,-1.89667,2.87328
2.821,-0.47434,-1.8922,2.87328
2.822,-0.47623,-1.88771,2.87328
2.823,-0.478115,-1.8832,2.87328
2.824,-0.479996,-1.87868,2.87328
2.825,-0.481873,-1.87414,2.87328
2.826,-0.483745,-1.86959,2.87328
2.827,-0.485612,-1.86502,2.87328
2.828,-0.487475,-1.86043,2.87328
2.829,-0.489333,-1.85583,2.87328
2.83,-0.491186,-1.85121,2.87328
2.831,-0.493035,-1.84657,2.87328
2.832,-0.494879,-1.84192,2.87328
2.833,-0.496719,-1.83725,2.87328
2.834,-0.498554,-1.83257,2.87328
2.835,-0.500384,-1.82787,2.87328
2.836,-0.50221,-1.82316,2.87328
2.837,-0.50403,-1.81843,2.87328
2.838,-0.505847,-1.81368,2.87328
2.839,-0.507658,-1.80892,2.87328
2.84,-0.509464,-1.80415,2.87328
2.841,-0.511266,-1.79935,2.87328
2.842,-0.513063,-1.79455,2.87328
2.843,-0.514855,-1.78972,2.87328
2.844,-0.516642,-1.78488,2.87328
2.845,-0.518425,-1.78003,2.87328
2.846,-0.520203,-1.77516,2.87328
2.847,-0.521975,-1.77028,2.87328
2.848,-0.523743,-1.76538,2.87328
2.849,-0.525506,-1.76047,2.87328
2.85,-0.527264,-1.75554,2.87328
2.851,-0.529017,-1.75059,2.87328
2.852,-0.530765,-1.74564,2.87328
2.853,-0.532508,-1.74066,2.87328
2.854,-0.534247,-1.73567,2.87328
2.855,-0.53598,-1.73067,2.87328
2.856,-0.537708,-1.72566,2.87328
2.857,-0.539431,-1.72062,2.87328
2.858,-0.541149,-1.71558,2.87328
2.859,-0.542862,-1.71052,2.87328
2.86,-0.54457,-1.70544,2.87328
2.861,-0.546273,-1.70035,2.87328
2.862,-0.547971,-1.69525,2.87328
2.863,-0.549664,-1.69013,2.87328
2.864,-0.551351,-1.685,2.87328
2.865,-0.553034,-1.67985,2.87328
2.866,-0.554711,-1.67469,2.87328
2.867,-0.556383,-1.66952,2.87328
2.868,-0.55805,-1.66433,2.87328
2.869,-0.559712,-1.65913,2.87328
2.87,-0.561368,-1.65392,2.87328
2.871,-0.563019,-1.64869,2.87328
2.872,-0.564665,-1.64344,2.87328
2.873,-0.566306,-1.63819,2.87328
2.874,-0.567942,-1.63292,2.87328
2.875,-0.569572,-1.62763,2.87328
2.876,-0.571197,-1.62234,2.87328
2.877,-0.572817,-1.61703,2.87328
2.878,-0.574431,-1.6117,2.87328
2.879,-0.57604,-1.60637,2.87328
2.88,-0.577644,-1.60102,2.87328
2.881,-0.579242,-1.59565,2.87328
2.882,-0.580835,-1.59028,2.87328
2.883,-0.582423,-1.58489,2.87328
2.884,-0.584005,-1.57948,2.87328
2.885,-0.585582,-1.57407,2.87328
2.886,-0.587153,-1.56864,2.87328
2.887,-0.588719,-1.5632,2.87328
2.888,-0.590279,-1.55775,2.87328
2.889,-0.591834,-1.55228,2.87328
2.89,-0.593384,-1.5468,2.87328
2.891,-0.594928,-1.54131,2.87328
2.892,-0.596467,-1.5358,2.87328
2.893,-0.598,-1.53029,2.87328
2.894,-0.599527,-1.52476,2.87328
2.895,-0.601049,-1.51922,2.87328
2.896,-0.602566,-1.51366,2.87328
2.897,-0.604077,-1.5081,2.87328
2.898,-0.605582,-1.50252,2.87328
2.899,-0.607082,-1.49693,2.87328
2.9,-0.608576,-1.49133,2.87328
2.901,-0.610064,-1.48571,2.87328
2.902,-0.611547,-1.48008,2.87328
2.903,-0.613024,-1.47445,2.87328
2.904,-0.614496,-1.4688,2.87328
2.905,-0.615962,-1.46313,2.87328
2.906,-0.617422,-1.45746,2.87328
2.907,-0.618877,-1.45178,2.87328
2.908,-0.620326,-1.44608,2.87328
2.909,-0.621769,-1.44037,2.87328
2.91,-0.623207,-1.43465,2.87328
2.911,-0.624638,-1.42892,2.87328
2.912,-0.626064,-1.42318,2.87328
2.913,-0.627485,-1.41742,2.87328
2.914,-0.628899,-1.41166,2.87328
2.915,-0.630308,-1.40588,2.87328
2.916,-0.631711,-1.40009,2.87328
2.917,-0.633108,-1.3943,2.87328
2.918,-0.6345,-1.38849,2.87328
2.919,-0.635885,-1.38267,2.87328
2.92,-0.637265,-1.37683,2.87328
2.921,-0.638639,-1.37099,2.87328
2.922,-0.640007,-1.36514,2.87328
2.923,-0.641369,-1.35927,2.87328
2.924,-0.642725,-1.3534,2.87328
2.925,-0.644076,-1.34751,2.87328
2.926,-0.64542,-1.34162,2.87328
2.927,-0.646759,-1.33571,2.87328
2.928,-0.648092,-1.3298,2.87328
2.929,-0.649419,-1.32387,2.87328
2.93,-0.65074,-1.31793,2.87328
2.931,-0.652055,-1.31198,2.87328
2.932,-0.653364,-1.30603,2.87328
2.933,-0.654667,-1.30006,2.87328
2.934,-0.655964,-1.29408,2.87328
2.935,-0.657255,-1.28809,2.87328
2.936,-0.65854,-1.28209,2.87328
2.937,-0.659819,-1.27608,2.87328
2.938,-0.661092,-1.27007,2.87328
2.939,-0.662359,-1.26404,2.87328
2.94,-0.66362,-1.258,2.87328
2.941,-0.664875,-1.25195,2.87328
2.942,-0.666124,-1.2459,2.87328
2.943,-0.667367,-1.23983,2.87328
2.944,-0.668604,-1.23375,2.87328
2.945,-0.669834,-1.22767,2.87328
2.946,-0.671059,-1.22157,2.87328
2.947,-0.672277,-1.21547,2.87328
2.948,-0.67349,-1.20935,2.87328
2.949,-0.674696,-1.20323,2.87328
2.95,-0.675896,-1.1971,2.87328
2.951,-0.67709,-1.19095,2.87328
2.952,-0.678278,-1.1848,2.87328
2.953,-0.67946,-1.17864,2.87328
2.954,-0.680636,-1.17248,2.87328
2.955,-0.681805,-1.1663,2.87328
2.956,-0.682968,-1.16011,2.87328
2.957,-0.684125,-1.15392,2.87328
2.958,-0.685276,-1.14771,2.87328
2.959,-0.686421,-1.1415,2.87328
2.96,-0.687559,-1.13528,2.87328
2.961,-0.688691,-1.12905,2.87328
2.962,-0.689817,-1.12281,2.87328
2.963,-0.690937,-1.11656,2.87328
2.964,-0.69205,-1.1103,2.87328
2.965,-0.693157,-1.10404,2.87328
2.966,-0.694258,-1.09777,2.87328
2.967,-0.695353,-1.09149,2.87328
2.968,-0.696441,-1.0852,2.87328
2.969,-0.697523,-1.0789,2.87328
2.97,-0.698599,-1.0726,2.87328
2.971,-0.699668,-1.06628,2.87328
2.972,-0.700732,-1.05996,2.87328
2.973,-0.701788,-1.05363,2.87328
2.974,-0.702839,-1.04729,2.87328
2.975,-0.703883,-1.04095,2.87328
2.976,-0.704921,-1.0346,2.87328
2.977,-0.705952,-1.02824,2.87328
2.978,-0.706977,-1.02187,2.87328
2.979,-0.707996,-1.01549,2.87328
2.98,-0.709008,-1.00911,2.87328
2.981,-0.710014,-1.00272,2.87328
2.982,-0.711014,-0.99632,2.87328
2.983,-0.712007,-0.989915,2.87328
2.984,-0.712993,-0.983501,2.87328
2.985,-0.713974,-0.977081,2.87328
2.986,-0.714948,-0.970653,2.87328
2.987,-0.715915,-0.964219,2.87328
2.988,-0.716876,-0.957777,2.87328
2.989,-0.717831,-0.951328,2.87328
2.99,-0.718779,-0.944872,2.87328
2.991,-0.71972,-0.938409,2.87328
2.992,-0.720656,-0.931939,2.87328
2.993,-0.721584,-0.925462,2.87328
2.994,-0.722506,-0.918978,2.87328
2.995,-0.723422,-0.912488,2.87328
2.996,-0.724331,-0.905991,2.87328
2.997,-0.725234,-0.899487,2.87328
2.998,-0.72613,-0.892977,2.87328
2.999,-0.72702,-0.88646,2.87328
3,-0.727903,-0.879936,2.87328
3.001,-0.72878,-0.873406,2.87328
3.002,-0.72965,-0.86687,2.87328
3.003,-0.730514,-0.860328,2.87328
3.004,-0.731371,-0.853779,2.87328
3.005,-0.732221,-0.847224,2.87328
3.006,-0.733065,-0.840662,2.87328
3.007,-0.733903,-0.834095,2.87328
3.008,-0.734733,-0.827521,2.87328
3.009,-0.735558,-0.820942,2.87328
3.01,-0.736375,-0.814356,2.87328
3.011,-0.737186,-0.807765,2.87328
3.012,-0.737991,-0.801168,2.87328
3.013,-0.738789,-0.794565,2.87328
3.014,-0.73958,-0.787956,2.87328
3.015,-0.740365,-0.781341,2.87328
3.016,-0.741143,-0.774721,2.87328
3.017,-0.741914,-0.768095,2.87328
3.018,-0.742679,-0.761464,2.87328
3.019,-0.743437,-0.754827,2.87328
3.02,-0.744188,-0.748184,2.87328
3.021,-0.744933,-0.741537,2.87328
3.022,-0.745672,-0.734884,2.87328
3.023,-0.746403,-0.728225,2.87328
3.024,-0.747128,-0.721562,2.87328
3.025,-0.747846,-0.714893,2.87328
3.026,-0.748558,-0.708219,2.87328
3.027,-0.749263,-0.70154,2.87328
3.028,-0.749961,-0.694856,2.87328
3.029,-0.750652,-0.688167,2.87328
3.03,-0.751337,-0.681473,2.87328
3.031,-0.752015,-0.674774,2.87328
3.032,-0.752687,-0.66807,2.87328
3.033,-0.753351,-0.661361,2.87328
3.034,-0.754009,-0.654648,2.87328
3.035,-0.754661,-0.64793,2.87328
3.036,-0.755305,-0.641208,2.87328
3.037,-0.755943,-0.63448,2.87328
3.038,-0.756574,-0.627749,2.87328
3.039,-0.757199,-0.621013,2.87328
3.04,-0.757816,-0.614272,2.87328
3.041,-0.758427,-0.607527,2.87328
3.042,-0.759031,-0.600778,2.87328
3.043,-0.759629,-0.594024,2.87328
3.044,-0.760219,-0.587267,2.87328
3.045,-0.760803,-0.580505,2.87328
3.046,-0.76138,-0.573738,2.87328
3.047,-0.761951,-0.566968,2.87328
3.048,-0.762514,-0.560194,2.87328
3.049,-0.763071,-0.553416,2.87328
3.05,-0.763621,-0.546634,2.87328
3.051,-0.764164,-0.539848,2.87328
3.052,-0.764701,-0.533058,2.87328
3.053,-0.765231,-0.526265,2.87328
3.054,-0.765753,-0.519467,2.87328
3.055,-0.766269,-0.512666,2.87328
3.056,-0.766779,-0.505862,2.87328
3.057,-0.767281,-0.499054,2.87328
3.058,-0.767777,-0.492242,2.87328
3.059,-0.768266,-0.485427,2.87328
3.06,-0.768748,-0.478608,2.87328
3.061,-0.769223,-0.471786,2.87328
3.062,-0.769691,-0.464961,2.87328
3.063,-0.770153,-0.458133,2.87328
3.064,-0.770607,-0.451301,2.87328
3.065,-0.771055,-0.444466,2.87328
3.066,-0.771496,-0.437628,2.87328
3.067,-0.771931,-0.430787,2.87328
3.068,-0.772358,-0.423942,2.87328
3.069,-0.772779,-0.417095,2.87328
3.07,-0.773192,-0.410245,2.87328
3.071,-0.773599,-0.403392,2.87328
3.072,-0.773999,-0.396536,2.87328
3.073,-0.774392,-0.389678,2.87328
3.074,-0.774778,-0.382817,2.87328
3.075,-0.775158,-0.375953,2.87328
3.076,-0.77553,-0.369086,2.87328
3.077,-0.775896,-0.362217,2.87328
3.078,-0.776255,-0.355345,2.87328
3.079,-0.776607,-0.348471,2.87328
3.08,-0.776952,-0.341594,2.87328
3.081,-0.77729,-0.334715,2.87328
3.082,-0.777621,-0.327834,2.87328
3.083,-0.777945,-0.32095,2.87328
3.084,-0.778263,-0.314064,2.87328
3.085,-0.778574,-0.307176,2.87328
3.086,-0.778877,-0.300286,2.87328
3.087,-0.779174,-0.293393,2.87328
3.088,-0.779464,-0.286499,2.87328
3.089,-0.779747,-0.279602,2.87328
3.09,-0.780023,-0.272704,2.87328
3.091,-0.780293,-0.265804,2.87328
3.092,-0.780555,-0.258902,2.87328
3.093,-0.78081,-0.251998,2.87328
3.094,-0.781059,-0.245092,2.87328
3.095,-0.781301,-0.238185,2.87328
3.096,-0.781535,-0.231275,2.87328
3.097,-0.781763,-0.224365,2.87328
3.098,-0.781984,-0.217453,2.87328
3.099,-0.782198,-0.210539,2.87328
3.1,-0.782405,-0.203624,2.87328
3.101,-0.782605,-0.196707,2.87328
3.102,-0.782798,-0.189789,2.87328
3.103,-0.782985,-0.18287,2.87328
3.104,-0.783164,-0.175949,2.87328
3.105,-0.783337,-0.169027,2.87328
3.106,-0.783502,-0.162104,2.87328
3.107,-0.783661,-0.15518,2.87328
3.108,-0.783813,-0.148255,2.87328
3.109,-0.783957,-0.141329,2.87328
3.11,-0.784095,-0.134402,2.87328
3.111,-0.784226,-0.127473,2.87328
3.112,-0.78435,-0.120544,2.87328
3.113,-0.784467,-0.113615,2.87328
3.114,-0.784577,-0.106684,2.87328
3.115,-0.784681,-0.0997526,2.87328
3.116,-0.784777,-0.0928205,2.87328
3.117,-0.784866,-0.0858878,2.87328
3.118,-0.784949,-0.0789544,2.87328
3.119,-0.785024,-0.0720206,2.87328
3.12,-0.785093,-0.0650862,2.87328
3.121,-0.785154,-0.0581514,2.87328
3.122,-0.785209,-0.0512162,2.87328
3.123,-0.785257,-0.0442806,2.87328
3.124,-0.785298,-0.0373447,2.87328
3.125,-0.785332,-0.0304086,2.87328
3.126,-0.785358,-0.0234722,2.87328
3.127,-0.785378,-0.0165357,2.87328
3.128,-0.785392,-0.00959907,2.87328
3.129,-0.785398,-0.00266237,2.87328
3.13,-0.785397,0.00427434,2.87328
3.131,-0.785389,0.011211,2.87328
3.132,-0.785374,0.0181476,2.87328
3.133,-0.785353,0.0250841,2.87328
3.134,-0.785324,0.0320204,2.87328
3.135,-0.785289,0.0389565,2.87328
3.136,-0.785246,0.0458923,2.87328
3.137,-0.785197,0.0528278,2.87328
3.138,-0.785141,0.059763,2.87328
3.139,-0.785077,0.0666977,2.87328
3.14,-0.785007,0.0736319,2.87328
3.141,-0.78493,0.0805657,2.87328
3.142,-0.784846,0.0874988,2.87328
3.143,-0.784755,0.0944314,2.87328
3.144,-0.784657,0.101363,2.87328
3.145,-0.784552,0.108295,2.87328
3.146,-0.784441,0.115225,2.87328
3.147,-0.784322,0.122155,2.87328
3.148,-0.784196,0.129084,2.87328
3.149,-0.784064,0.136011,2.87328
3.15,-0.783924,0.142938,2.87328
3.151,-0.783778,0.149864,2.87328
3.152,-0.783625,0.156789,2.87328
3.153,-0.783464,0.163713,2.87328
3.154,-0.783297,0.170636,2.87328
3.155,-0.783123,0.177557,2.87328
3.156,-0.782942,0.184478,2.87328
3.157,-0.782754,0.191397,2.87328
3.158,-0.782559,0.198314,2.87328
3.159,-0.782358,0.205231,2.87328
3.16,-0.782149,0.212146,2.87328
3.161,-0.781933,0.219059,2.87328
3.162,-0.781711,0.225971,2.87328
3.163,-0.781481,0.232881,2.87328
3.164,-0.781245,0.23979,2.87328
3.165,-0.781002,0.246697,2.87328
3.166,-0.780752,0.253602,2.87328
3.167,-0.780495,0.260506,2.87328
3.168,-0.780231,0.267407,2.87328
3.169,-0.77996,0.274307,2.87328
3.17,-0.779682,0.281205,2.87328
3.171,-0.779397,0.288101,2.87328
3.172,-0.779106,0.294995,2.87328
3.173,-0.778807,0.301887,2.87328
3.174,-0.778502,0.308777,2.87328
3.175,-0.77819,0.315664,2.87328
3.176,-0.777871,0.32255,2.87328
3.177,-0.777545,0.329433,2.87328
3.178,-0.777212,0.336314,2.87328
3.179,-0.776872,0.343192,2.87328
3.18,-0.776525,0.350068,2.87328
3.181,-0.776172,0.356942,2.87328
3.182,-0.775812,0.363813,2.87328
3.183,-0.775444,0.370682,2.87328
3.184,-0.77507,0.377548,2.87328
3.185,-0.774689,0.384411,2.87328
3.186,-0.774301,0.391272,2.87328
3.187,-0.773907,0.39813,2.87328
3.188,-0.773505,0.404985,2.87328
3.189,-0.773097,0.411837,2.87328
3.19,-0.772681,0.418687,2.87328
3.191,-0.772259,0.425533,2.87328
3.192,-0.77183,0.432377,2.87328
3.193,-0.771395,0.439217,2.87328
3.194,-0.770952,0.446054,2.87328
3.195,-0.770502,0.452889,2.87328
3.196,-0.770046,0.45972,2.87328
3.197,-0.769583,0.466547,2.87328
3.198,-0.769113,0.473372,2.87328
3.199,-0.768636,0.480193,2.87328
3.2,-0.768153,0.487011,2.87328
3.201,-0.767662,0.493825,2.87328
3.202,-0.767165,0.500636,2.87328
3.203,-0.766661,0.507443,2.87328
3.204,-0.76615,0.514247,2.87328
3.205,-0.765632,0.521047,2.87328
3.206,-0.765108,0.527844,2.87328
3.207,-0.764577,0.534636,2.87328
3.208,-0.764039,0.541425,2.87328
3.209,-0.763494,0.54821,2.87328
3.21,-0.762942,0.554991,2.87328
3.211,-0.762384,0.561769,2.87328
3.212,-0.761819,0.568542,2.87328
3.213,-0.761247,0.575311,2.87328
3.214,-0.760668,0.582076,2.87328
3.215,-0.760083,0.588837,2.87328
3.216,-0.759491,0.595594,2.87328
3.217,-0.758892,0.602347,2.87328
3.218,-0.758286,0.609095,2.87328
3.219,-0.757673,0.615839,2.87328
3.22,-0.757054,0.622578,2.87328
3.221,-0.756428,0.629314,2.87328
3.222,-0.755796,0.636044,2.87328
3.223,-0.755156,0.64277,2.87328
3.224,-0.75451,0.649492,2.87328
3.225,-0.753857,0.656209,2.87328
3.226,-0.753198,0.662921,2.87328
3.227,-0.752531,0.669628,2.87328
3.228,-0.751858,0.676331,2.87328
3.229,-0.751179,0.683029,2.87328
3.23,-0.750492,0.689721,2.87328
3.231,-0.749799,0.696409,2.87328
3.232,-0.749099,0.703092,2.87328
3.233,-0.748393,0.70977,2.87328
3.234,-0.74768,0.716443,2.87328
3.235,-0.74696,0.723111,2.87328
3.236,-0.746234,0.729773,2.87328
3.237,-0.745501,0.73643,2.87328
3.238,-0.744761,0.743082,2.87328
3.239,-0.744014,0.749728,2.87328
3.24,-0.743261,0.75637,2.87328
3.241,-0.742502,0.763005,2.87328
3.242,-0.741735,0.769635,2.87328
3.243,-0.740962,0.77626,2.87328
3.244,-0.740183,0.782879,2.87328
3.245,-0.739397,0.789492,2.87328
3.246,-0.738604,0.796099,2.87328
3.247,-0.737804,0.802701,2.87328
3.248,-0.736998,0.809297,2.87328
3.249,-0.736186,0.815887,2.87328
3.25,-0.735367,0.822471,2.87328
3.251,-0.734541,0.829049,2.87328
3.252,-0.733709,0.835622,2.87328
3.253,-0.73287,0.842188,2.87328
3.254,-0.732024,0.848747,2.87328
3.255,-0.731172,0.855301,2.87328
3.256,-0.730314,0.861848,2.87328
3.257,-0.729448,0.86839,2.87328
3.258,-0.728577,0.874924,2.87328
3.259,-0.727699,0.881453,2.87328
3.26,-0.726814,0.887975,2.87328
3.261,-0.725923,0.89449,2.87328
3.262,-0.725025,0.900999,2.87328
3.263,-0.724121,0.907501,2.87328
3.264,-0.72321,0.913997,2.87328
3.265,-0.722293,0.920486,2.87328
3.266,-0.721369,0.926968,2.87328
3.267,-0.720439,0.933443,2.87328
3.268,-0.719502,0.939911,2.87328
3.269,-0.718559,0.946373,2.87328
3.27,-0.717609,0.952827,2.87328
3.271,-0.716653,0.959274,2.87328
3.272,-0.715691,0.965715,2.87328
3.273,-0.714722,0.972148,2.87328
3.274,-0.713747,0.978574,2.87328
3.275,-0.712765,0.984992,2.87328
3.276,-0.711777,0.991404,2.87328
3.277,-0.710782,0.997808,2.87328
3.278,-0.709781,1.0042,2.87328
3.279,-0.708774,1.01059,2.87328
3.28,-0.70776,1.01698,2.87328
3.281,-0.70674,1.02335,2.87328
3.282,-0.705713,1.02972,2.87328
3.283,-0.70468,1.03607,2.87328
3.284,-0.703641,1.04243,2.87328
3.285,-0.702595,1.04877,2.87328
3.286,-0.701543,1.0551,2.87328
3.287,-0.700485,1.06143,2.87328
3.288,-0.699421,1.06775,2.87328
3.289,-0.69835,1.07406,2.87328
3.29,-0.697272,1.08037,2.87328
3.291,-0.696189,1.08666,2.87328
3.292,-0.695099,1.09295,2.87328
3.293,-0.694003,1.09923,2.87328
3.294,-0.692901,1.1055,2.87328
3.295,-0.691792,1.11176,2.87328
3.296,-0.690677,1.11801,2.87328
3.297,-0.689556,1.12426,2.87328
3.298,-0.688429,1.13049,2.87328
3.299,-0.687295,1.13672,2.87328
3.3,-0.686155,1.14294,2.87328
3.301,-0.685009,1.14915,2.87328
3.302,-0.683857,1.15536,2.87328
3.303,-0.682698,1.16155,2.87328
3.304,-0.681534,1.16773,2.87328
3.305,-0.680363,1.17391,2.87328
3.306,-0.679186,1.18008,2.87328
3.307,-0.678003,1.18623,2.87328
3.308,-0.676813,1.19238,2.87328
3.309,-0.675618,1.19852,2.87328
3.31,-0.674416,1.20465,2.87328
3.311,-0.673209,1.21077,2.87328
3.312,-0.671995,1.21689,2.87328
3.313,-0.670775,1.22299,2.87328
3.314,-0.669549,1.22908,2.87328
3.315,-0.668317,1.23516,2.87328
3.316,-0.667079,1.24124,2.87328
3.317,-0.665834,1.2473,2.87328
3.318,-0.664584,1.25336,2.87328
3.319,-0.663328,1.2594,2.87328
3.32,-0.662065,1.26544,2.87328
3.321,-0.660797,1.27147,2.87328
3.322,-0.659522,1.27748,2.87328
3.323,-0.658242,1.28349,2.87328
3.324,-0.656955,1.28948,2.87328
3.325,-0.655663,1.29547,2.87328
3.326,-0.654364,1.30145,2.87328
3.327,-0.65306,1.30741,2.87328
3.328,-0.65175,1.31337,2.87328
3.329,-0.650433,1.31931,2.87328
3.33,-0.649111,1.32525,2.87328
3.331,-0.647783,1.33117,2.87328
3.332,-0.646449,1.33709,2.87328
3.333,-0.645109,1.34299,2.87328
3.334,-0.643763,1.34888,2.87328
3.335,-0.642411,1.35477,2.87328
3.336,-0.641053,1.36064,2.87328
3.337,-0.639689,1.3665,2.87328
3.338,-0.63832,1.37235,2.87328
3.339,-0.636945,1.37819,2.87328
3.34,-0.635564,1.38402,2.87328
3.341,-0.634177,1.38984,2.87328
3.342,-0.632784,1.39564,2.87328
3.343,-0.631385,1.40144,2.87328
3.344,-0.629981,1.40723,2.87328
3.345,-0.628571,1.413,2.87328
3.346,-0.627155,1.41876,2.87328
3.347,-0.625733,1.42451,2.87328
3.348,-0.624306,1.43025,2.87328
3.349,-0.622873,1.43598,2.87328
3.35,-0.621434,1.4417,2.87328
3.351,-0.61999,1.4474,2.87328
3.352,-0.618539,1.4531,2.87328
3.353,-0.617083,1.45878,2.87328
3.354,-0.615622,1.46445,2.87328
3.355,-0.614155,1.47011,2.87328
3.356,-0.612682,1.47576,2.87328
3.357,-0.611203,1.48139,2.87328
3.358,-0.609719,1.48702,2.87328
3.359,-0.608229,1.49263,2.87328
3.36,-0.606734,1.49823,2.87328
3.361,-0.605233,1.50382,2.87328
3.362,-0.603726,1.50939,2.87328
3.363,-0.602214,1.51495,2.87328
3.364,-0.600696,1.5205,2.87328
3.365,-0.599173,1.52604,2.87328
3.366,-0.597644,1.53157,2.87328
3.367,-0.59611,1.53708,2.87328
3.368,-0.59457,1.54258,2.87328
3.369,-0.593024,1.54807,2.87328
3.37,-0.591474,1.55355,2.87328
3.371,-0.589917,1.55901,2.87328
3.372,-0.588356,1.56446,2.87328
3.373,-0.586788,1.5699,2.87328
3.374,-0.585216,1.57533,2.87328
3.375,-0.583638,1.58074,2.87328
3.376,-0.582054,1.58614,2.87328
3.377,-0.580465,1.59153,2.87328
3.378,-0.578871,1.5969,2.87328
3.379,-0.577272,1.60226,2.87328
3.38,-0.575667,1.60761,2.87328
3.381,-0.574056,1.61294,2.87328
3.382,-0.572441,1.61826,2.87328
3.383,-0.57082,1.62357,2.87328
3.384,-0.569194,1.62886,2.87328
3.385,-0.567562,1.63414,2.87328
3.386,-0.565925,1.63941,2.87328
3.387,-0.564283,1.64466,2.87328
3.388,-0.562636,1.6499,2.87328
3.389,-0.560984,1.65513,2.87328
3.39,-0.559326,1.66034,2.87328
3.391,-0.557663,1.66554,2.87328
3.392,-0.555995,1.67072,2.87328
3.393,-0.554322,1.67589,2.87328
3.394,-0.552643,1.68105,2.87328
3.395,-0.550959,1.68619,2.87328
3.396,-0.549271,1.69132,2.87328
3.397,-0.547577,1.69644,2.87328
3.398,-0.545878,1.70154,2.87328
3.399,-0.544174,1.70662,2.87328
3.4,-0.542465,1.71169,2.87328
3.401,-0.54075,1.71675,2.87328
3.402,-0.539031,1.72179,2.87328
3.403,-0.537307,1.72682,2.87328
3.404,-0.535577,1.73184,2.87328
3.405,-0.533843,1.73684,2.87328
3.406,-0.532104,1.74182,2.87328
3.407,-0.530359,1.74679,2.87328
3.408,-0.52861,1.75174,2.87328
3.409,-0.526856,1.75668,2.87328
3.41,-0.525097,1.76161,2.87328
3.411,-0.523333,1.76652,2.87328
3.412,-0.521564,1.77142,2.87328
3.413,-0.51979,1.7763,2.87328
3.414,-0.518011,1.78116,2.87328
3.415,-0.516228,1.78601,2.87328
3.416,-0.514439,1.79084,2.87328
3.417,-0.512646,1.79566,2.87328
3.418,-0.510848,1.80047,2.87328
3.419,-0.509045,1.80526,2.87328
3.42,-0.507237,1.81003,2.87328
3.421,-0.505425,1.81479,2.87328
3.422,-0.503608,1.81953,2.87328
3.423,-0.501786,1.82426,2.87328
3.424,-0.499959,1.82897,2.87328
3.425,-0.498128,1.83366,2.87328
3.426,-0.496292,1.83834,2.87328
3.427,-0.494451,1.843,2.87328
3.428,-0.492606,1.84765,2.87328
3.429,-0.490756,1.85228,2.87328
3.43,-0.488901,1.8569,2.87328
3.431,-0.487042,1.8615,2.87328
3.432,-0.485178,1.86608,2.87328
3.433,-0.48331,1.87065,2.87328
3.434,-0.481437,1.8752,2.87328
3.435,-0.47956,1.87973,2.87328
3.436,-0.477678,1.88425,2.87328
3.437,-0.475791,1.88875,2.87328
3.438,-0.4739,1.89324,2.87328
3.439,-0.472005,1.89771,2.87328
3.44,-0.470105,1.90216,2.87328
3.441,-0.4682,1.90659,2.87328
3.442,-0.466292,1.91101,2.87328
3.443,-0.464378,1.91541,2.87328
3.444,-0.462461,1.9198,2.87328
3.445,-0.460539,1.92417,2.87328
3.446,-0.458612,1.92852,2.87328
3.447,-0.456682,1.93285,2.87328
3.448,-0.454747,1.93717,2.87328
3.449,-0.452807,1.94147,2.87328
3.45,-0.450864,1.94575,2.87328
3.451,-0.448916,1.95002,2.87328
3.452,-0.446964,1.95427,2.87328
3.453,-0.445007,1.9585,2.87328
3.454,-0.443047,1.96271,2.87328
3.455,-0.441082,1.96691,2.87328
3.456,-0.439113,1.97109,2.87328
3.457,-0.43714,1.97525,2.87328
3.458,-0.435162,1.9794,2.87328
3.459,-0.433181,1.98352,2.87328
3.46,-0.431195,1.98763,2.87328
3.461,-0.429206,1.99172,2.87328
3.462,-0.427212,1.9958,2.87328
3.463,-0.425214,1.99985,2.87328
3.464,-0.423212,2.00389,2.87328
3.465,-0.421206,2.00791,2.87328
3.466,-0.419196,2.01191,2.87328
3.467,-0.417183,2.0159,2.87328
3.468,-0.415165,2.01986,2.87328
3.469,-0.413143,2.02381,2.87328
3.47,-0.411117,2.02774,2.87328
3.471,-0.409087,2.03165,2.87328
3.472,-0.407054,2.03554,2.87328
3.473,-0.405016,2.03942,2.87328
3.474,-0.402975,2.04327,2.87328
3.475,-0.40093,2.04711,2.87328
3.476,-0.398881,2.05093,2.87328
3.477,-0.396828,2.05473,2.87328
3.478,-0.394771,2.05852,2.87328
3.479,-0.392711,2.06228,2.87328
3.48,-0.390647,2.06602,2.87328
3.481,-0.388579,2.06975,2.87328
3.482,-0.386507,2.07346,2.87328
3.483,-0.384432,2.07715,2.87328
3.484,-0.382353,2.08082,2.87328
3.485,-0.38027,2.08447,2.87328
3.486,-0.378184,2.0881,2.87328
3.487,-0.376094,2.09171,2.87328
3.488,-0.374001,2.0953,2.87328
3.489,-0.371903,2.09888,2.87328
3.49,-0.369803,2.10243,2.87328
3.491,-0.367699,2.10597,2.87328
3.492,-0.365591,2.10949,2.87328
3.493,-0.36348,2.11298,2.87328
3.494,-0.361365,2.11646,2.87328
3.495,-0.359247,2.11992,2.87328
3.496,-0.357125,2.12336,2.87328
3.497,-0.355,2.12678,2.87328
3.498,-0.352872,2.13018,2.87328
3.499,-0.35074,2.13356,2.87328
3.5,-0.348604,2.13692,2.87328
3.501,-0.346466,2.14026,2.87328
3.502,-0.344324,2.14358,2.87328
3.503,-0.342179,2.14688,2.87328
3.504,-0.34003,2.15017,2.87328
3.505,-0.337878,2.15343,2.87328
3.506,-0.335723,2.15667,2.87328
3.507,-0.333565,2.15989,2.87328
3.508,-0.331404,2.16309,2.87328
3.509,-0.329239,2.16628,2.87328
3.51,-0.327071,2.16944,2.87328
3.511,-0.3249,2.17258,2.87328
3.512,-0.322726,2.1757,2.87328
3.513,-0.320549,2.1788,2.87328
3.514,-0.318368,2.18188,2.87328
3.515,-0.316185,2.18494,2.87328
3.516,-0.313998,2.18798,2.87328
3.517,-0.311809,2.191,2.87328
3.518,-0.309616,2.194,2.87328
3.519,-0.307421,2.19698,2.87328
3.52,-0.305222,2.19994,2.87328
3.521,-0.303021,2.20288,2.87328
3.522,-0.300817,2.20579,2.87328
3.523,-0.298609,2.20869,2.87328
3.524,-0.296399,2.21157,2.87328
3.525,-0.294186,2.21442,2.87328
3.526,-0.29197,2.21725,2.87328
3.527,-0.289752,2.22007,2.87328
3.528,-0.28753,2.22286,2.87328
3.529,-0.285306,2.22563,2.87328
3.53,-0.283079,2.22838,2.87328
3.531,-0.280849,2.23111,2.87328
3.532,-0.278617,2.23382,2.87328
3.533,-0.276382,2.23651,2.87328
3.534,-0.274144,2.23917,2.87328
3.535,-0.271903,2.24182,2.87328
3.536,-0.26966,2.24444,2.87328
3.537,-0.267414,2.24705,2.87328
3.538,-0.265166,2.24963,2.87328
3.539,-0.262915,2.25219,2.87328
3.54,-0.260662,2.25473,2.87328
3.541,-0.258406,2.25724,2.87328
3.542,-0.256147,2.25974,2.87328
3.543,-0.253886,2.26222,2.87328
3.544,-0.251623,2.26467,2.87328
3.545,-0.249357,2.2671,2.87328
3.546,-0.247089,2.26951,2.87328
3.547,-0.244818,2.2719,2.87328
3.548,-0.242545,2.27427,2.87328
3.549,-0.240269,2.27661,2.87328
3.55,-0.237992,2.27893,2.87328
3.551,-0.235712,2.28124,2.87328
3.552,-0.233429,2.28352,2.87328
3.553,-0.231145,2.28578,2.87328
3.554,-0.228858,2.28801,2.87328
3.555,-0.226568,2.29023,2.87328
3.556,-0.224277,2.29242,2.87328
3.557,-0.221984,2.29459,2.87328
3.558,-0.219688,2.29674,2.87328
3.559,-0.21739,2.29887,2.87328
3.56,-0.21509,2.30097,2.87328
3.561,-0.212788,2.30305,2.87328
3.562,-0.210484,2.30511,2.87328
3.563,-0.208178,2.30715,2.87328
3.564,-0.20587,2.30917,2.87328
3.565,-0.20356,2.31116,2.87328
3.566,-0.201248,2.31313,2.87328
3.567,-0.198933,2.31508,2.87328
3.568,-0.196617,2.31701,2.87328
3.569,-0.194299,2.31892,2.87328
3.57,-0.19198,2.3208,2.87328
3.571,-0.189658,2.32266,2.87328
3.572,-0.187334,2.3245,2.87328
3.573,-0.185009,2.32632,2.87328
3.574,-0.182682,2.32811,2.87328
3.575,-0.180353,2.32988,2.87328
3.576,-0.178022,2.33163,2.87328
3.577,-0.175689,2.33335,2.87328
3.578,-0.173355,2.33506,2.87328
3.579,-0.171019,2.33674,2.87328
3.58,-0.168682,2.3384,2.87328
3.581,-0.166342,2.34003,2.87328
3.582,-0.164002,2.34164,2.87328
3.583,-0.161659,2.34324,2.87328
3.584,-0.159315,2.3448,2.87328
3.585,-0.15697,2.34635,2.87328
3.586,-0.154622,2.34787,2.87328
3.587,-0.152274,2.34937,2.87328
3.588,-0.149924,2.35085,2.87328
3.589,-0.147572,2.3523,2.87328
3.59,-0.145219,2.35373,2.87328
3.591,-0.142865,2.35514,2.87328
3.592,-0.140509,2.35652,2.87328
3.593,-0.138152,2.35789,2.87328
3.594,-0.135793,2.35923,2.87328
3.595,-0.133433,2.36054,2.87328
3.596,-0.131072,2.36184,2.87328
3.597,-0.12871,2.36311,2.87328
3.598,-0.126346,2.36435,2.87328
3.599,-0.123981,2.36558,2.87328
3.6,-0.121615,2.36678,2.87328
3.601,-0.119247,2.36796,2.87328
3.602,-0.116879,2.36912,2.87328
3.603,-0.114509,2.37025,2.87328
3.604,-0.112138,2.37136,2.87328
3.605,-0.109766,2.37244,2.87328
3.606,-0.107393,2.37351,2.87328
3.607,-0.105019,2.37455,2.87328
3.608,-0.102644,2.37556,2.87328
3.609,-0.100268,2.37656,2.87328
3.61,-0.0978912,2.37753,2.87328
3.611,-0.0955132,2.37847,2.87328
3.612,-0.0931343,2.3794,2.87328
3.613,-0.0907544,2.3803,2.87328
3.614,-0.0883737,2.38118,2.87328
3.615,-0.0859921,2.38203,2.87328
3.616,-0.0836097,2.38286,2.87328
3.617,-0.0812264,2.38367,2.87328
3.618,-0.0788423,2.38445,2.87328
3.619,-0.0764575,2.38521,2.87328
3.62,-0.0740719,2.38595,2.87328
3.621,-0.0716856,2.38667,2.87328
3.622,-0.0692986,2.38736,2.87328
3.623,-0.0669109,2.38802,2.87328
3.624,-0.0645225,2.38867,2.87328
3.625,-0.0621336,2.38929,2.87328
3.626,-0.059744,2.38989,2.87328
3.627,-0.0573538,2.39046,2.87328
3.628,-0.0549631,2.39101,2.87328
3.629,-0.0525718,2.39154,2.87328
3.63,-0.05018,2.39204,2.87328
3.631,-0.0477877,2.39252,2.87328
3.632,-0.0453949,2.39298,2.87328
3.633,-0.0430017,2.39341,2.87328
3.634,-0.0406081,2.39382,2.87328
3.635,-0.0382141,2.39421,2.87328
3.636,-0.0358197,2.39457,2.87328
3.637,-0.033425,2.39491,2.87328
3.638,-0.0310299,2.39523,2.87328
3.639,-0.0286345,2.39552,2.87328
3.64,-0.0262389,2.39579,2.87328
3.641,-0.0238429,2.39604,2.87328
3.642,-0.0214468,2.39626,2.87328
3.643,-0.0190504,2.39646,2.87328
3.644,-0.0166539,2.39663,2.87328
3.645,-0.0142572,2.39678,2.87328
3.646,-0.0118603,2.39691,2.87328
3.647,-0.00946337,2.39702,2.87328
3.648,-0.00706631,2.3971,2.87328
3.649,-0.00466918,2.39715,2.87328
3.65,-0.00227201,2.39719,2.87328
3.651,0.000125189,2.3972,2.87328
3.652,0.00252238,2.39719,2.87328
3.653,0.00491955,2.39715,2.87328
3.654,0.00731668,2.39709,2.87328
3.655,0.00971373,2.39701,2.87328
3.656,0.0121107,2.3969,2.87328
3.657,0.0145075,2.39677,2.87328
3.658,0.0169042,2.39661,2.87328
3.659,0.0193007,2.39644,2.87328
3.66,0.0216971,2.39624,2.87328
3.661,0.0240932,2.39601,2.87328
3.662,0.0264891,2.39576,2.87328
3.663,0.0288847,2.39549,2.87328
3.664,0.0312801,2.3952,2.87328
3.665,0.0336751,2.39488,2.87328
3.666,0.0360698,2.39454,2.87328
3.667,0.0384642,2.39417,2.87328
3.668,0.0408581,2.39378,2.87328
3.669,0.0432517,2.39337,2.87328
3.67,0.0456449,2.39293,2.87328
3.671,0.0480376,2.39247,2.87328
3.672,0.0504298,2.39199,2.87328
3.673,0.0528216,2.39148,2.87328
3.674,0.0552128,2.39096,2.87328
3.675,0.0576035,2.3904,2.87328
3.676,0.0599936,2.38983,2.87328
3.677,0.0623831,2.38923,2.87328
3.678,0.064772,2.3886,2.87328
3.679,0.0671603,2.38796,2.87328
3.68,0.0695479,2.38729,2.87328
3.681,0.0719349,2.38659,2.87328
3.682,0.0743211,2.38588,2.87328
3.683,0.0767066,2.38514,2.87328
3.684,0.0790914,2.38437,2.87328
3.685,0.0814753,2.38359,2.87328
3.686,0.0838585,2.38278,2.87328
3.687,0.0862409,2.38194,2.87328
3.688,0.0886224,2.38109,2.87328
3.689,0.0910031,2.38021,2.87328
3.69,0.0933828,2.3793,2.87328
3.691,0.0957617,2.37838,2.87328
3.692,0.0981396,2.37743,2.87328
3.693,0.100516,2.37645,2.87328
3.694,0.102892,2.37546,2.87328
3.695,0.105267,2.37444,2.87328
3.696,0.107641,2.3734,2.87328
3.697,0.110014,2.37233,2.87328
3.698,0.112386,2.37124,2.87328
3.699,0.114757,2.37013,2.87328
3.7,0.117126,2.369,2.87328
3.701,0.119495,2.36784,2.87328
3.702,0.121862,2.36666,2.87328
3.703,0.124228,2.36545,2.87328
3.704,0.126593,2.36423,2.87328
3.705,0.128956,2.36298,2.87328
3.706,0.131319,2.3617,2.87328
3.707,0.13368,2.36041,2.87328
3.708,0.13604,2.35909,2.87328
3.709,0.138398,2.35775,2.87328
3.71,0.140755,2.35638,2.87328
3.711,0.143111,2.35499,2.87328
3.712,0.145465,2.35358,2.87328
3.713,0.147818,2.35215,2.87328
3.714,0.150169,2.35069,2.87328
3.715,0.152519,2.34921,2.87328
3.716,0.154868,2.34771,2.87328
3.717,0.157215,2.34619,2.87328
3.718,0.15956,2.34464,2.87328
3.719,0.161904,2.34307,2.87328
3.72,0.164246,2.34148,2.87328
3.721,0.166587,2.33986,2.87328
3.722,0.168926,2.33822,2.87328
3.723,0.171263,2.33656,2.87328
3.724,0.173599,2.33488,2.87328
3.725,0.175933,2.33317,2.87328
3.726,0.178265,2.33145,2.87328
3.727,0.180596,2.3297,2.87328
3.728,0.182925,2.32792,2.87328
3.729,0.185252,2.32613,2.87328
3.73,0.187577,2.32431,2.87328
3.731,0.1899,2.32247,2.87328
3.732,0.192222,2.3206,2.87328
3.733,0.194542,2.31872,2.87328
3.734,0.196859,2.31681,2.87328
3.735,0.199175,2.31488,2.87328
3.736,0.201489,2.31293,2.87328
3.737,0.203801,2.31096,2.87328
3.738,0.206111,2.30896,2.87328
3.739,0.208419,2.30694,2.87328
3.74,0.210725,2.3049,2.87328
3.741,0.213029,2.30284,2.87328
3.742,0.215331,2.30075,2.87328
3.743,0.21763,2.29864,2.87328
3.744,0.219928,2.29652,2.87328
3.745,0.222223,2.29436,2.87328
3.746,0.224517,2.29219,2.87328
3.747,0.226808,2.29,2.87328
3.748,0.229097,2.28778,2.87328
3.749,0.231383,2.28554,2.87328
3.75,0.233668,2.28328,2.87328
3.751,0.23595,2.281,2.87328
3.752,0.23823,2.27869,2.87328
3.753,0.240507,2.27637,2.87328
3.754,0.242782,2.27402,2.87328
3.755,0.245055,2.27165,2.87328
3.756,0.247326,2.26926,2.87328
3.757,0.249594,2.26685,2.87328
3.758,0.251859,2.26441,2.87328
3.759,0.254123,2.26196,2.87328
3.76,0.256383,2.25948,2.87328
3.761,0.258641,2.25698,2.87328
3.762,0.260897,2.25446,2.87328
3.763,0.26315,2.25192,2.87328
3.764,0.265401,2.24936,2.87328
3.765,0.267649,2.24678,2.87328
3.766,0.269895,2.24417,2.87328
3.767,0.272137,2.24154,2.87328
3.768,0.274378,2.2389,2.87328
3.769,0.276615,2.23623,2.87328
3.77,0.27885,2.23354,2.87328
3.771,0.281082,2.23083,2.87328
3.772,0.283312,2.2281,2.87328
3.773,0.285538,2.22534,2.87328
3.774,0.287762,2.22257,2.87328
3.775,0.289984,2.21978,2.87328
3.776,0.292202,2.21696,2.87328
3.777,0.294418,2.21412,2.87328
3.778,0.29663,2.21127,2.87328
3.779,0.29884,2.20839,2.87328
3.78,0.301047,2.20549,2.87328
3.781,0.303251,2.20257,2.87328
3.782,0.305452,2.19963,2.87328
3.783,0.30765,2.19667,2.87328
3.784,0.309845,2.19369,2.87328
3.785,0.312038,2.19069,2.87328
3.786,0.314227,2.18767,2.87328
3.787,0.316413,2.18462,2.87328
3.788,0.318596,2.18156,2.87328
3.789,0.320776,2.17848,2.87328
3.79,0.322953,2.17538,2.87328
3.791,0.325127,2.17225,2.87328
3.792,0.327298,2.16911,2.87328
3.793,0.329465,2.16594,2.87328
3.794,0.331629,2.16276,2.87328
3.795,0.333791,2.15956,2.87328
3.796,0.335949,2.15633,2.87328
3.797,0.338103,2.15309,2.87328
3.798,0.340255,2.14982,2.87328
3.799,0.342403,2.14654,2.87328
3.8,0.344548,2.14324,2.87328
3.801,0.346689,2.13991,2.87328
3.802,0.348828,2.13657,2.87328
3.803,0.350962,2.13321,2.87328
3.804,0.353094,2.12982,2.87328
3.805,0.355222,2.12642,2.87328
3.806,0.357347,2.123,2.87328
3.807,0.359468,2.11956,2.87328
3.808,0.361586,2.1161,2.87328
3.809,0.3637,2.11262,2.87328
3.81,0.365811,2.10912,2.87328
3.811,0.367919,2.1056,2.87328
3.812,0.370022,2.10206,2.87328
3.813,0.372123,2.09851,2.87328
3.814,0.374219,2.09493,2.87328
3.815,0.376313,2.09133,2.87328
3.816,0.378402,2.08772,2.87328
3.817,0.380488,2.08409,2.87328
3.818,0.38257,2.08043,2.87328
3.819,0.384649,2.07676,2.87328
3.82,0.386724,2.07307,2.87328
3.821,0.388795,2.06936,2.87328
3.822,0.390862,2.06563,2.87328
3.823,0.392926,2.06189,2.87328
3.824,0.394986,2.05812,2.87328
3.825,0.397042,2.05434,2.87328
3.826,0.399095,2.05053,2.87328
3.827,0.401143,2.04671,2.87328
3.828,0.403188,2.04287,2.87328
3.829,0.405229,2.03901,2.87328
3.83,0.407266,2.03514,2.87328
3.831,0.4093,2.03124,2.87328
3.832,0.411329,2.02733,2.87328
3.833,0.413354,2.0234,2.87328
3.834,0.415376,2.01945,2.87328
3.835,0.417393,2.01548,2.87328
3.836,0.419407,2.0115,2.87328
3.837,0.421416,2.00749,2.87328
3.838,0.423422,2.00347,2.87328
3.839,0.425423,1.99943,2.87328
3.84,0.42742,1.99537,2.87328
3.841,0.429414,1.9913,2.87328
3.842,0.431403,1.9872,2.87328
3.843,0.433388,1.98309,2.87328
3.844,0.435369,1.97896,2.87328
3.845,0.437346,1.97482,2.87328
3.846,0.439319,1.97066,2.87328
3.847,0.441287,1.96647,2.87328
3.848,0.443252,1.96228,2.87328
3.849,0.445212,1.95806,2.87328
3.85,0.447168,1.95383,2.87328
3.851,0.44912,1.94958,2.87328
3.852,0.451067,1.94531,2.87328
3.853,0.45301,1.94102,2.87328
3.854,0.454949,1.93672,2.87328
3.855,0.456884,1.9324,2.87328
3.856,0.458814,1.92806,2.87328
3.857,0.46074,1.92371,2.87328
3.858,0.462661,1.91934,2.87328
3.859,0.464578,1.91495,2.87328
3.86,0.466491,1.91055,2.87328
3.861,0.468399,1.90613,2.87328
3.862,0.470303,1.90169,2.87328
3.863,0.472203,1.89724,2.87328
3.864,0.474098,1.89277,2.87328
3.865,0.475988,1.88828,2.87328
3.866,0.477874,1.88378,2.87328
3.867,0.479756,1.87926,2.87328
3.868,0.481633,1.87472,2.87328
3.869,0.483505,1.87017,2.87328
3.87,0.485373,1.8656,2.87328
3.871,0.487237,1.86102,2.87328
3.872,0.489095,1.85642,2.87328
3.873,0.490949,1.8518,2.87328
3.874,0.492799,1.84717,2.87328
3.875,0.494644,1.84252,2.87328
3.876,0.496484,1.83785,2.87328
3.877,0.498319,1.83317,2.87328
3.878,0.50015,1.82848,2.87328
3.879,0.501976,1.82376,2.87328
3.88,0.503798,1.81903,2.87328
3.881,0.505614,1.81429,2.87328
3.882,0.507426,1.80953,2.87328
3.883,0.509234,1.80476,2.87328
3.884,0.511036,1.79997,2.87328
3.885,0.512833,1.79516,2.87328
3.886,0.514626,1.79034,2.87328
3.887,0.516414,1.7855,2.87328
3.888,0.518197,1.78065,2.87328
3.889,0.519975,1.77579,2.87328
3.89,0.521749,1.7709,2.87328
3.891,0.523517,1.76601,2.87328
3.892,0.525281,1.7611,2.87328
3.893,0.527039,1.75617,2.87328
3.894,0.528793,1.75123,2.87328
3.895,0.530542,1.74627,2.87328
3.896,0.532286,1.7413,2.87328
3.897,0.534024,1.73631,2.87328
3.898,0.535758,1.73131,2.87328
3.899,0.537487,1.7263,2.87328
3.9,0.539211,1.72127,2.87328
3.901,0.54093,1.71622,2.87328
3.902,0.542643,1.71117,2.87328
3.903,0.544352,1.70609,2.87328
3.904,0.546055,1.701,2.87328
3.905,0.547754,1.6959,2.87328
3.906,0.549447,1.69079,2.87328
3.907,0.551135,1.68566,2.87328
3.908,0.552819,1.68051,2.87328
3.909,0.554497,1.67536,2.87328
3.91,0.556169,1.67018,2.87328
3.911,0.557837,1.665,2.87328
3.912,0.559499,1.6598,2.87328
3.913,0.561156,1.65458,2.87328
3.914,0.562808,1.64936,2.87328
3.915,0.564455,1.64411,2.87328
3.916,0.566097,1.63886,2.87328
3.917,0.567733,1.63359,2.87328
3.918,0.569364,1.62831,2.87328
3.919,0.57099,1.62301,2.87328
3.92,0.57261,1.61771,2.87328
3.921,0.574225,1.61238,2.87328
3.922,0.575835,1.60705,2.87328
3.923,0.577439,1.6017,2.87328
3.924,0.579038,1.59634,2.87328
3.925,0.580632,1.59096,2.87328
3.926,0.58222,1.58558,2.87328
3.927,0.583803,1.58018,2.87328
3.928,0.58538,1.57476,2.87328
3.929,0.586952,1.56934,2.87328
3.93,0.588519,1.5639,2.87328
3.931,0.59008,1.55844,2.87328
3.932,0.591636,1.55298,2.87328
3.933,0.593186,1.5475,2.87328
3.934,0.594731,1.54201,2.87328
3.935,0.59627,1.53651,2.87328
3.936,0.597804,1.53099,2.87328
3.937,0.599332,1.52547,2.87328
3.938,0.600855,1.51993,2.87328
3.939,0.602372,1.51437,2.87328
3.94,0.603884,1.50881,2.87328
3.941,0.60539,1.50323,2.87328
3.942,0.60689,1.49764,2.87328
3.943,0.608385,1.49204,2.87328
3.944,0.609874,1.48643,2.87328
3.945,0.611358,1.48081,2.87328
3.946,0.612836,1.47517,2.87328
3.947,0.614308,1.46952,2.87328
3.948,0.615775,1.46386,2.87328
3.949,0.617236,1.45819,2.87328
3.95,0.618691,1.4525,2.87328
3.951,0.620141,1.44681,2.87328
3.952,0.621585,1.4411,2.87328
3.953,0.623023,1.43538,2.87328
3.954,0.624455,1.42965,2.87328
3.955,0.625882,1.42391,2.87328
3.956,0.627303,1.41816,2.87328
3.957,0.628719,1.4124,2.87328
3.958,0.630128,1.40662,2.87328
3.959,0.631532,1.40084,2.87328
3.96,0.63293,1.39504,2.87328
3.961,0.634322,1.38923,2.87328
3.962,0.635708,1.38341,2.87328
3.963,0.637089,1.37758,2.87328
3.964,0.638463,1.37174,2.87328
3.965,0.639832,1.36589,2.87328
3.966,0.641195,1.36003,2.87328
3.967,0.642552,1.35415,2.87328
3.968,0.643903,1.34827,2.87328
3.969,0.645249,1.34237,2.87328
3.97,0.646588,1.33647,2.87328
3.971,0.647922,1.33055,2.87328
3.972,0.649249,1.32463,2.87328
3.973,0.650571,1.31869,2.87328
3.974,0.651887,1.31275,2.87328
3.975,0.653196,1.30679,2.87328
3.976,0.6545,1.30082,2.87328
3.977,0.655798,1.29484,2.87328
3.978,0.65709,1.28886,2.87328
3.979,0.658376,1.28286,2.87328
3.98,0.659656,1.27685,2.87328
3.981,0.660929,1.27084,2.87328
3.982,0.662197,1.26481,2.87328
3.983,0.663459,1.25877,2.87328
3.984,0.664715,1.25273,2.87328
3.985,0.665965,1.24667,2.87328
3.986,0.667208,1.24061,2.87328
3.987,0.668446,1.23453,2.87328
3.988,0.669677,1.22845,2.87328
3.989,0.670903,1.22235,2.87328
3.99,0.672122,1.21625,2.87328
3.991,0.673335,1.21013,2.87328
3.992,0.674542,1.20401,2.87328
3.993,0.675743,1.19788,2.87328
3.994,0.676938,1.19174,2.87328
3.995,0.678127,1.18559,2.87328
3.996,0.679309,1.17943,2.87328
3.997,0.680485,1.17326,2.87328
3.998,0.681656,1.16709,2.87328
3.999,0.68282,1.1609,2.87328
4,0.683977,1.15471,2.87328
4.001,0.685129,1.14851,2.87328
4.002,0.686274,1.14229,2.87328
4.003,0.687414,1.13607,2.87328
4.004,0.688547,1.12984,2.87328
4.005,0.689673,1.12361,2.87328
4.006,0.690794,1.11736,2.87328
4.007,0.691908,1.11111,2.87328
4.008,0.693016,1.10484,2.87328
4.009,0.694118,1.09857,2.87328
4.01,0.695213,1.09229,2.87328
4.011,0.696302,1.086,2.87328
4.012,0.697385,1.07971,2.87328
4.013,0.698462,1.0734,2.87328
4.014,0.699532,1.06709,2.87328
4.015,0.700596,1.06077,2.87328
4.016,0.701654,1.05444,2.87328
4.017,0.702705,1.04811,2.87328
4.018,0.70375,1.04176,2.87328
4.019,0.704788,1.03541,2.87328
4.02,0.705821,1.02905,2.87328
4.021,0.706846,1.02268,2.87328
4.022,0.707866,1.01631,2.87328
4.023,0.708879,1.00993,2.87328
4.024,0.709886,1.00354,2.87328
4.025,0.710886,0.997139,2.87328
4.026,0.71188,0.990734,2.87328
4.027,0.712868,0.984322,2.87328
4.028,0.713849,0.977903,2.87328
4.029,0.714823,0.971476,2.87328
4.03,0.715792,0.965042,2.87328
4.031,0.716753,0.958601,2.87328
4.032,0.717709,0.952153,2.87328
4.033,0.718658,0.945698,2.87328
4.034,0.7196,0.939236,2.87328
4.035,0.720536,0.932767,2.87328
4.036,0.721466,0.926291,2.87328
4.037,0.722389,0.919808,2.87328
4.038,0.723305,0.913319,2.87328
4.039,0.724215,0.906822,2.87328
4.04,0.725119,0.900319,2.87328
4.041,0.726016,0.89381,2.87328
4.042,0.726907,0.887294,2.87328
4.043,0.727791,0.880771,2.87328
4.044,0.728668,0.874242,2.87328
4.045,0.729539,0.867707,2.87328
4.046,0.730404,0.861165,2.87328
4.047,0.731261,0.854617,2.87328
4.048,0.732113,0.848063,2.87328
4.049,0.732958,0.841502,2.87328
4.05,0.733796,0.834935,2.87328
4.051,0.734627,0.828363,2.87328
4.052,0.735453,0.821784,2.87328
4.053,0.736271,0.815199,2.87328
4.054,0.737083,0.808608,2.87328
4.055,0.737888,0.802012,2.87328
4.056,0.738687,0.79541,2.87328
4.057,0.739479,0.788801,2.87328
4.058,0.740265,0.782188,2.87328
4.059,0.741043,0.775568,2.87328
4.06,0.741816,0.768943,2.87328
4.061,0.742581,0.762312,2.87328
4.062,0.74334,0.755676,2.87328
4.063,0.744093,0.749035,2.87328
4.064,0.744838,0.742387,2.87328
4.065,0.745577,0.735735,2.87328
4.066,0.74631,0.729077,2.87328
4.067,0.747036,0.722414,2.87328
4.068,0.747755,0.715746,2.87328
4.069,0.748467,0.709073,2.87328
4.07,0.749173,0.702395,2.87328
4.071,0.749872,0.695711,2.87328
4.072,0.750564,0.689023,2.87328
4.073,0.75125,0.682329,2.87328
4.074,0.751929,0.675631,2.87328
4.075,0.752601,0.668928,2.87328
4.076,0.753267,0.66222,2.87328
4.077,0.753926,0.655507,2.87328
4.078,0.754578,0.64879,2.87328
4.079,0.755223,0.642068,2.87328
4.08,0.755862,0.635341,2.87328
4.081,0.756494,0.62861,2.87328
4.082,0.757119,0.621875,2.87328
4.083,0.757738,0.615135,2.87328
4.084,0.758349,0.60839,2.87328
4.085,0.758954,0.601642,2.87328
4.086,0.759553,0.594889,2.87328
4.087,0.760144,0.588131,2.87328
4.088,0.760729,0.58137,2.87328
4.089,0.761307,0.574604,2.87328
4.09,0.761878,0.567835,2.87328
4.091,0.762443,0.561061,2.87328
4.092,0.763,0.554283,2.87328
4.093,0.763551,0.547502,2.87328
4.094,0.764095,0.540716,2.87328
4.095,0.764633,0.533927,2.87328
4.096,0.765163,0.527134,2.87328
4.097,0.765687,0.520337,2.87328
4.098,0.766204,0.513537,2.87328
4.099,0.766714,0.506733,2.87328
4.1,0.767217,0.499925,2.87328
4.101,0.767714,0.493114,2.87328
4.102,0.768203,0.486299,2.87328
4.103,0.768686,0.479481,2.87328
4.104,0.769162,0.472659,2.87328
4.105,0.769632,0.465834,2.87328
4.106,0.770094,0.459006,2.87328
4.107,0.77055,0.452175,2.87328
4.108,0.770998,0.44534,2.87328
4.109,0.77144,0.438503,2.87328
4.11,0.771875,0.431662,2.87328
4.111,0.772304,0.424818,2.87328
4.112,0.772725,0.417971,2.87328
4.113,0.77314,0.411122,2.87328
4.114,0.773547,0.404269,2.87328
4.115,0.773948,0.397414,2.87328
4.116,0.774342,0.390555,2.87328
4.117,0.774729,0.383695,2.87328
4.118,0.77511,0.376831,2.87328
4.119,0.775483,0.369965,2.87328
4.12,0.775849,0.363096,2.87328
4.121,0.776209,0.356224,2.87328
4.122,0.776562,0.34935,2.87328
4.123,0.776908,0.342474,2.87328
4.124,0.777247,0.335595,2.87328
4.125,0.777579,0.328714,2.87328
4.126,0.777904,0.321831,2.87328
4.127,0.778223,0.314945,2.87328
4.128,0.778534,0.308057,2.87328
4.129,0.778839,0.301167,2.87328
4.13,0.779137,0.294275,2.87328
4.131,0.779427,0.287381,2.87328
4.132,0.779711,0.280485,2.87328
4.133,0.779988,0.273587,2.87328
4.134,0.780258,0.266687,2.87328
4.135,0.780522,0.259785,2.87328
4.136,0.780778,0.252881,2.87328
4.137,0.781027,0.245975,2.87328
4.138,0.78127,0.239068,2.87328
4.139,0.781506,0.232159,2.87328
4.14,0.781734,0.225249,2.87328
4.141,0.781956,0.218337,2.87328
4.142,0.782171,0.211423,2.87328
4.143,0.782379,0.204508,2.87328
4.144,0.78258,0.197592,2.87328
4.145,0.782774,0.190674,2.87328
4.146,0.782961,0.183755,2.87328
4.147,0.783142,0.176835,2.87328
4.148,0.783315,0.169913,2.87328
4.149,0.783481,0.16299,2.87328
4.15,0.783641,0.156066,2.87328
4.151,0.783794,0.149141,2.87328
4.152,0.783939,0.142215,2.87328
4.153,0.784078,0.135288,2.87328
4.154,0.78421,0.12836,2.87328
4.155,0.784335,0.121431,2.87328
4.156,0.784453,0.114501,2.87328
4.157,0.784564,0.107571,2.87328
4.158,0.784668,0.100639,2.87328
4.159,0.784765,0.0937074,2.87328
4.16,0.784855,0.0867747,2.87328
4.161,0.784939,0.0798415,2.87328
4.162,0.785015,0.0729077,2.87328
4.163,0.785084,0.0659734,2.87328
4.164,0.785147,0.0590386,2.87328
4.165,0.785202,0.0521035,2.87328
4.166,0.785251,0.0451679,2.87328
4.167,0.785293,0.0382321,2.87328
4.168,0.785328,0.031296,2.87328
4.169,0.785355,0.0243596,2.87328
4.17,0.785376,0.0174231,2.87328
4.171,0.78539,0.0104865,2.87328
4.172,0.785397,0.00354983,2.87328
4.173,0.785397,-0.00338688,2.87328
4.174,0.78539,-0.0103236,2.87328
4.175,0.785377,-0.0172602,2.87328
4.176,0.785356,-0.0241967,2.87328
4.177,0.785328,-0.031133,2.87328
4.178,0.785294,-0.0380691,2.87328
4.179,0.785252,-0.045005,2.87328
4.18,0.785204,-0.0519405,2.87328
4.181,0.785148,-0.0588757,2.87328
4.182,0.785086,-0.0658105,2.87328
4.183,0.785017,-0.0727448,2.87328
4.184,0.78494,-0.0796786,2.87328
4.185,0.784857,-0.0866119,2.87328
4.186,0.784767,-0.0935445,2.87328
4.187,0.78467,-0.100477,2.87328
4.188,0.784566,-0.107408,2.87328
4.189,0.784455,-0.114338,2.87328
4.19,0.784338,-0.121268,2.87328
4.191,0.784213,-0.128197,2.87328
4.192,0.784081,-0.135125,2.87328
4.193,0.783943,-0.142052,2.87328
4.194,0.783797,-0.148978,2.87328
4.195,0.783645,-0.155903,2.87328
4.196,0.783485,-0.162827,2.87328
4.197,0.783319,-0.16975,2.87328
4.198,0.783146,-0.176672,2.87328
4.199,0.782966,-0.183592,2.87328
4.2,0.782779,-0.190512,2.87328
4.201,0.782585,-0.197429,2.87328
4.202,0.782384,-0.204346,2.87328
4.203,0.782176,-0.211261,2.87328
4.204,0.781961,-0.218175,2.87328
4.205,0.78174,-0.225087,2.87328
4.206,0.781511,-0.231997,2.87328
4.207,0.781276,-0.238906,2.87328
4.208,0.781033,-0.245813,2.87328
4.209,0.780784,-0.252719,2.87328
4.21,0.780528,-0.259623,2.87328
4.211,0.780265,-0.266524,2.87328
4.212,0.779995,-0.273425,2.87328
4.213,0.779718,-0.280323,2.87328
4.214,0.779434,-0.287219,2.87328
4.215,0.779143,-0.294113,2.87328
4.216,0.778846,-0.301005,2.87328
4.217,0.778541,-0.307895,2.87328
4.218,0.77823,-0.314783,2.87328
4.219,0.777912,-0.321669,2.87328
4.22,0.777587,-0.328552,2.87328
4.221,0.777255,-0.335434,2.87328
4.222,0.776916,-0.342312,2.87328
4.223,0.77657,-0.349189,2.87328
4.224,0.776218,-0.356063,2.87328
4.225,0.775858,-0.362934,2.87328
4.226,0.775492,-0.369803,2.87328
4.227,0.775118,-0.37667,2.87328
4.228,0.774738,-0.383533,2.87328
4.229,0.774351,-0.390394,2.87328
4.23,0.773958,-0.397253,2.87328
4.231,0.773557,-0.404108,2.87328
4.232,0.773149,-0.410961,2.87328
4.233,0.772735,-0.417811,2.87328
4.234,0.772314,-0.424657,2.87328
4.235,0.771886,-0.431501,2.87328
4.236,0.771451,-0.438342,2.87328
4.237,0.771009,-0.44518,2.87328
4.238,0.77056,-0.452014,2.87328
4.239,0.770105,-0.458846,2.87328
4.24,0.769643,-0.465674,2.87328
4.241,0.769174,-0.472499,2.87328
4.242,0.768698,-0.479321,2.87328
4.243,0.768215,-0.486139,2.87328
4.244,0.767725,-0.492954,2.87328
4.245,0.767229,-0.499765,2.87328
4.246,0.766726,-0.506573,2.87328
4.247,0.766216,-0.513377,2.87328
4.248,0.765699,-0.520177,2.87328
4.249,0.765176,-0.526974,2.87328
4.25,0.764645,-0.533768,2.87328
4.251,0.764108,-0.540557,2.87328
4.252,0.763564,-0.547342,2.87328
4.253,0.763013,-0.554124,2.87328
4.254,0.762456,-0.560902,2.87328
4.255,0.761891,-0.567676,2.87328
4.256,0.76132,-0.574445,2.87328
4.257,0.760743,-0.581211,2.87328
4.258,0.760158,-0.587973,2.87328
4.259,0.759567,-0.59473,2.87328
4.26,0.758969,-0.601483,2.87328
4.261,0.758364,-0.608232,2.87328
4.262,0.757752,-0.614976,2.87328
4.263,0.757134,-0.621716,2.87328
4.264,0.756509,-0.628452,2.87328
4.265,0.755877,-0.635183,2.87328
4.266,0.755238,-0.64191,2.87328
4.267,0.754593,-0.648632,2.87328
4.268,0.753941,-0.65535,2.87328
4.269,0.753282,-0.662062,2.87328
4.27,0.752617,-0.66877,2.87328
4.271,0.751945,-0.675474,2.87328
4.272,0.751266,-0.682172,2.87328
4.273,0.75058,-0.688865,2.87328
4.274,0.749888,-0.695554,2.87328
4.275,0.749189,-0.702238,2.87328
4.276,0.748484,-0.708916,2.87328
4.277,0.747771,-0.71559,2.87328
4.278,0.747053,-0.722258,2.87328
4.279,0.746327,-0.728921,2.87328
4.28,0.745595,-0.735579,2.87328
4.281,0.744856,-0.742231,2.87328
4.282,0.74411,-0.748878,2.87328
4.283,0.743358,-0.75552,2.87328
4.284,0.742599,-0.762157,2.87328
4.285,0.741834,-0.768787,2.87328
4.286,0.741062,-0.775413,2.87328
4.287,0.740283,-0.782032,2.87328
4.288,0.739498,-0.788646,2.87328
4.289,0.738706,-0.795254,2.87328
4.29,0.737907,-0.801857,2.87328
4.291,0.737102,-0.808454,2.87328
4.292,0.73629,-0.815044,2.87328
4.293,0.735472,-0.821629,2.87328
4.294,0.734647,-0.828208,2.87328
4.295,0.733815,-0.834781,2.87328
4.296,0.732977,-0.841348,2.87328
4.297,0.732133,-0.847908,2.87328
4.298,0.731282,-0.854463,2.87328
4.299,0.730424,-0.861011,2.87328
4.3,0.72956,-0.867553,2.87328
4.301,0.728689,-0.874089,2.87328
4.302,0.727811,-0.880618,2.87328
4.303,0.726927,-0.887141,2.87328
4.304,0.726037,-0.893657,2.87328
4.305,0.72514,-0.900167,2.87328
4.306,0.724237,-0.90667,2.87328
4.307,0.723327,-0.913166,2.87328
4.308,0.72241,-0.919656,2.87328
4.309,0.721488,-0.926139,2.87328
4.31,0.720558,-0.932615,2.87328
4.311,0.719622,-0.939084,2.87328
4.312,0.71868,-0.945546,2.87328
4.313,0.717731,-0.952002,2.87328
4.314,0.716776,-0.95845,2.87328
4.315,0.715814,-0.964891,2.87328
4.316,0.714846,-0.971325,2.87328
4.317,0.713872,-0.977752,2.87328
4.318,0.712891,-0.984172,2.87328
4.319,0.711903,-0.990584,2.87328
4.32,0.71091,-0.996989,2.87328
4.321,0.709909,-1.00339,2.87328
4.322,0.708903,-1.00978,2.87328
4.323,0.70789,-1.01616,2.87328
4.324,0.70687,-1.02253,2.87328
4.325,0.705845,-1.0289,2.87328
4.326,0.704813,-1.03526,2.87328
4.327,0.703774,-1.04161,2.87328
4.328,0.702729,-1.04796,2.87328
4.329,0.701678,-1.05429,2.87328
4.33,0.700621,-1.06062,2.87328
4.331,0.699557,-1.06694,2.87328
4.332,0.698487,-1.07325,2.87328
4.333,0.697411,-1.07956,2.87328
4.334,0.696328,-1.08586,2.87328
4.335,0.695239,-1.09214,2.87328
4.336,0.694144,-1.09842,2.87328
4.337,0.693042,-1.10469,2.87328
4.338,0.691934,-1.11096,2.87328
4.339,0.69082,-1.11721,2.87328
4.34,0.6897,-1.12346,2.87328
4.341,0.688573,-1.1297,2.87328
4.342,0.68744,-1.13593,2.87328
4.343,0.686301,-1.14215,2.87328
4.344,0.685156,-1.14836,2.87328
4.345,0.684005,-1.15456,2.87328
4.346,0.682847,-1.16076,2.87328
4.347,0.681683,-1.16694,2.87328
4.348,0.680513,-1.17312,2.87328
4.349,0.679337,-1.17929,2.87328
4.35,0.678154,-1.18545,2.87328
4.351,0.676966,-1.1916,2.87328
4.352,0.675771,-1.19774,2.87328
4.353,0.67457,-1.20387,2.87328
4.354,0.673364,-1.20999,2.87328
4.355,0.672151,-1.2161,2.87328
4.356,0.670931,-1.22221,2.87328
4.357,0.669706,-1.2283,2.87328
4.358,0.668475,-1.23439,2.87328
4.359,0.667237,-1.24046,2.87328
4.36,0.665994,-1.24653,2.87328
4.361,0.664744,-1.25258,2.87328
4.362,0.663489,-1.25863,2.87328
4.363,0.662227,-1.26467,2.87328
4.364,0.660959,-1.27069,2.87328
4.365,0.659686,-1.27671,2.87328
4.366,0.658406,-1.28272,2.87328
4.367,0.65712,-1.28872,2.87328
4.368,0.655828,-1.2947,2.87328
4.369,0.654531,-1.30068,2.87328
4.37,0.653227,-1.30665,2.87328
4.371,0.651917,-1.31261,2.87328
4.372,0.650602,-1.31855,2.87328
4.373,0.64928,-1.32449,2.87328
4.374,0.647953,-1.33041,2.87328
4.375,0.64662,-1.33633,2.87328
4.376,0.64528,-1.34224,2.87328
4.377,0.643935,-1.34813,2.87328
4.378,0.642584,-1.35401,2.87328
4.379,0.641227,-1.35989,2.87328
4.38,0.639864,-1.36575,2.87328
4.381,0.638496,-1.3716,2.87328
4.382,0.637121,-1.37744,2.87328
4.383,0.635741,-1.38327,2.87328
4.384,0.634355,-1.38909,2.87328
4.385,0.632963,-1.3949,2.87328
4.386,0.631565,-1.4007,2.87328
4.387,0.630161,-1.40649,2.87328
4.388,0.628752,-1.41226,2.87328
4.389,0.627337,-1.41802,2.87328
4.39,0.625916,-1.42378,2.87328
4.391,0.624489,-1.42952,2.87328
4.392,0.623057,-1.43525,2.87328
4.393,0.621619,-1.44097,2.87328
4.394,0.620175,-1.44667,2.87328
4.395,0.618725,-1.45237,2.87328
4.396,0.61727,-1.45805,2.87328
4.397,0.615809,-1.46373,2.87328
4.398,0.614343,-1.46939,2.87328
4.399,0.61287,-1.47504,2.87328
4.4,0.611392,-1.48067,2.87328
4.401,0.609909,-1.4863,2.87328
4.402,0.60842,-1.49191,2.87328
4.403,0.606925,-1.49751,2.87328
4.404,0.605425,-1.5031,2.87328
4.405,0.603919,-1.50868,2.87328
4.406,0.602408,-1.51424,2.87328
4.407,0.60089,-1.5198,2.87328
4.408,0.599368,-1.52534,2.87328
4.409,0.59784,-1.53086,2.87328
4.41,0.596306,-1.53638,2.87328
4.411,0.594767,-1.54188,2.87328
4.412,0.593222,-1.54737,2.87328
4.413,0.591672,-1.55285,2.87328
4.414,0.590117,-1.55832,2.87328
4.415,0.588556,-1.56377,2.87328
4.416,0.586989,-1.56921,2.87328
4.417,0.585417,-1.57463,2.87328
4.418,0.58384,-1.58005,2.87328
4.419,0.582257,-1.58545,2.87328
4.42,0.580669,-1.59084,2.87328
4.421,0.579076,-1.59621,2.87328
4.422,0.577477,-1.60157,2.87328
4.423,0.575872,-1.60692,2.87328
4.424,0.574263,-1.61226,2.87328
4.425,0.572648,-1.61758,2.87328
4.426,0.571028,-1.62289,2.87328
4.427,0.569402,-1.62819,2.87328
4.428,0.567771,-1.63347,2.87328
4.429,0.566135,-1.63874,2.87328
4.43,0.564494,-1.64399,2.87328
4.431,0.562847,-1.64923,2.87328
4.432,0.561195,-1.65446,2.87328
4.433,0.559538,-1.65967,2.87328
4.434,0.557876,-1.66488,2.87328
4.435,0.556209,-1.67006,2.87328
4.436,0.554536,-1.67523,2.87328
4.437,0.552858,-1.68039,2.87328
4.438,0.551175,-1.68554,2.87328
4.439,0.549487,-1.69067,2.87328
4.44,0.547794,-1.69578,2.87328
4.441,0.546095,-1.70089,2.87328
4.442,0.544392,-1.70597,2.87328
4.443,0.542683,-1.71105,2.87328
4.444,0.54097,-1.71611,2.87328
4.445,0.539251,-1.72115,2.87328
4.446,0.537528,-1.72618,2.87328
4.447,0.535799,-1.7312,2.87328
4.448,0.534065,-1.7362,2.87328
4.449,0.532327,-1.74118,2.87328
4.45,0.530583,-1.74615,2.87328
4.451,0.528834,-1.75111,2.87328
4.452,0.527081,-1.75605,2.87328
4.453,0.525322,-1.76098,2.87328
4.454,0.523559,-1.76589,2.87328
4.455,0.52179,-1.77079,2.87328
4.456,0.520017,-1.77567,2.87328
4.457,0.518239,-1.78054,2.87328
4.458,0.516456,-1.78539,2.87328
4.459,0.514668,-1.79023,2.87328
4.46,0.512876,-1.79505,2.87328
4.461,0.511078,-1.79985,2.87328
4.462,0.509276,-1.80464,2.87328
4.463,0.507469,-1.80942,2.87328
4.464,0.505657,-1.81418,2.87328
4.465,0.503841,-1.81892,2.87328
4.466,0.502019,-1.82365,2.87328
4.467,0.500193,-1.82836,2.87328
4.468,0.498362,-1.83306,2.87328
4.469,0.496527,-1.83774,2.87328
4.47,0.494687,-1.84241,2.87328
4.471,0.492842,-1.84706,2.87328
4.472,0.490993,-1.85169,2.87328
4.473,0.489139,-1.85631,2.87328
4.474,0.48728,-1.86091,2.87328
4.475,0.485417,-1.86549,2.87328
4.476,0.483549,-1.87006,2.87328
4.477,0.481677,-1.87462,2.87328
4.478,0.4798,-1.87915,2.87328
4.479,0.477919,-1.88367,2.87328
4.48,0.476033,-1.88818,2.87328
4.481,0.474142,-1.89266,2.87328
4.482,0.472247,-1.89713,2.87328
4.483,0.470348,-1.90159,2.87328
4.484,0.468444,-1.90603,2.87328
4.485,0.466536,-1.91045,2.87328
4.486,0.464623,-1.91485,2.87328
4.487,0.462706,-1.91924,2.87328
4.488,0.460785,-1.92361,2.87328
4.489,0.458859,-1.92796,2.87328
4.49,0.456929,-1.9323,2.87328
4.491,0.454995,-1.93662,2.87328
4.492,0.453056,-1.94092,2.87328
4.493,0.451113,-1.94521,2.87328
4.494,0.449165,-1.94948,2.87328
4.495,0.447214,-1.95373,2.87328
4.496,0.445258,-1.95796,2.87328
4.497,0.443298,-1.96218,2.87328
4.498,0.441334,-1.96638,2.87328
4.499,0.439365,-1.97056,2.87328
4.5,0.437392,-1.97472,2.87328
4.501,0.435416,-1.97887,2.87328
4.502,0.433435,-1.983,2.87328
4.503,0.43145,-1.98711,2.87328
4.504,0.42946,-1.9912,2.87328
4.505,0.427467,-1.99528,2.87328
4.506,0.42547,-1.99934,2.87328
4.507,0.423469,-2.00338,2.87328
4.508,0.421463,-2.0074,2.87328
4.509,0.419454,-2.0114,2.87328
4.51,0.41744,-2.01539,2.87328
4.511,0.415423,-2.01936,2.87328
4.512,0.413402,-2.02331,2.87328
4.513,0.411376,-2.02724,2.87328
4.514,0.409347,-2.03115,2.87328
4.515,0.407314,-2.03505,2.87328
4.516,0.405277,-2.03892,2.87328
4.517,0.403236,-2.04278,2.87328
4.518,0.401192,-2.04662,2.87328
4.519,0.399143,-2.05044,2.87328
4.52,0.397091,-2.05425,2.87328
4.521,0.395035,-2.05803,2.87328
4.522,0.392975,-2.0618,2.87328
4.523,0.390911,-2.06555,2.87328
4.524,0.388844,-2.06927,2.87328
4.525,0.386772,-2.07298,2.87328
4.526,0.384698,-2.07667,2.87328
4.527,0.382619,-2.08035,2.87328
4.528,0.380537,-2.084,2.87328
4.529,0.378451,-2.08763,2.87328
4.53,0.376362,-2.09125,2.87328
4.531,0.374269,-2.09485,2.87328
4.532,0.372172,-2.09842,2.87328
4.533,0.370072,-2.10198,2.87328
4.534,0.367968,-2.10552,2.87328
4.535,0.365861,-2.10904,2.87328
4.536,0.36375,-2.11254,2.87328
4.537,0.361636,-2.11602,2.87328
4.538,0.359518,-2.11948,2.87328
4.539,0.357397,-2.12292,2.87328
4.54,0.355272,-2.12634,2.87328
4.541,0.353144,-2.12975,2.87328
4.542,0.351013,-2.13313,2.87328
4.543,0.348878,-2.13649,2.87328
4.544,0.34674,-2.13984,2.87328
4.545,0.344598,-2.14316,2.87328
4.546,0.342453,-2.14646,2.87328
4.547,0.340305,-2.14975,2.87328
4.548,0.338154,-2.15301,2.87328
4.549,0.335999,-2.15626,2.87328
4.55,0.333841,-2.15948,2.87328
4.551,0.33168,-2.16269,2.87328
4.552,0.329516,-2.16587,2.87328
4.553,0.327348,-2.16903,2.87328
4.554,0.325178,-2.17218,2.87328
4.555,0.323004,-2.1753,2.87328
4.556,0.320827,-2.17841,2.87328
4.557,0.318647,-2.18149,2.87328
4.558,0.316464,-2.18455,2.87328
4.559,0.314278,-2.1876,2.87328
4.56,0.312089,-2.19062,2.87328
4.561,0.309897,-2.19362,2.87328
4.562,0.307702,-2.1966,2.87328
4.563,0.305504,-2.19956,2.87328
4.564,0.303303,-2.2025,2.87328
4.565,0.301099,-2.20542,2.87328
4.566,0.298892,-2.20832,2.87328
4.567,0.296682,-2.2112,2.87328
4.568,0.29447,-2.21406,2.87328
4.569,0.292254,-2.21689,2.87328
4.57,0.290036,-2.21971,2.87328
4.571,0.287815,-2.2225,2.87328
4.572,0.285591,-2.22528,2.87328
4.573,0.283364,-2.22803,2.87328
4.574,0.281135,-2.23076,2.87328
4.575,0.278903,-2.23348,2.87328
4.576,0.276668,-2.23617,2.87328
4.577,0.27443,-2.23883,2.87328
4.578,0.27219,-2.24148,2.87328
4.579,0.269947,-2.24411,2.87328
4.58,0.267702,-2.24671,2.87328
4.581,0.265454,-2.2493,2.87328
4.582,0.263203,-2.25186,2.87328
4.583,0.26095,-2.2544,2.87328
4.584,0.258694,-2.25692,2.87328
4.585,0.256436,-2.25942,2.87328
4.586,0.254176,-2.2619,2.87328
4.587,0.251913,-2.26436,2.87328
4.588,0.249647,-2.26679,2.87328
4.589,0.247379,-2.2692,2.87328
4.59,0.245109,-2.27159,2.87328
4.591,0.242836,-2.27396,2.87328
4.592,0.240561,-2.27631,2.87328
4.593,0.238283,-2.27864,2.87328
4.594,0.236003,-2.28094,2.87328
4.595,0.233721,-2.28323,2.87328
4.596,0.231437,-2.28549,2.87328
4.597,0.22915,-2.28773,2.87328
4.598,0.226861,-2.28994,2.87328
4.599,0.22457,-2.29214,2.87328
4.6,0.222277,-2.29431,2.87328
4.601,0.219982,-2.29646,2.87328
4.602,0.217684,-2.29859,2.87328
4.603,0.215385,-2.3007,2.87328
4.604,0.213083,-2.30279,2.87328
4.605,0.210779,-2.30485,2.87328
4.606,0.208473,-2.30689,2.87328
4.607,0.206165,-2.30891,2.87328
4.608,0.203855,-2.31091,2.87328
4.609,0.201543,-2.31288,2.87328
4.61,0.19923,-2.31484,2.87328
4.611,0.196914,-2.31677,2.87328
4.612,0.194596,-2.31868,2.87328
4.613,0.192276,-2.32056,2.87328
4.614,0.189955,-2.32242,2.87328
4.615,0.187632,-2.32427,2.87328
4.616,0.185306,-2.32608,2.87328
4.617,0.182979,-2.32788,2.87328
4.618,0.180651,-2.32965,2.87328
4.619,0.17832,-2.33141,2.87328
4.62,0.175988,-2.33313,2.87328
4.621,0.173654,-2.33484,2.87328
4.622,0.171318,-2.33652,2.87328
4.623,0.168981,-2.33819,2.87328
4.624,0.166642,-2.33982,2.87328
4.625,0.164301,-2.34144,2.87328
4.626,0.161959,-2.34303,2.87328
4.627,0.159615,-2.3446,2.87328
4.628,0.15727,-2.34615,2.87328
4.629,0.154923,-2.34768,2.87328
4.63,0.152574,-2.34918,2.87328
4.631,0.150225,-2.35066,2.87328
4.632,0.147873,-2.35212,2.87328
4.633,0.14552,-2.35355,2.87328
4.634,0.143166,-2.35496,2.87328
4.635,0.14081,-2.35635,2.87328
4.636,0.138453,-2.35771,2.87328
4.637,0.136095,-2.35906,2.87328
4.638,0.133735,-2.36038,2.87328
4.639,0.131374,-2.36167,2.87328
4.64,0.129012,-2.36295,2.87328
4.641,0.126648,-2.3642,2.87328
4.642,0.124284,-2.36542,2.87328
4.643,0.121917,-2.36663,2.87328
4.644,0.11955,-2.36781,2.87328
4.645,0.117182,-2.36897,2.87328
4.646,0.114812,-2.3701,2.87328
4.647,0.112442,-2.37122,2.87328
4.648,0.11007,-2.37231,2.87328
4.649,0.107697,-2.37337,2.87328
4.65,0.105323,-2.37441,2.87328
4.651,0.102948,-2.37543,2.87328
4.652,0.100572,-2.37643,2.87328
4.653,0.0981954,-2.3774,2.87328
4.654,0.0958175,-2.37835,2.87328
4.655,0.0934387,-2.37928,2.87328
4.656,0.091059,-2.38018,2.87328
4.657,0.0886783,-2.38107,2.87328
4.658,0.0862968,-2.38192,2.87328
4.659,0.0839145,-2.38276,2.87328
4.66,0.0815313,-2.38357,2.87328
4.661,0.0791474,-2.38435,2.87328
4.662,0.0767626,-2.38512,2.87328
4.663,0.0743771,-2.38586,2.87328
4.664,0.0719909,-2.38658,2.87328
4.665,0.069604,-2.38727,2.87328
4.666,0.0672164,-2.38794,2.87328
4.667,0.0648281,-2.38859,2.87328
4.668,0.0624392,-2.38921,2.87328
4.669,0.0600497,-2.38981,2.87328
4.67,0.0576596,-2.39039,2.87328
4.671,0.0552689,-2.39094,2.87328
4.672,0.0528777,-2.39147,2.87328
4.673,0.050486,-2.39198,2.87328
4.674,0.0480938,-2.39246,2.87328
4.675,0.0457011,-2.39292,2.87328
4.676,0.0433079,-2.39336,2.87328
4.677,0.0409144,-2.39377,2.87328
4.678,0.0385204,-2.39416,2.87328
4.679,0.0361261,-2.39453,2.87328
4.68,0.0337314,-2.39487,2.87328
4.681,0.0313363,-2.39519,2.87328
4.682,0.028941,-2.39549,2.87328
4.683,0.0265454,-2.39576,2.87328
4.684,0.0241495,-2.39601,2.87328
4.685,0.0217534,-2.39623,2.87328
4.686,0.019357,-2.39643,2.87328
4.687,0.0169605,-2.39661,2.87328
4.688,0.0145638,-2.39677,2.87328
4.689,0.012167,-2.3969,2.87328
4.69,0.00977003,-2.397,2.87328
4.691,0.00737298,-2.39709,2.87328
4.692,0.00497586,-2.39715,2.87328
4.693,0.00257869,-2.39719,2.87328
4.694,0.0001815,-2.3972,2.87328
4.695,-0.0022157,-2.39719,2.87328
4.696,-0.00461287,-2.39716,2.87328
4.697,-0.00701,-2.3971,2.87328
4.698,-0.00940706,-2.39702,2.87328
4.699,-0.011804,-2.39691,2.87328
4.7,-0.0142009,-2.39679,2.87328
4.701,-0.0165976,-2.39664,2.87328
4.702,-0.0189941,-2.39646,2.87328
4.703,-0.0213905,-2.39626,2.87328
4.704,-0.0237867,-2.39604,2.87328
4.705,-0.0261826,-2.3958,2.87328
4.706,-0.0285782,-2.39553,2.87328
4.707,-0.0309736,-2.39524,2.87328
4.708,-0.0333687,-2.39492,2.87328
4.709,-0.0357635,-2.39458,2.87328
4.71,-0.0381579,-2.39422,2.87328
4.711,-0.0405519,-2.39383,2.87328
4.712,-0.0429455,-2.39342,2.87328
4.713,-0.0453387,-2.39299,2.87328
4.714,-0.0477315,-2.39253,2.87328
4.715,-0.0501238,-2.39205,2.87328
4.716,-0.0525156,-2.39155,2.87328
4.717,-0.0549069,-2.39102,2.87328
4.718,-0.0572976,-2.39047,2.87328
4.719,-0.0596878,-2.3899,2.87328
4.72,-0.0620774,-2.3893,2.87328
4.721,-0.0644664,-2.38868,2.87328
4.722,-0.0668548,-2.38804,2.87328
4.723,-0.0692425,-2.38737,2.87328
4.724,-0.0716295,-2.38668,2.87328
4.725,-0.0740159,-2.38597,2.87328
4.726,-0.0764015,-2.38523,2.87328
4.727,-0.0787863,-2.38447,2.87328
4.728,-0.0811704,-2.38369,2.87328
4.729,-0.0835537,-2.38288,2.87328
4.73,-0.0859361,-2.38205,2.87328
4.731,-0.0883178,-2.3812,2.87328
4.732,-0.0906985,-2.38032,2.87328
4.733,-0.0930784,-2.37942,2.87328
4.734,-0.0954574,-2.3785,2.87328
4.735,-0.0978354,-2.37755,2.87328
4.736,-0.100212,-2.37658,2.87328
4.737,-0.102589,-2.37559,2.87328
4.738,-0.104964,-2.37457,2.87328
4.739,-0.107338,-2.37353,2.87328
4.74,-0.109711,-2.37247,2.87328
4.741,-0.112083,-2.37138,2.87328
4.742,-0.114453,-2.37027,2.87328
4.743,-0.116823,-2.36914,2.87328
4.744,-0.119192,-2.36799,2.87328
4.745,-0.121559,-2.36681,2.87328
4.746,-0.123925,-2.36561,2.87328
4.747,-0.12629,-2.36438,2.87328
4.748,-0.128654,-2.36314,2.87328
4.749,-0.131017,-2.36187,2.87328
4.75,-0.133378,-2.36057,2.87328
4.751,-0.135738,-2.35926,2.87328
4.752,-0.138096,-2.35792,2.87328
4.753,-0.140454,-2.35656,2.87328
4.754,-0.142809,-2.35517,2.87328
4.755,-0.145164,-2.35376,2.87328
4.756,-0.147517,-2.35233,2.87328
4.757,-0.149869,-2.35088,2.87328
4.758,-0.152219,-2.3494,2.87328
4.759,-0.154567,-2.34791,2.87328
4.76,-0.156914,-2.34638,2.87328
4.761,-0.15926,-2.34484,2.87328
4.762,-0.161604,-2.34327,2.87328
4.763,-0.163947,-2.34168,2.87328
4.764,-0.166288,-2.34007,2.87328
4.765,-0.168627,-2.33843,2.87328
4.766,-0.170964,-2.33678,2.87328
4.767,-0.1733,-2.3351,2.87328
4.768,-0.175635,-2.33339,2.87328
4.769,-0.177967,-2.33167,2.87328
4.77,-0.180298,-2.32992,2.87328
4.771,-0.182627,-2.32815,2.87328
4.772,-0.184954,-2.32636,2.87328
4.773,-0.18728,-2.32454,2.87328
4.774,-0.189603,-2.3227,2.87328
4.775,-0.191925,-2.32084,2.87328
4.776,-0.194245,-2.31896,2.87328
4.777,-0.196563,-2.31706,2.87328
4.778,-0.198879,-2.31513,2.87328
4.779,-0.201193,-2.31318,2.87328
4.78,-0.203505,-2.31121,2.87328
4.781,-0.205816,-2.30922,2.87328
4.782,-0.208124,-2.3072,2.87328
4.783,-0.21043,-2.30516,2.87328
4.784,-0.212734,-2.3031,2.87328
4.785,-0.215036,-2.30102,2.87328
4.786,-0.217336,-2.29892,2.87328
4.787,-0.219634,-2.29679,2.87328
4.788,-0.22193,-2.29464,2.87328
4.789,-0.224223,-2.29247,2.87328
4.79,-0.226515,-2.29028,2.87328
4.791,-0.228804,-2.28806,2.87328
4.792,-0.231091,-2.28583,2.87328
4.793,-0.233376,-2.28357,2.87328
4.794,-0.235658,-2.28129,2.87328
4.795,-0.237938,-2.27899,2.87328
4.796,-0.240216,-2.27667,2.87328
4.797,-0.242491,-2.27432,2.87328
4.798,-0.244765,-2.27195,2.87328
4.799,-0.247035,-2.26957,2.87328
4.8,-0.249304,-2.26716,2.87328
4.801,-0.25157,-2.26473,2.87328
4.802,-0.253833,-2.26227,2.87328
4.803,-0.256094,-2.2598,2.87328
4.804,-0.258353,-2.2573,2.87328
4.805,-0.260609,-2.25479,2.87328
4.806,-0.262862,-2.25225,2.87328
4.807,-0.265113,-2.24969,2.87328
4.808,-0.267362,-2.24711,2.87328
4.809,-0.269607,-2.24451,2.87328
4.81,-0.271851,-2.24188,2.87328
4.811,-0.274091,-2.23924,2.87328
4.812,-0.276329,-2.23657,2.87328
4.813,-0.278564,-2.23388,2.87328
4.814,-0.280797,-2.23118,2.87328
4.815,-0.283027,-2.22845,2.87328
4.816,-0.285254,-2.2257,2.87328
4.817,-0.287478,-2.22293,2.87328
4.818,-0.2897,-2.22013,2.87328
4.819,-0.291918,-2.21732,2.87328
4.82,-0.294134,-2.21449,2.87328
4.821,-0.296347,-2.21163,2.87328
4.822,-0.298558,-2.20876,2.87328
4.823,-0.300765,-2.20586,2.87328
4.824,-0.302969,-2.20295,2.87328
4.825,-0.305171,-2.20001,2.87328
4.826,-0.307369,-2.19705,2.87328
4.827,-0.309565,-2.19407,2.87328
4.828,-0.311757,-2.19107,2.87328
4.829,-0.313947,-2.18805,2.87328
4.83,-0.316133,-2.18501,2.87328
4.831,-0.318317,-2.18195,2.87328
4.832,-0.320497,-2.17887,2.87328
4.833,-0.322675,-2.17577,2.87328
4.834,-0.324849,-2.17265,2.87328
4.835,-0.32702,-2.16951,2.87328
4.836,-0.329188,-2.16635,2.87328
4.837,-0.331353,-2.16317,2.87328
4.838,-0.333514,-2.15997,2.87328
4.839,-0.335673,-2.15675,2.87328
4.84,-0.337828,-2.1535,2.87328
4.841,-0.33998,-2.15024,2.87328
4.842,-0.342128,-2.14696,2.87328
4.843,-0.344274,-2.14366,2.87328
4.844,-0.346416,-2.14034,2.87328
4.845,-0.348554,-2.137,2.87328
4.846,-0.35069,-2.13364,2.87328
4.847,-0.352821,-2.13026,2.87328
4.848,-0.35495,-2.12686,2.87328
4.849,-0.357075,-2.12344,2.87328
4.85,-0.359197,-2.12,2.87328
4.851,-0.361315,-2.11654,2.87328
4.852,-0.36343,-2.11307,2.87328
4.853,-0.365541,-2.10957,2.87328
4.854,-0.367649,-2.10605,2.87328
4.855,-0.369753,-2.10252,2.87328
4.856,-0.371854,-2.09896,2.87328
4.857,-0.373951,-2.09539,2.87328
4.858,-0.376045,-2.09179,2.87328
4.859,-0.378135,-2.08818,2.87328
4.86,-0.380221,-2.08455,2.87328
4.861,-0.382304,-2.0809,2.87328
4.862,-0.384383,-2.07723,2.87328
4.863,-0.386458,-2.07354,2.87328
4.864,-0.38853,-2.06984,2.87328
4.865,-0.390598,-2.06611,2.87328
4.866,-0.392662,-2.06237,2.87328
4.867,-0.394723,-2.0586,2.87328
4.868,-0.39678,-2.05482,2.87328
4.869,-0.398832,-2.05102,2.87328
4.87,-0.400882,-2.0472,2.87328
4.871,-0.402927,-2.04337,2.87328
4.872,-0.404968,-2.03951,2.87328
4.873,-0.407006,-2.03564,2.87328
4.874,-0.40904,-2.03174,2.87328
4.875,-0.411069,-2.02783,2.87328
4.876,-0.413095,-2.0239,2.87328
4.877,-0.415117,-2.01996,2.87328
4.878,-0.417135,-2.01599,2.87328
4.879,-0.419149,-2.01201,2.87328
4.88,-0.421159,-2.00801,2.87328
4.881,-0.423165,-2.00399,2.87328
4.882,-0.425167,-1.99995,2.87328
4.883,-0.427165,-1.99589,2.87328
4.884,-0.429159,-1.99182,2.87328
4.885,-0.431149,-1.98773,2.87328
4.886,-0.433134,-1.98362,2.87328
4.887,-0.435116,-1.97949,2.87328
4.888,-0.437093,-1.97535,2.87328
4.889,-0.439067,-1.97119,2.87328
4.89,-0.441036,-1.96701,2.87328
4.891,-0.443001,-1.96281,2.87328
4.892,-0.444961,-1.9586,2.87328
4.893,-0.446918,-1.95437,2.87328
4.894,-0.44887,-1.95012,2.87328
4.895,-0.450818,-1.94585,2.87328
4.896,-0.452762,-1.94157,2.87328
4.897,-0.454701,-1.93727,2.87328
4.898,-0.456636,-1.93295,2.87328
4.899,-0.458567,-1.92862,2.87328
4.9,-0.460494,-1.92427,2.87328
4.901,-0.462416,-1.9199,2.87328
4.902,-0.464333,-1.91552,2.87328
4.903,-0.466247,-1.91112,2.87328
4.904,-0.468156,-1.9067,2.87328
4.905,-0.47006,-1.90226,2.87328
4.906,-0.47196,-1.89781,2.87328
4.907,-0.473856,-1.89334,2.87328
4.908,-0.475747,-1.88886,2.87328
4.909,-0.477633,-1.88436,2.87328
4.91,-0.479515,-1.87984,2.87328
4.911,-0.481393,-1.8753,2.87328
4.912,-0.483266,-1.87075,2.87328
4.913,-0.485135,-1.86619,2.87328
4.914,-0.486998,-1.8616,2.87328
4.915,-0.488858,-1.85701,2.87328
4.916,-0.490712,-1.85239,2.87328
4.917,-0.492563,-1.84776,2.87328
4.918,-0.494408,-1.84311,2.87328
4.919,-0.496249,-1.83845,2.87328
4.92,-0.498085,-1.83377,2.87328
4.921,-0.499916,-1.82908,2.87328
4.922,-0.501743,-1.82437,2.87328
4.923,-0.503565,-1.81964,2.87328
4.924,-0.505382,-1.8149,2.87328
4.925,-0.507195,-1.81014,2.87328
4.926,-0.509003,-1.80537,2.87328
4.927,-0.510806,-1.80058,2.87328
4.928,-0.512604,-1.79578,2.87328
4.929,-0.514397,-1.79096,2.87328
4.93,-0.516186,-1.78612,2.87328
4.931,-0.517969,-1.78127,2.87328
4.932,-0.519748,-1.77641,2.87328
4.933,-0.521522,-1.77153,2.87328
4.934,-0.523291,-1.76664,2.87328
4.935,-0.525055,-1.76173,2.87328
4.936,-0.526815,-1.7568,2.87328
4.937,-0.528569,-1.75186,2.87328
4.938,-0.530318,-1.74691,2.87328
4.939,-0.532063,-1.74194,2.87328
4.94,-0.533802,-1.73695,2.87328
4.941,-0.535537,-1.73195,2.87328
4.942,-0.537266,-1.72694,2.87328
4.943,-0.538991,-1.72191,2.87328
4.944,-0.54071,-1.71687,2.87328
4.945,-0.542424,-1.71181,2.87328
4.946,-0.544134,-1.70674,2.87328
4.947,-0.545838,-1.70166,2.87328
4.948,-0.547537,-1.69656,2.87328
4.949,-0.549231,-1.69144,2.87328
4.95,-0.55092,-1.68631,2.87328
4.951,-0.552604,-1.68117,2.87328
4.952,-0.554282,-1.67602,2.87328
4.953,-0.555956,-1.67085,2.87328
4.954,-0.557624,-1.66566,2.87328
4.955,-0.559287,-1.66046,2.87328
4.956,-0.560945,-1.65525,2.87328
4.957,-0.562597,-1.65003,2.87328
4.958,-0.564245,-1.64479,2.87328
4.959,-0.565887,-1.63953,2.87328
4.96,-0.567524,-1.63427,2.87328
4.961,-0.569155,-1.62899,2.87328
4.962,-0.570782,-1.62369,2.87328
4.963,-0.572403,-1.61839,2.87328
4.964,-0.574019,-1.61307,2.87328
4.965,-0.575629,-1.60773,2.87328
4.966,-0.577234,-1.60239,2.87328
4.967,-0.578834,-1.59703,2.87328
4.968,-0.580428,-1.59165,2.87328
4.969,-0.582017,-1.58627,2.87328
4.97,-0.583601,-1.58087,2.87328
4.971,-0.585179,-1.57546,2.87328
4.972,-0.586752,-1.57003,2.87328
4.973,-0.588319,-1.56459,2.87328
4.974,-0.589881,-1.55914,2.87328
4.975,-0.591437,-1.55368,2.87328
4.976,-0.592988,-1.5482,2.87328
4.977,-0.594534,-1.54271,2.87328
4.978,-0.596073,-1.53721,2.87328
4.979,-0.597608,-1.5317,2.87328
4.98,-0.599137,-1.52617,2.87328
4.981,-0.60066,-1.52064,2.87328
4.982,-0.602178,-1.51508,2.87328
4.983,-0.60369,-1.50952,2.87328
4.984,-0.605197,-1.50395,2.87328
4.985,-0.606698,-1.49836,2.87328
4.986,-0.608194,-1.49276,2.87328
4.987,-0.609684,-1.48715,2.87328
4.988,-0.611168,-1.48153,2.87328
4.989,-0.612647,-1.47589,2.87328
4.99,-0.61412,-1.47024,2.87328
4.991,-0.615587,-1.46458,2.87328
4.992,-0.617049,-1.45891,2.87328
4.993,-0.618505,-1.45323,2.87328
4.994,-0.619956,-1.44754,2.87328
4.995,-0.6214,-1.44183,2.87328
4.996,-0.622839,-1.43612,2.87328
4.997,-0.624273,-1.43039,2.87328
4.998,-0.6257,-1.42465,2.87328
4.999,-0.627122,-1.4189,2.87328
5,-0.628538,-1.41313,2.87328
5.001,-0.629948,-1.40736,2.87328
5.002,-0.631353,-1.40158,2.87328
5.003,-0.632751,-1.39578,2.87328
5.004,-0.634144,-1.38997,2.87328
5.005,-0.635531,-1.38416,2.87328
5.006,-0.636912,-1.37833,2.87328
5.007,-0.638288,-1.37249,2.87328
5.008,-0.639657,-1.36664,2.87328
5.009,-0.641021,-1.36078,2.87328
5.01,-0.642379,-1.3549,2.87328
5.011,-0.643731,-1.34902,2.87328
5.012,-0.645077,-1.34313,2.87328
5.013,-0.646417,-1.33722,2.87328
5.014,-0.647751,-1.33131,2.87328
5.015,-0.64908,-1.32539,2.87328
5.016,-0.650402,-1.31945,2.87328
5.017,-0.651719,-1.31351,2.87328
5.018,-0.653029,-1.30755,2.87328
5.019,-0.654334,-1.30159,2.87328
5.02,-0.655632,-1.29561,2.87328
5.021,-0.656925,-1.28962,2.87328
5.022,-0.658212,-1.28363,2.87328
5.023,-0.659492,-1.27762,2.87328
5.024,-0.660767,-1.27161,2.87328
5.025,-0.662035,-1.26558,2.87328
5.026,-0.663298,-1.25955,2.87328
5.027,-0.664555,-1.2535,2.87328
5.028,-0.665805,-1.24745,2.87328
5.029,-0.667049,-1.24138,2.87328
5.03,-0.668288,-1.23531,2.87328
5.031,-0.66952,-1.22922,2.87328
5.032,-0.670746,-1.22313,2.87328
5.033,-0.671966,-1.21703,2.87328
5.034,-0.67318,-1.21092,2.87328
5.035,-0.674388,-1.2048,2.87328
5.036,-0.67559,-1.19867,2.87328
5.037,-0.676785,-1.19253,2.87328
5.038,-0.677975,-1.18638,2.87328
5.039,-0.679158,-1.18022,2.87328
5.04,-0.680335,-1.17405,2.87328
5.041,-0.681506,-1.16788,2.87328
5.042,-0.682671,-1.16169,2.87328
5.043,-0.68383,-1.1555,2.87328
5.044,-0.684982,-1.1493,2.87328
5.045,-0.686128,-1.14309,2.87328
5.046,-0.687268,-1.13687,2.87328
5.047,-0.688402,-1.13064,2.87328
5.048,-0.68953,-1.1244,2.87328
5.049,-0.690651,-1.11816,2.87328
5.05,-0.691766,-1.11191,2.87328
5.051,-0.692875,-1.10564,2.87328
5.052,-0.693977,-1.09937,2.87328
5.053,-0.695073,-1.09309,2.87328
5.054,-0.696163,-1.08681,2.87328
5.055,-0.697247,-1.08051,2.87328
5.056,-0.698324,-1.07421,2.87328
5.057,-0.699395,-1.0679,2.87328
5.058,-0.70046,-1.06158,2.87328
5.059,-0.701519,-1.05525,2.87328
5.06,-0.702571,-1.04892,2.87328
5.061,-0.703616,-1.04257,2.87328
5.062,-0.704656,-1.03622,2.87328
5.063,-0.705689,-1.02986,2.87328
5.064,-0.706716,-1.0235,2.87328
5.065,-0.707736,-1.01712,2.87328
5.066,-0.70875,-1.01074,2.87328
5.067,-0.709757,-1.00435,2.87328
5.068,-0.710758,-0.997958,2.87328
5.069,-0.711753,-0.991554,2.87328
5.07,-0.712742,-0.985143,2.87328
5.071,-0.713724,-0.978725,2.87328
5.072,-0.714699,-0.972299,2.87328
5.073,-0.715668,-0.965866,2.87328
5.074,-0.716631,-0.959426,2.87328
5.075,-0.717587,-0.952979,2.87328
5.076,-0.718537,-0.946524,2.87328
5.077,-0.71948,-0.940063,2.87328
5.078,-0.720417,-0.933595,2.87328
5.079,-0.721347,-0.92712,2.87328
5.08,-0.722271,-0.920638,2.87328
5.081,-0.723188,-0.914149,2.87328
5.082,-0.724099,-0.907654,2.87328
5.083,-0.725004,-0.901152,2.87328
5.084,-0.725902,-0.894643,2.87328
5.085,-0.726793,-0.888128,2.87328
5.086,-0.727678,-0.881606,2.87328
5.087,-0.728556,-0.875078,2.87328
5.088,-0.729428,-0.868543,2.87328
5.089,-0.730293,-0.862002,2.87328
5.09,-0.731152,-0.855455,2.87328
5.091,-0.732004,-0.848901,2.87328
5.092,-0.73285,-0.842342,2.87328
5.093,-0.733689,-0.835776,2.87328
5.094,-0.734521,-0.829204,2.87328
5.095,-0.735347,-0.822626,2.87328
5.096,-0.736167,-0.816042,2.87328
5.097,-0.736979,-0.809452,2.87328
5.098,-0.737786,-0.802856,2.87328
5.099,-0.738585,-0.796255,2.87328
5.1,-0.739378,-0.789647,2.87328
5.101,-0.740164,-0.783034,2.87328
5.102,-0.740944,-0.776415,2.87328
5.103,-0.741717,-0.769791,2.87328
5.104,-0.742484,-0.763161,2.87328
5.105,-0.743244,-0.756525,2.87328
5.106,-0.743997,-0.749885,2.87328
5.107,-0.744743,-0.743238,2.87328
5.108,-0.745483,-0.736586,2.87328
5.109,-0.746217,-0.729929,2.87328
5.11,-0.746943,-0.723267,2.87328
5.111,-0.747663,-0.7166,2.87328
5.112,-0.748376,-0.709927,2.87328
5.113,-0.749083,-0.703249,2.87328
5.114,-0.749783,-0.696566,2.87328
5.115,-0.750476,-0.689879,2.87328
5.116,-0.751163,-0.683186,2.87328
5.117,-0.751842,-0.676488,2.87328
5.118,-0.752516,-0.669786,2.87328
5.119,-0.753182,-0.663078,2.87328
5.12,-0.753842,-0.656366,2.87328
5.121,-0.754495,-0.64965,2.87328
5.122,-0.755141,-0.642928,2.87328
5.123,-0.755781,-0.636202,2.87328
5.124,-0.756413,-0.629472,2.87328
5.125,-0.75704,-0.622737,2.87328
5.126,-0.757659,-0.615997,2.87328
5.127,-0.758272,-0.609253,2.87328
5.128,-0.758877,-0.602505,2.87328
5.129,-0.759477,-0.595753,2.87328
5.13,-0.760069,-0.588996,2.87328
5.131,-0.760655,-0.582235,2.87328
5.132,-0.761233,-0.57547,2.87328
5.133,-0.761805,-0.568701,2.87328
5.134,-0.762371,-0.561928,2.87328
5.135,-0.762929,-0.555151,2.87328
5.136,-0.763481,-0.54837,2.87328
5.137,-0.764026,-0.541585,2.87328
5.138,-0.764564,-0.534796,2.87328
5.139,-0.765096,-0.528003,2.87328
5.14,-0.76562,-0.521207,2.87328
5.141,-0.766138,-0.514407,2.87328
5.142,-0.766649,-0.507603,2.87328
5.143,-0.767153,-0.500796,2.87328
5.144,-0.767651,-0.493985,2.87328
5.145,-0.768141,-0.487171,2.87328
5.146,-0.768625,-0.480353,2.87328
5.147,-0.769102,-0.473532,2.87328
5.148,-0.769572,-0.466708,2.87328
5.149,-0.770035,-0.45988,2.87328
5.15,-0.770492,-0.453049,2.87328
5.151,-0.770941,-0.446215,2.87328
5.152,-0.771384,-0.439378,2.87328
5.153,-0.77182,-0.432537,2.87328
5.154,-0.772249,-0.425694,2.87328
5.155,-0.772672,-0.418848,2.87328
5.156,-0.773087,-0.411998,2.87328
5.157,-0.773496,-0.405146,2.87328
5.158,-0.773897,-0.398291,2.87328
5.159,-0.774292,-0.391433,2.87328
5.16,-0.77468,-0.384572,2.87328
5.161,-0.775061,-0.377709,2.87328
5.162,-0.775436,-0.370843,2.87328
5.163,-0.775803,-0.363975,2.87328
5.164,-0.776164,-0.357104,2.87328
5.165,-0.776517,-0.35023,2.87328
5.166,-0.776864,-0.343354,2.87328
5.167,-0.777204,-0.336475,2.87328
5.168,-0.777537,-0.329595,2.87328
5.169,-0.777863,-0.322711,2.87328
5.17,-0.778182,-0.315826,2.87328
5.171,-0.778495,-0.308939,2.87328
5.172,-0.7788,-0.302049,2.87328
5.173,-0.779099,-0.295157,2.87328
5.174,-0.779391,-0.288263,2.87328
5.175,-0.779675,-0.281367,2.87328
5.176,-0.779953,-0.274469,2.87328
5.177,-0.780224,-0.267569,2.87328
5.178,-0.780488,-0.260668,2.87328
5.179,-0.780746,-0.253764,2.87328
5.18,-0.780996,-0.246859,2.87328
5.181,-0.781239,-0.239952,2.87328
5.182,-0.781476,-0.233043,2.87328
5.183,-0.781705,-0.226133,2.87328
5.184,-0.781928,-0.219221,2.87328
5.185,-0.782144,-0.212308,2.87328
5.186,-0.782353,-0.205393,2.87328
5.187,-0.782555,-0.198477,2.87328
5.188,-0.78275,-0.191559,2.87328
5.189,-0.782938,-0.18464,2.87328
5.19,-0.783119,-0.17772,2.87328
5.191,-0.783293,-0.170798,2.87328
5.192,-0.783461,-0.163876,2.87328
5.193,-0.783621,-0.156952,2.87328
5.194,-0.783774,-0.150027,2.87328
5.195,-0.783921,-0.143101,2.87328
5.196,-0.784061,-0.136174,2.87328
5.197,-0.784193,-0.129246,2.87328
5.198,-0.784319,-0.122317,2.87328
5.199,-0.784438,-0.115388,2.87328
5.2,-0.78455,-0.108457,2.87328
5.201,-0.784655,-0.101526,2.87328
5.202,-0.784753,-0.0945943,2.87328
5.203,-0.784844,-0.0876617,2.87328
5.204,-0.784928,-0.0807285,2.87328
5.205,-0.785006,-0.0737948,2.87328
5.206,-0.785076,-0.0668606,2.87328
5.207,-0.785139,-0.0599259,2.87328
5.208,-0.785196,-0.0529907,2.87328
5.209,-0.785245,-0.0460552,2.87328
5.21,-0.785288,-0.0391194,2.87328
5.211,-0.785324,-0.0321834,2.87328
5.212,-0.785352,-0.0252471,2.87328
5.213,-0.785374,-0.0183106,2.87328
5.214,-0.785389,-0.011374,2.87328
5.215,-0.785397,-0.00443729,2.87328
5.216,-0.785398,0.00249943,2.87328
5.217,-0.785392,0.00943612,2.87328
5.218,-0.785379,0.0163728,2.87328
5.219,-0.785359,0.0233093,2.87328
5.22,-0.785332,0.0302456,2.87328
5.221,-0.785299,0.0371818,2.87328
5.222,-0.785258,0.0441177,2.87328
5.223,-0.78521,0.0510533,2.87328
5.224,-0.785156,0.0579885,2.87328
5.225,-0.785094,0.0649233,2.87328
5.226,-0.785026,0.0718577,2.87328
5.227,-0.784951,0.0787916,2.87328
5.228,-0.784868,0.0857249,2.87328
5.229,-0.784779,0.0926576,2.87328
5.23,-0.784683,0.0995897,2.87328
5.231,-0.78458,0.106521,2.87328
5.232,-0.78447,0.113452,2.87328
5.233,-0.784353,0.120382,2.87328
5.234,-0.784229,0.127311,2.87328
5.235,-0.784098,0.134239,2.87328
5.236,-0.783961,0.141166,2.87328
5.237,-0.783816,0.148092,2.87328
5.238,-0.783665,0.155018,2.87328
5.239,-0.783506,0.161942,2.87328
5.24,-0.783341,0.168865,2.87328
5.241,-0.783168,0.175787,2.87328
5.242,-0.782989,0.182707,2.87328
5.243,-0.782803,0.189626,2.87328
5.244,-0.78261,0.196544,2.87328
5.245,-0.78241,0.203461,2.87328
5.246,-0.782203,0.210376,2.87328
5.247,-0.781989,0.21729,2.87328
5.248,-0.781768,0.224202,2.87328
5.249,-0.781541,0.231113,2.87328
5.25,-0.781306,0.238022,2.87328
5.251,-0.781065,0.24493,2.87328
5.252,-0.780816,0.251835,2.87328
5.253,-0.780561,0.258739,2.87328
5.254,-0.780299,0.265642,2.87328
5.255,-0.78003,0.272542,2.87328
5.256,-0.779754,0.27944,2.87328
5.257,-0.779471,0.286337,2.87328
5.258,-0.779181,0.293231,2.87328
5.259,-0.778884,0.300124,2.87328
5.26,-0.778581,0.307014,2.87328
5.261,-0.77827,0.313902,2.87328
5.262,-0.777953,0.320788,2.87328
5.263,-0.777629,0.327672,2.87328
5.264,-0.777298,0.334553,2.87328
5.265,-0.77696,0.341432,2.87328
5.266,-0.776615,0.348309,2.87328
5.267,-0.776263,0.355184,2.87328
5.268,-0.775904,0.362055,2.87328
5.269,-0.775539,0.368925,2.87328
5.27,-0.775167,0.375791,2.87328
5.271,-0.774787,0.382655,2.87328
5.272,-0.774401,0.389517,2.87328
5.273,-0.774008,0.396375,2.87328
5.274,-0.773608,0.403231,2.87328
5.275,-0.773202,0.410084,2.87328
5.276,-0.772788,0.416934,2.87328
5.277,-0.772368,0.423782,2.87328
5.278,-0.771941,0.430626,2.87328
5.279,-0.771507,0.437467,2.87328
5.28,-0.771066,0.444305,2.87328
5.281,-0.770618,0.45114,2.87328
5.282,-0.770164,0.457972,2.87328
5.283,-0.769702,0.464801,2.87328
5.284,-0.769234,0.471626,2.87328
5.285,-0.768759,0.478448,2.87328
5.286,-0.768277,0.485267,2.87328
5.287,-0.767788,0.492082,2.87328
5.288,-0.767293,0.498894,2.87328
5.289,-0.766791,0.505702,2.87328
5.29,-0.766281,0.512507,2.87328
5.291,-0.765766,0.519308,2.87328
5.292,-0.765243,0.526105,2.87328
5.293,-0.764713,0.532899,2.87328
5.294,-0.764177,0.539688,2.87328
5.295,-0.763634,0.546475,2.87328
5.296,-0.763084,0.553257,2.87328
5.297,-0.762527,0.560035,2.87328
5.298,-0.761964,0.566809,2.87328
5.299,-0.761394,0.573579,2.87328
5.3,-0.760817,0.580346,2.87328
5.301,-0.760233,0.587108,2.87328
5.302,-0.759643,0.593866,2.87328
5.303,-0.759045,0.600619,2.87328
5.304,-0.758441,0.607369,2.87328
5.305,-0.757831,0.614114,2.87328
5.306,-0.757213,0.620854,2.87328
5.307,-0.756589,0.627591,2.87328
5.308,-0.755958,0.634322,2.87328
5.309,-0.75532,0.64105,2.87328
5.31,-0.754676,0.647772,2.87328
5.311,-0.754025,0.65449,2.87328
5.312,-0.753367,0.661204,2.87328
5.313,-0.752702,0.667912,2.87328
5.314,-0.752031,0.674616,2.87328
5.315,-0.751353,0.681315,2.87328
5.316,-0.750669,0.688009,2.87328
5.317,-0.749977,0.694699,2.87328
5.318,-0.749279,0.701383,2.87328
5.319,-0.748574,0.708062,2.87328
5.32,-0.747863,0.714736,2.87328
5.321,-0.747145,0.721405,2.87328
5.322,-0.74642,0.728069,2.87328
5.323,-0.745689,0.734727,2.87328
5.324,-0.744951,0.74138,2.87328
5.325,-0.744206,0.748028,2.87328
5.326,-0.743455,0.754671,2.87328
5.327,-0.742697,0.761308,2.87328
5.328,-0.741932,0.767939,2.87328
5.329,-0.741161,0.774565,2.87328
5.33,-0.740383,0.781186,2.87328
5.331,-0.739598,0.7878,2.87328
5.332,-0.738807,0.794409,2.87328
5.333,-0.73801,0.801013,2.87328
5.334,-0.737205,0.80761,2.87328
5.335,-0.736394,0.814202,2.87328
5.336,-0.735577,0.820787,2.87328
5.337,-0.734753,0.827367,2.87328
5.338,-0.733922,0.83394,2.87328
5.339,-0.733085,0.840508,2.87328
5.34,-0.732241,0.847069,2.87328
5.341,-0.731391,0.853625,2.87328
5.342,-0.730534,0.860174,2.87328
5.343,-0.72967,0.866716,2.87328
5.344,-0.7288,0.873253,2.87328
5.345,-0.727924,0.879783,2.87328
5.346,-0.727041,0.886306,2.87328
5.347,-0.726151,0.892824,2.87328
5.348,-0.725255,0.899334,2.87328
5.349,-0.724353,0.905838,2.87328
5.35,-0.723444,0.912335,2.87328
5.351,-0.722528,0.918826,2.87328
5.352,-0.721606,0.92531,2.87328
5.353,-0.720677,0.931787,2.87328
5.354,-0.719742,0.938257,2.87328
5.355,-0.718801,0.94472,2.87328
5.356,-0.717853,0.951176,2.87328
5.357,-0.716899,0.957625,2.87328
5.358,-0.715938,0.964067,2.87328
5.359,-0.71497,0.970502,2.87328
5.36,-0.713997,0.97693,2.87328
5.361,-0.713017,0.983351,2.87328
5.362,-0.71203,0.989764,2.87328
5.363,-0.711037,0.99617,2.87328
5.364,-0.710038,1.00257,2.87328
5.365,-0.709032,1.00896,2.87328
5.366,-0.70802,1.01534,2.87328
5.367,-0.707001,1.02172,2.87328
5.368,-0.705976,1.02809,2.87328
5.369,-0.704945,1.03445,2.87328
5.37,-0.703907,1.0408,2.87328
5.371,-0.702863,1.04715,2.87328
5.372,-0.701813,1.05348,2.87328
5.373,-0.700756,1.05981,2.87328
5.374,-0.699694,1.06613,2.87328
5.375,-0.698624,1.07245,2.87328
5.376,-0.697549,1.07875,2.87328
5.377,-0.696467,1.08505,2.87328
5.378,-0.695379,1.09134,2.87328
5.379,-0.694284,1.09762,2.87328
5.38,-0.693183,1.10389,2.87328
5.381,-0.692076,1.11016,2.87328
5.382,-0.690963,1.11641,2.87328
5.383,-0.689843,1.12266,2.87328
5.384,-0.688718,1.1289,2.87328
5.385,-0.687586,1.13513,2.87328
5.386,-0.686447,1.14135,2.87328
5.387,-0.685303,1.14757,2.87328
5.388,-0.684152,1.15377,2.87328
5.389,-0.682995,1.15997,2.87328
5.39,-0.681832,1.16615,2.87328
5.391,-0.680663,1.17233,2.87328
5.392,-0.679488,1.1785,2.87328
5.393,-0.678306,1.18466,2.87328
5.394,-0.677118,1.19081,2.87328
5.395,-0.675924,1.19695,2.87328
5.396,-0.674724,1.20308,2.87328
5.397,-0.673518,1.20921,2.87328
5.398,-0.672306,1.21532,2.87328
5.399,-0.671088,1.22143,2.87328
5.4,-0.669863,1.22752,2.87328
5.401,-0.668633,1.23361,2.87328
5.402,-0.667396,1.23969,2.87328
5.403,-0.666153,1.24575,2.87328
5.404,-0.664904,1.25181,2.87328
5.405,-0.66365,1.25786,2.87328
5.406,-0.662389,1.2639,2.87328
5.407,-0.661122,1.26992,2.87328
5.408,-0.659849,1.27594,2.87328
5.409,-0.65857,1.28195,2.87328
5.41,-0.657285,1.28795,2.87328
5.411,-0.655994,1.29394,2.87328
5.412,-0.654697,1.29992,2.87328
5.413,-0.653394,1.30589,2.87328
5.414,-0.652085,1.31184,2.87328
5.415,-0.650771,1.31779,2.87328
5.416,-0.64945,1.32373,2.87328
5.417,-0.648123,1.32966,2.87328
5.418,-0.64679,1.33557,2.87328
5.419,-0.645452,1.34148,2.87328
5.42,-0.644108,1.34738,2.87328
5.421,-0.642757,1.35326,2.87328
5.422,-0.641401,1.35914,2.87328
5.423,-0.640039,1.365,2.87328
5.424,-0.638671,1.37085,2.87328
5.425,-0.637297,1.3767,2.87328
5.426,-0.635918,1.38253,2.87328
5.427,-0.634532,1.38835,2.87328
5.428,-0.633141,1.39416,2.87328
5.429,-0.631744,1.39996,2.87328
5.43,-0.630341,1.40575,2.87328
5.431,-0.628932,1.41152,2.87328
5.432,-0.627518,1.41729,2.87328
5.433,-0.626098,1.42304,2.87328
5.434,-0.624672,1.42879,2.87328
5.435,-0.62324,1.43452,2.87328
5.436,-0.621803,1.44024,2.87328
5.437,-0.62036,1.44595,2.87328
5.438,-0.618911,1.45164,2.87328
5.439,-0.617456,1.45733,2.87328
5.44,-0.615996,1.463,2.87328
5.441,-0.61453,1.46866,2.87328
5.442,-0.613059,1.47431,2.87328
5.443,-0.611582,1.47995,2.87328
5.444,-0.610099,1.48558,2.87328
5.445,-0.608611,1.49119,2.87328
5.446,-0.607117,1.4968,2.87328
5.447,-0.605617,1.50239,2.87328
5.448,-0.604112,1.50797,2.87328
5.449,-0.602601,1.51353,2.87328
5.45,-0.601085,1.51909,2.87328
5.451,-0.599563,1.52463,2.87328
5.452,-0.598036,1.53016,2.87328
5.453,-0.596503,1.53567,2.87328
5.454,-0.594964,1.54118,2.87328
5.455,-0.59342,1.54667,2.87328
5.456,-0.591871,1.55215,2.87328
5.457,-0.590316,1.55762,2.87328
5.458,-0.588756,1.56307,2.87328
5.459,-0.58719,1.56851,2.87328
5.46,-0.585619,1.57394,2.87328
5.461,-0.584042,1.57936,2.87328
5.462,-0.58246,1.58476,2.87328
5.463,-0.580873,1.59015,2.87328
5.464,-0.57928,1.59553,2.87328
5.465,-0.577681,1.60089,2.87328
5.466,-0.576078,1.60624,2.87328
5.467,-0.574469,1.61158,2.87328
5.468,-0.572855,1.6169,2.87328
5.469,-0.571235,1.62221,2.87328
5.47,-0.56961,1.62751,2.87328
5.471,-0.56798,1.63279,2.87328
5.472,-0.566345,1.63806,2.87328
5.473,-0.564704,1.64332,2.87328
5.474,-0.563058,1.64856,2.87328
5.475,-0.561407,1.65379,2.87328
5.476,-0.559751,1.65901,2.87328
5.477,-0.558089,1.66421,2.87328
5.478,-0.556422,1.6694,2.87328
5.479,-0.55475,1.67457,2.87328
5.48,-0.553073,1.67973,2.87328
5.481,-0.551391,1.68488,2.87328
5.482,-0.549703,1.69001,2.87328
5.483,-0.548011,1.69513,2.87328
5.484,-0.546313,1.70023,2.87328
5.485,-0.54461,1.70532,2.87328
5.486,-0.542902,1.7104,2.87328
5.487,-0.541189,1.71546,2.87328
5.488,-0.539471,1.72051,2.87328
5.489,-0.537748,1.72554,2.87328
5.49,-0.53602,1.73055,2.87328
5.491,-0.534287,1.73556,2.87328
5.492,-0.532549,1.74055,2.87328
5.493,-0.530806,1.74552,2.87328
5.494,-0.529058,1.75048,2.87328
5.495,-0.527305,1.75542,2.87328
5.496,-0.525547,1.76035,2.87328
5.497,-0.523785,1.76526,2.87328
5.498,-0.522017,1.77016,2.87328
5.499,-0.520244,1.77505,2.87328
5.5,-0.518467,1.77992,2.87328
5.501,-0.516684,1.78477,2.87328
5.502,-0.514897,1.78961,2.87328
5.503,-0.513105,1.79443,2.87328
5.504,-0.511308,1.79924,2.87328
5.505,-0.509507,1.80403,2.87328
5.506,-0.5077,1.80881,2.87328
5.507,-0.505889,1.81357,2.87328
5.508,-0.504073,1.81832,2.87328
5.509,-0.502252,1.82305,2.87328
5.51,-0.500427,1.82776,2.87328
5.511,-0.498597,1.83246,2.87328
5.512,-0.496762,1.83714,2.87328
5.513,-0.494923,1.84181,2.87328
5.514,-0.493079,1.84646,2.87328
5.515,-0.49123,1.8511,2.87328
5.516,-0.489376,1.85572,2.87328
5.517,-0.487518,1.86032,2.87328
5.518,-0.485656,1.86491,2.87328
5.519,-0.483789,1.86948,2.87328
5.52,-0.481917,1.87404,2.87328
5.521,-0.48004,1.87857,2.87328
5.522,-0.47816,1.8831,2.87328
5.523,-0.476274,1.8876,2.87328
5.524,-0.474384,1.89209,2.87328
5.525,-0.47249,1.89656,2.87328
5.526,-0.470591,1.90102,2.87328
5.527,-0.468688,1.90546,2.87328
5.528,-0.46678,1.90988,2.87328
5.529,-0.464868,1.91429,2.87328
5.53,-0.462952,1.91868,2.87328
5.531,-0.461031,1.92305,2.87328
5.532,-0.459106,1.92741,2.87328
5.533,-0.457176,1.93175,2.87328
5.534,-0.455242,1.93607,2.87328
5.535,-0.453304,1.94037,2.87328
5.536,-0.451361,1.94466,2.87328
5.537,-0.449415,1.94893,2.87328
5.538,-0.447464,1.95318,2.87328
5.539,-0.445508,1.95742,2.87328
5.54,-0.443549,1.96164,2.87328
5.541,-0.441585,1.96584,2.87328
5.542,-0.439617,1.97002,2.87328
5.543,-0.437645,1.97419,2.87328
5.544,-0.435669,1.97834,2.87328
5.545,-0.433688,1.98247,2.87328
5.546,-0.431704,1.98658,2.87328
5.547,-0.429715,1.99068,2.87328
5.548,-0.427722,1.99476,2.87328
5.549,-0.425726,1.99882,2.87328
5.55,-0.423725,2.00286,2.87328
5.551,-0.42172,2.00688,2.87328
5.552,-0.419711,2.01089,2.87328
5.553,-0.417698,2.01488,2.87328
5.554,-0.415681,2.01885,2.87328
5.555,-0.413661,2.0228,2.87328
5.556,-0.411636,2.02674,2.87328
5.557,-0.409607,2.03065,2.87328
5.558,-0.407574,2.03455,2.87328
5.559,-0.405538,2.03843,2.87328
5.56,-0.403498,2.04229,2.87328
5.561,-0.401453,2.04613,2.87328
5.562,-0.399405,2.04996,2.87328
5.563,-0.397353,2.05376,2.87328
5.564,-0.395298,2.05755,2.87328
5.565,-0.393238,2.06132,2.87328
5.566,-0.391175,2.06507,2.87328
5.567,-0.389108,2.0688,2.87328
5.568,-0.387038,2.07251,2.87328
5.569,-0.384963,2.0762,2.87328
5.57,-0.382885,2.07988,2.87328
5.571,-0.380803,2.08353,2.87328
5.572,-0.378718,2.08717,2.87328
5.573,-0.376629,2.09079,2.87328
5.574,-0.374537,2.09439,2.87328
5.575,-0.37244,2.09797,2.87328
5.576,-0.370341,2.10153,2.87328
5.577,-0.368237,2.10507,2.87328
5.578,-0.366131,2.10859,2.87328
5.579,-0.36402,2.11209,2.87328
5.58,-0.361906,2.11557,2.87328
5.581,-0.359789,2.11904,2.87328
5.582,-0.357668,2.12248,2.87328
5.583,-0.355544,2.12591,2.87328
5.584,-0.353416,2.12931,2.87328
5.585,-0.351285,2.1327,2.87328
5.586,-0.349151,2.13606,2.87328
5.587,-0.347013,2.13941,2.87328
5.588,-0.344872,2.14273,2.87328
5.589,-0.342728,2.14604,2.87328
5.59,-0.34058,2.14933,2.87328
5.591,-0.338429,2.1526,2.87328
5.592,-0.336275,2.15584,2.87328
5.593,-0.334118,2.15907,2.87328
5.594,-0.331957,2.16228,2.87328
5.595,-0.329793,2.16546,2.87328
5.596,-0.327626,2.16863,2.87328
5.597,-0.325456,2.17178,2.87328
5.598,-0.323282,2.1749,2.87328
5.599,-0.321106,2.17801,2.87328
5.6,-0.318926,2.1811,2.87328
5.601,-0.316744,2.18416,2.87328
5.602,-0.314558,2.18721,2.87328
5.603,-0.312369,2.19023,2.87328
5.604,-0.310178,2.19324,2.87328
5.605,-0.307983,2.19622,2.87328
5.606,-0.305785,2.19918,2.87328
5.607,-0.303585,2.20213,2.87328
5.608,-0.301381,2.20505,2.87328
5.609,-0.299174,2.20795,2.87328
5.61,-0.296965,2.21083,2.87328
5.611,-0.294753,2.21369,2.87328
5.612,-0.292538,2.21653,2.87328
5.613,-0.29032,2.21935,2.87328
5.614,-0.288099,2.22215,2.87328
5.615,-0.285875,2.22492,2.87328
5.616,-0.283649,2.22768,2.87328
5.617,-0.28142,2.23042,2.87328
5.618,-0.279188,2.23313,2.87328
5.619,-0.276954,2.23582,2.87328
5.62,-0.274717,2.23849,2.87328
5.621,-0.272477,2.24114,2.87328
5.622,-0.270234,2.24377,2.87328
5.623,-0.267989,2.24638,2.87328
5.624,-0.265742,2.24897,2.87328
5.625,-0.263491,2.25154,2.87328
5.626,-0.261239,2.25408,2.87328
5.627,-0.258983,2.2566,2.87328
5.628,-0.256725,2.2591,2.87328
5.629,-0.254465,2.26158,2.87328
5.63,-0.252202,2.26404,2.87328
5.631,-0.249937,2.26648,2.87328
5.632,-0.247669,2.2689,2.87328
5.633,-0.245399,2.27129,2.87328
5.634,-0.243127,2.27366,2.87328
5.635,-0.240852,2.27601,2.87328
5.636,-0.238575,2.27834,2.87328
5.637,-0.236295,2.28065,2.87328
5.638,-0.234013,2.28294,2.87328
5.639,-0.231729,2.2852,2.87328
5.64,-0.229443,2.28744,2.87328
5.641,-0.227154,2.28966,2.87328
5.642,-0.224864,2.29186,2.87328
5.643,-0.222571,2.29404,2.87328
5.644,-0.220276,2.29619,2.87328
5.645,-0.217978,2.29832,2.87328
5.646,-0.215679,2.30043,2.87328
5.647,-0.213377,2.30252,2.87328
5.648,-0.211074,2.30459,2.87328
5.649,-0.208768,2.30663,2.87328
5.65,-0.206461,2.30865,2.87328
5.651,-0.204151,2.31065,2.87328
5.652,-0.201839,2.31263,2.87328
5.653,-0.199526,2.31459,2.87328
5.654,-0.19721,2.31652,2.87328
5.655,-0.194893,2.31843,2.87328
5.656,-0.192573,2.32032,2.87328
5.657,-0.190252,2.32219,2.87328
5.658,-0.187929,2.32403,2.87328
5.659,-0.185604,2.32585,2.87328
5.66,-0.183277,2.32765,2.87328
5.661,-0.180949,2.32943,2.87328
5.662,-0.178618,2.33118,2.87328
5.663,-0.176286,2.33291,2.87328
5.664,-0.173953,2.33462,2.87328
5.665,-0.171617,2.33631,2.87328
5.666,-0.16928,2.33797,2.87328
5.667,-0.166941,2.33962,2.87328
5.668,-0.164601,2.34123,2.87328
5.669,-0.162259,2.34283,2.87328
5.67,-0.159915,2.3444,2.87328
5.671,-0.15757,2.34595,2.87328
5.672,-0.155223,2.34748,2.87328
5.673,-0.152875,2.34899,2.87328
5.674,-0.150525,2.35047,2.87328
5.675,-0.148174,2.35193,2.87328
5.676,-0.145821,2.35337,2.87328
5.677,-0.143467,2.35478,2.87328
5.678,-0.141112,2.35617,2.87328
5.679,-0.138755,2.35754,2.87328
5.68,-0.136397,2.35889,2.87328
5.681,-0.134037,2.36021,2.87328
5.682,-0.131676,2.36151,2.87328
5.683,-0.129314,2.36278,2.87328
5.684,-0.126951,2.36404,2.87328
5.685,-0.124586,2.36527,2.87328
5.686,-0.12222,2.36648,2.87328
5.687,-0.119853,2.36766,2.87328
5.688,-0.117485,2.36882,2.87328
5.689,-0.115116,2.36996,2.87328
5.69,-0.112745,2.37108,2.87328
5.691,-0.110373,2.37217,2.87328
5.692,-0.108001,2.37324,2.87328
5.693,-0.105627,2.37428,2.87328
5.694,-0.103252,2.3753,2.87328
5.695,-0.100876,2.3763,2.87328
5.696,-0.0984995,2.37728,2.87328
5.697,-0.0961218,2.37823,2.87328
5.698,-0.0937431,2.37916,2.87328
5.699,-0.0913635,2.38007,2.87328
5.7,-0.088983,2.38095,2.87328
5.701,-0.0866016,2.38181,2.87328
5.702,-0.0842193,2.38265,2.87328
5.703,-0.0818363,2.38346,2.87328
5.704,-0.0794524,2.38425,2.87328
5.705,-0.0770678,2.38502,2.87328
5.706,-0.0746824,2.38577,2.87328
5.707,-0.0722963,2.38649,2.87328
5.708,-0.0699094,2.38718,2.87328
5.709,-0.0675219,2.38786,2.87328
5.71,-0.0651337,2.38851,2.87328
5.711,-0.0627449,2.38913,2.87328
5.712,-0.0603555,2.38974,2.87328
5.713,-0.0579654,2.39032,2.87328
5.714,-0.0555748,2.39087,2.87328
5.715,-0.0531837,2.39141,2.87328
5.716,-0.050792,2.39192,2.87328
5.717,-0.0483999,2.3924,2.87328
5.718,-0.0460072,2.39287,2.87328
5.719,-0.0436141,2.3933,2.87328
5.72,-0.0412206,2.39372,2.87328
5.721,-0.0388267,2.39411,2.87328
5.722,-0.0364324,2.39448,2.87328
5.723,-0.0340378,2.39483,2.87328
5.724,-0.0316428,2.39515,2.87328
5.725,-0.0292475,2.39545,2.87328
5.726,-0.0268519,2.39572,2.87328
5.727,-0.024456,2.39598,2.87328
5.728,-0.0220599,2.3962,2.87328
5.729,-0.0196636,2.39641,2.87328
5.73,-0.0172671,2.39659,2.87328
5.731,-0.0148704,2.39675,2.87328
5.732,-0.0124736,2.39688,2.87328
5.733,-0.0100767,2.39699,2.87328
5.734,-0.00767966,2.39708,2.87328
5.735,-0.00528255,2.39714,2.87328
5.736,-0.00288538,2.39718,2.87328
5.737,-0.000488189,2.3972,2.87328
5.738,0.00190901,2.39719,2.87328
5.739,0.00430619,2.39716,2.87328
5.74,0.00670332,2.39711,2.87328
5.741,0.00910039,2.39703,2.87328
5.742,0.0114974,2.39693,2.87328
5.743,0.0138942,2.3968,2.87328
5.744,0.016291,2.39666,2.87328
5.745,0.0186875,2.39648,2.87328
5.746,0.0210839,2.39629,2.87328
5.747,0.0234801,2.39607,2.87328
5.748,0.0258761,2.39583,2.87328
5.749,0.0282718,2.39556,2.87328
5.75,0.0306672,2.39527,2.87328
5.751,0.0330623,2.39496,2.87328
5.752,0.0354571,2.39463,2.87328
5.753,0.0378516,2.39427,2.87328
5.754,0.0402456,2.39388,2.87328
5.755,0.0426393,2.39348,2.87328
5.756,0.0450326,2.39305,2.87328
5.757,0.0474254,2.39259,2.87328
5.758,0.0498178,2.39212,2.87328
5.759,0.0522096,2.39162,2.87328
5.76,0.054601,2.39109,2.87328
5.761,0.0569918,2.39055,2.87328
5.762,0.0593821,2.38998,2.87328
5.763,0.0617717,2.38938,2.87328
5.764,0.0641608,2.38876,2.87328
5.765,0.0665493,2.38812,2.87328
5.766,0.0689371,2.38746,2.87328
5.767,0.0713242,2.38677,2.87328
5.768,0.0737106,2.38606,2.87328
5.769,0.0760963,2.38533,2.87328
5.77,0.0784812,2.38457,2.87328
5.771,0.0808654,2.38379,2.87328
5.772,0.0832488,2.38298,2.87328
5.773,0.0856314,2.38216,2.87328
5.774,0.0880131,2.38131,2.87328
5.775,0.090394,2.38043,2.87328
5.776,0.092774,2.37954,2.87328
5.777,0.0951531,2.37862,2.87328
5.778,0.0975312,2.37767,2.87328
5.779,0.0999084,2.3767,2.87328
5.78,0.102285,2.37571,2.87328
5.781,0.10466,2.3747,2.87328
5.782,0.107034,2.37367,2.87328
5.783,0.109407,2.37261,2.87328
5.784,0.111779,2.37152,2.87328
5.785,0.11415,2.37042,2.87328
5.786,0.11652,2.36929,2.87328
5.787,0.118889,2.36814,2.87328
5.788,0.121256,2.36696,2.87328
5.789,0.123623,2.36576,2.87328
5.79,0.125988,2.36454,2.87328
5.791,0.128352,2.3633,2.87328
5.792,0.130714,2.36203,2.87328
5.793,0.133076,2.36074,2.87328
5.794,0.135436,2.35943,2.87328
5.795,0.137795,2.35809,2.87328
5.796,0.140152,2.35673,2.87328
5.797,0.142508,2.35535,2.87328
5.798,0.144863,2.35395,2.87328
5.799,0.147216,2.35252,2.87328
5.8,0.149568,2.35107,2.87328
5.801,0.151918,2.34959,2.87328
5.802,0.154267,2.3481,2.87328
5.803,0.156614,2.34658,2.87328
5.804,0.15896,2.34504,2.87328
5.805,0.161304,2.34347,2.87328
5.806,0.163647,2.34189,2.87328
5.807,0.165988,2.34028,2.87328
5.808,0.168328,2.33865,2.87328
5.809,0.170665,2.33699,2.87328
5.81,0.173002,2.33531,2.87328
5.811,0.175336,2.33361,2.87328
5.812,0.177669,2.33189,2.87328
5.813,0.18,2.33015,2.87328
5.814,0.182329,2.32838,2.87328
5.815,0.184657,2.32659,2.87328
5.816,0.186982,2.32478,2.87328
5.817,0.189306,2.32294,2.87328
5.818,0.191628,2.32108,2.87328
5.819,0.193948,2.3192,2.87328
5.82,0.196267,2.3173,2.87328
5.821,0.198583,2.31538,2.87328
5.822,0.200897,2.31343,2.87328
5.823,0.20321,2.31146,2.87328
5.824,0.20552,2.30947,2.87328
5.825,0.207829,2.30746,2.87328
5.826,0.210135,2.30542,2.87328
5.827,0.212439,2.30337,2.87328
5.828,0.214742,2.30129,2.87328
5.829,0.217042,2.29919,2.87328
5.83,0.21934,2.29706,2.87328
5.831,0.221636,2.29492,2.87328
5.832,0.22393,2.29275,2.87328
5.833,0.226222,2.29056,2.87328
5.834,0.228511,2.28835,2.87328
5.835,0.230798,2.28612,2.87328
5.836,0.233083,2.28386,2.87328
5.837,0.235366,2.28158,2.87328
5.838,0.237646,2.27928,2.87328
5.839,0.239925,2.27696,2.87328
5.84,0.2422,2.27462,2.87328
5.841,0.244474,2.27226,2.87328
5.842,0.246745,2.26987,2.87328
5.843,0.249014,2.26747,2.87328
5.844,0.25128,2.26504,2.87328
5.845,0.253544,2.26259,2.87328
5.846,0.255805,2.26012,2.87328
5.847,0.258064,2.25762,2.87328
5.848,0.26032,2.25511,2.87328
5.849,0.262574,2.25257,2.87328
5.85,0.264825,2.25002,2.87328
5.851,0.267074,2.24744,2.87328
5.852,0.26932,2.24484,2.87328
5.853,0.271564,2.24222,2.87328
5.854,0.273805,2.23958,2.87328
5.855,0.276043,2.23691,2.87328
5.856,0.278279,2.23423,2.87328
5.857,0.280511,2.23152,2.87328
5.858,0.282742,2.2288,2.87328
5.859,0.284969,2.22605,2.87328
5.86,0.287194,2.22328,2.87328
5.861,0.289416,2.22049,2.87328
5.862,0.291635,2.21768,2.87328
5.863,0.293851,2.21485,2.87328
5.864,0.296064,2.212,2.87328
5.865,0.298275,2.20913,2.87328
5.866,0.300483,2.20623,2.87328
5.867,0.302687,2.20332,2.87328
5.868,0.304889,2.20039,2.87328
5.869,0.307088,2.19743,2.87328
5.87,0.309284,2.19445,2.87328
5.871,0.311477,2.19146,2.87328
5.872,0.313667,2.18844,2.87328
5.873,0.315854,2.1854,2.87328
5.874,0.318038,2.18235,2.87328
5.875,0.320219,2.17927,2.87328
5.876,0.322396,2.17617,2.87328
5.877,0.324571,2.17305,2.87328
5.878,0.326742,2.16991,2.87328
5.879,0.328911,2.16676,2.87328
5.88,0.331076,2.16358,2.87328
5.881,0.333238,2.16038,2.87328
5.882,0.335397,2.15716,2.87328
5.883,0.337552,2.15392,2.87328
5.884,0.339704,2.15066,2.87328
5.885,0.341854,2.14738,2.87328
5.886,0.343999,2.14408,2.87328
5.887,0.346142,2.14077,2.87328
5.888,0.348281,2.13743,2.87328
5.889,0.350417,2.13407,2.87328
5.89,0.352549,2.13069,2.87328
5.891,0.354678,2.1273,2.87328
5.892,0.356803,2.12388,2.87328
5.893,0.358926,2.12044,2.87328
5.894,0.361044,2.11699,2.87328
5.895,0.36316,2.11351,2.87328
5.896,0.365271,2.11002,2.87328
5.897,0.36738,2.1065,2.87328
5.898,0.369484,2.10297,2.87328
5.899,0.371586,2.09942,2.87328
5.9,0.373683,2.09585,2.87328
5.901,0.375777,2.09226,2.87328
5.902,0.377868,2.08865,2.87328
5.903,0.379955,2.08502,2.87328
5.904,0.382038,2.08137,2.87328
5.905,0.384117,2.0777,2.87328
5.906,0.386193,2.07402,2.87328
5.907,0.388265,2.07031,2.87328
5.908,0.390334,2.06659,2.87328
5.909,0.392398,2.06285,2.87328
5.91,0.394459,2.05909,2.87328
5.911,0.396517,2.05531,2.87328
5.912,0.39857,2.05151,2.87328
5.913,0.40062,2.04769,2.87328
5.914,0.402665,2.04386,2.87328
5.915,0.404707,2.04,2.87328
5.916,0.406745,2.03613,2.87328
5.917,0.40878,2.03224,2.87328
5.918,0.41081,2.02833,2.87328
5.919,0.412836,2.02441,2.87328
5.92,0.414859,2.02046,2.87328
5.921,0.416877,2.0165,2.87328
5.922,0.418892,2.01252,2.87328
5.923,0.420902,2.00852,2.87328
5.924,0.422909,2.0045,2.87328
5.925,0.424911,2.00047,2.87328
5.926,0.42691,1.99641,2.87328
5.927,0.428904,1.99234,2.87328
5.928,0.430894,1.98825,2.87328
5.929,0.432881,1.98415,2.87328
5.93,0.434863,1.98002,2.87328
5.931,0.436841,1.97588,2.87328
5.932,0.438814,1.97172,2.87328
5.933,0.440784,1.96755,2.87328
5.934,0.442749,1.96335,2.87328
5.935,0.444711,1.95914,2.87328
5.936,0.446668,1.95491,2.87328
5.937,0.448621,1.95066,2.87328
5.938,0.450569,1.9464,2.87328
5.939,0.452513,1.94212,2.87328
5.94,0.454453,1.93782,2.87328
5.941,0.456389,1.93351,2.87328
5.942,0.45832,1.92918,2.87328
5.943,0.460247,1.92483,2.87328
5.944,0.46217,1.92046,2.87328
5.945,0.464088,1.91608,2.87328
5.946,0.466002,1.91168,2.87328
5.947,0.467912,1.90726,2.87328
5.948,0.469817,1.90283,2.87328
5.949,0.471717,1.89838,2.87328
5.95,0.473613,1.89391,2.87328
5.951,0.475505,1.88943,2.87328
5.952,0.477392,1.88493,2.87328
5.953,0.479275,1.88042,2.87328
5.954,0.481153,1.87589,2.87328
5.955,0.483027,1.87134,2.87328
5.956,0.484896,1.86677,2.87328
5.957,0.48676,1.86219,2.87328
5.958,0.48862,1.8576,2.87328
5.959,0.490475,1.85298,2.87328
5.96,0.492326,1.84835,2.87328
5.961,0.494172,1.84371,2.87328
5.962,0.496014,1.83905,2.87328
5.963,0.49785,1.83437,2.87328
5.964,0.499682,1.82968,2.87328
5.965,0.50151,1.82497,2.87328
5.966,0.503332,1.82025,2.87328
5.967,0.50515,1.81551,2.87328
5.968,0.506963,1.81075,2.87328
5.969,0.508772,1.80598,2.87328
5.97,0.510575,1.80119,2.87328
5.971,0.512374,1.79639,2.87328
5.972,0.514168,1.79158,2.87328
5.973,0.515957,1.78674,2.87328
5.974,0.517741,1.7819,2.87328
5.975,0.519521,1.77703,2.87328
5.976,0.521295,1.77216,2.87328
5.977,0.523065,1.76726,2.87328
5.978,0.52483,1.76235,2.87328
5.979,0.52659,1.75743,2.87328
5.98,0.528345,1.75249,2.87328
5.981,0.530095,1.74754,2.87328
5.982,0.53184,1.74257,2.87328
5.983,0.53358,1.73759,2.87328
5.984,0.535315,1.73259,2.87328
5.985,0.537045,1.72758,2.87328
5.986,0.53877,1.72256,2.87328
5.987,0.54049,1.71752,2.87328
5.988,0.542205,1.71246,2.87328
5.989,0.543915,1.70739,2.87328
5.99,0.54562,1.70231,2.87328
5.991,0.54732,1.69721,2.87328
5.992,0.549014,1.6921,2.87328
5.993,0.550704,1.68697,2.87328
5.994,0.552388,1.68183,2.87328
5.995,0.554068,1.67668,2.87328
5.996,0.555742,1.67151,2.87328
5.997,0.557411,1.66633,2.87328
5.998,0.559074,1.66113,2.87328
5.999,0.560733,1.65592,2.87328
6,0.562386,1.65069,2.87328
6.001,0.564034,1.64546,2.87328
6.002,0.565677,1.64021,2.87328
6.003,0.567315,1.63494,2.87328
6.004,0.568947,1.62966,2.87328
6.005,0.570574,1.62437,2.87328
6.006,0.572196,1.61907,2.87328
6.007,0.573812,1.61375,2.87328
6.008,0.575423,1.60842,2.87328
6.009,0.577029,1.60307,2.87328
6.01,0.578629,1.59771,2.87328
6.011,0.580224,1.59234,2.87328
6.012,0.581814,1.58696,2.87328
6.013,0.583398,1.58156,2.87328
6.014,0.584977,1.57615,2.87328
6.015,0.586551,1.57072,2.87328
6.016,0.588119,1.56529,2.87328
6.017,0.589681,1.55984,2.87328
6.018,0.591238,1.55438,2.87328
6.019,0.59279,1.5489,2.87328
6.02,0.594336,1.54342,2.87328
6.021,0.595877,1.53792,2.87328
6.022,0.597412,1.53241,2.87328
6.023,0.598942,1.52688,2.87328
6.024,0.600466,1.52134,2.87328
6.025,0.601984,1.5158,2.87328
6.026,0.603497,1.51023,2.87328
6.027,0.605005,1.50466,2.87328
6.028,0.606507,1.49907,2.87328
6.029,0.608003,1.49348,2.87328
6.03,0.609494,1.48787,2.87328
6.031,0.610979,1.48225,2.87328
6.032,0.612458,1.47661,2.87328
6.033,0.613932,1.47097,2.87328
6.034,0.6154,1.46531,2.87328
6.035,0.616862,1.45964,2.87328
6.036,0.618319,1.45396,2.87328
6.037,0.61977,1.44827,2.87328
6.038,0.621216,1.44256,2.87328
6.039,0.622655,1.43685,2.87328
6.04,0.624089,1.43112,2.87328
6.041,0.625518,1.42538,2.87328
6.042,0.62694,1.41963,2.87328
6.043,0.628357,1.41387,2.87328
6.044,0.629768,1.4081,2.87328
6.045,0.631173,1.40232,2.87328
6.046,0.632573,1.39652,2.87328
6.047,0.633966,1.39072,2.87328
6.048,0.635354,1.3849,2.87328
6.049,0.636736,1.37907,2.87328
6.05,0.638112,1.37324,2.87328
6.051,0.639482,1.36739,2.87328
6.052,0.640847,1.36153,2.87328
6.053,0.642206,1.35566,2.87328
6.054,0.643558,1.34977,2.87328
6.055,0.644905,1.34388,2.87328
6.056,0.646246,1.33798,2.87328
6.057,0.647581,1.33207,2.87328
6.058,0.64891,1.32614,2.87328
6.059,0.650233,1.32021,2.87328
6.06,0.651551,1.31427,2.87328
6.061,0.652862,1.30831,2.87328
6.062,0.654167,1.30235,2.87328
6.063,0.655467,1.29637,2.87328
6.064,0.65676,1.29039,2.87328
6.065,0.658047,1.2844,2.87328
6.066,0.659329,1.27839,2.87328
6.067,0.660604,1.27238,2.87328
6.068,0.661873,1.26635,2.87328
6.069,0.663137,1.26032,2.87328
6.07,0.664394,1.25427,2.87328
6.071,0.665645,1.24822,2.87328
6.072,0.666891,1.24216,2.87328
6.073,0.66813,1.23609,2.87328
6.074,0.669363,1.23,2.87328
6.075,0.67059,1.22391,2.87328
6.076,0.671811,1.21781,2.87328
6.077,0.673025,1.2117,2.87328
6.078,0.674234,1.20558,2.87328
6.079,0.675436,1.19945,2.87328
6.08,0.676633,1.19331,2.87328
6.081,0.677823,1.18717,2.87328
6.082,0.679007,1.18101,2.87328
6.083,0.680185,1.17484,2.87328
6.084,0.681357,1.16867,2.87328
6.085,0.682522,1.16249,2.87328
6.086,0.683682,1.15629,2.87328
6.087,0.684835,1.15009,2.87328
6.088,0.685982,1.14388,2.87328
6.089,0.687123,1.13767,2.87328
6.09,0.688257,1.13144,2.87328
6.091,0.689386,1.1252,2.87328
6.092,0.690508,1.11896,2.87328
6.093,0.691624,1.11271,2.87328
6.094,0.692733,1.10645,2.87328
6.095,0.693836,1.10018,2.87328
6.096,0.694933,1.0939,2.87328
6.097,0.696024,1.08761,2.87328
6.098,0.697109,1.08132,2.87328
6.099,0.698187,1.07502,2.87328
6.1,0.699259,1.06871,2.87328
6.101,0.700324,1.06239,2.87328
6.102,0.701384,1.05606,2.87328
6.103,0.702436,1.04973,2.87328
6.104,0.703483,1.04339,2.87328
6.105,0.704523,1.03704,2.87328
6.106,0.705557,1.03068,2.87328
6.107,0.706585,1.02431,2.87328
6.108,0.707606,1.01794,2.87328
6.109,0.70862,1.01156,2.87328
6.11,0.709629,1.00517,2.87328
6.111,0.710631,0.998777,2.87328
6.112,0.711626,0.992374,2.87328
6.113,0.712616,0.985964,2.87328
6.114,0.713598,0.979546,2.87328
6.115,0.714575,0.973121,2.87328
6.116,0.715544,0.966689,2.87328
6.117,0.716508,0.96025,2.87328
6.118,0.717465,0.953804,2.87328
6.119,0.718416,0.94735,2.87328
6.12,0.71936,0.94089,2.87328
6.121,0.720297,0.934423,2.87328
6.122,0.721229,0.927949,2.87328
6.123,0.722153,0.921468,2.87328
6.124,0.723071,0.91498,2.87328
6.125,0.723983,0.908485,2.87328
6.126,0.724888,0.901984,2.87328
6.127,0.725787,0.895476,2.87328
6.128,0.726679,0.888962,2.87328
6.129,0.727565,0.882441,2.87328
6.13,0.728444,0.875913,2.87328
6.131,0.729317,0.86938,2.87328
6.132,0.730183,0.862839,2.87328
6.133,0.731043,0.856293,2.87328
6.134,0.731896,0.84974,2.87328
6.135,0.732742,0.843181,2.87328
6.136,0.733582,0.836616,2.87328
6.137,0.734415,0.830045,2.87328
6.138,0.735242,0.823468,2.87328
6.139,0.736062,0.816885,2.87328
6.14,0.736876,0.810295,2.87328
6.141,0.737683,0.8037,2.87328
6.142,0.738483,0.7971,2.87328
6.143,0.739277,0.790493,2.87328
6.144,0.740064,0.78388,2.87328
6.145,0.740845,0.777262,2.87328
6.146,0.741619,0.770639,2.87328
6.147,0.742386,0.764009,2.87328
6.148,0.743147,0.757375,2.87328
6.149,0.743901,0.750734,2.87328
6.15,0.744648,0.744089,2.87328
6.151,0.745389,0.737438,2.87328
6.152,0.746123,0.730781,2.87328
6.153,0.746851,0.72412,2.87328
6.154,0.747571,0.717453,2.87328
6.155,0.748285,0.710781,2.87328
6.156,0.748993,0.704104,2.87328
6.157,0.749694,0.697422,2.87328
6.158,0.750388,0.690734,2.87328
6.159,0.751075,0.684042,2.87328
6.16,0.751756,0.677345,2.87328
6.161,0.75243,0.670643,2.87328
6.162,0.753097,0.663937,2.87328
6.163,0.753758,0.657225,2.87328
6.164,0.754412,0.650509,2.87328
6.165,0.755059,0.643788,2.87328
6.166,0.755699,0.637063,2.87328
6.167,0.756333,0.630333,2.87328
6.168,0.75696,0.623599,2.87328
6.169,0.75758,0.61686,2.87328
6.17,0.758194,0.610116,2.87328
6.171,0.7588,0.603369,2.87328
6.172,0.7594,0.596617,2.87328
6.173,0.759993,0.589861,2.87328
6.174,0.76058,0.5831,2.87328
6.175,0.76116,0.576336,2.87328
6.176,0.761733,0.569567,2.87328
6.177,0.762299,0.562795,2.87328
6.178,0.762858,0.556018,2.87328
6.179,0.763411,0.549237,2.87328
6.18,0.763957,0.542453,2.87328
6.181,0.764496,0.535665,2.87328
6.182,0.765028,0.528872,2.87328
6.183,0.765553,0.522077,2.87328
6.184,0.766072,0.515277,2.87328
6.185,0.766584,0.508474,2.87328
6.186,0.767089,0.501667,2.87328
6.187,0.767587,0.494857,2.87328
6.188,0.768079,0.488043,2.87328
6.189,0.768563,0.481226,2.87328
6.19,0.769041,0.474405,2.87328
6.191,0.769512,0.467581,2.87328
6.192,0.769976,0.460754,2.87328
6.193,0.770434,0.453923,2.87328
6.194,0.770884,0.44709,2.87328
6.195,0.771328,0.440253,2.87328
6.196,0.771765,0.433413,2.87328
6.197,0.772195,0.42657,2.87328
6.198,0.772618,0.419724,2.87328
6.199,0.773034,0.412875,2.87328
6.2,0.773444,0.406023,2.87328
6.201,0.773846,0.399168,2.87328
6.202,0.774242,0.392311,2.87328
6.203,0.774631,0.38545,2.87328
6.204,0.775013,0.378587,2.87328
6.205,0.775388,0.371722,2.87328
6.206,0.775756,0.364853,2.87328
6.207,0.776118,0.357983,2.87328
6.208,0.776472,0.351109,2.87328
6.209,0.77682,0.344234,2.87328
6.21,0.777161,0.337356,2.87328
6.211,0.777495,0.330475,2.87328
6.212,0.777822,0.323592,2.87328
6.213,0.778142,0.316707,2.87328
6.214,0.778455,0.30982,2.87328
6.215,0.778762,0.30293,2.87328
6.216,0.779061,0.296039,2.87328
6.217,0.779354,0.289145,2.87328
6.218,0.779639,0.282249,2.87328
6.219,0.779918,0.275352,2.87328
6.22,0.78019,0.268452,2.87328
6.221,0.780455,0.261551,2.87328
6.222,0.780713,0.254648,2.87328
6.223,0.780964,0.247743,2.87328
6.224,0.781209,0.240836,2.87328
6.225,0.781446,0.233927,2.87328
6.226,0.781676,0.227017,2.87328
6.227,0.7819,0.220106,2.87328
6.228,0.782117,0.213193,2.87328
6.229,0.782326,0.206278,2.87328
6.23,0.782529,0.199362,2.87328
6.231,0.782725,0.192444,2.87328
6.232,0.782914,0.185526,2.87328
6.233,0.783096,0.178605,2.87328
6.234,0.783271,0.171684,2.87328
6.235,0.78344,0.164762,2.87328
6.236,0.783601,0.157838,2.87328
6.237,0.783755,0.150913,2.87328
6.238,0.783903,0.143987,2.87328
6.239,0.784043,0.13706,2.87328
6.24,0.784177,0.130133,2.87328
6.241,0.784303,0.123204,2.87328
6.242,0.784423,0.116274,2.87328
6.243,0.784536,0.109344,2.87328
6.244,0.784642,0.102413,2.87328
6.245,0.784741,0.0954811,2.87328
6.246,0.784833,0.0885487,2.87328
6.247,0.784918,0.0816156,2.87328
6.248,0.784996,0.0746819,2.87328
6.249,0.785067,0.0677477,2.87328
6.25,0.785132,0.0608131,2.87328
6.251,0.785189,0.053878,2.87328
6.252,0.785239,0.0469426,2.87328
6.253,0.785283,0.0400068,2.87328
6.254,0.785319,0.0330707,2.87328
6.255,0.785349,0.0261345,2.87328
6.256,0.785372,0.019198,2.87328
6.257,0.785387,0.0122614,2.87328
6.258,0.785396,0.00532474,2.87328
6.259,0.785398,-0.00161197,2.87328
6.26,0.785393,-0.00854867,2.87328
6.261,0.785381,-0.0154853,2.87328
6.262,0.785362,-0.0224219,2.87328
6.263,0.785336,-0.0293582,2.87328
6.264,0.785303,-0.0362944,2.87328
6.265,0.785263,-0.0432303,2.87328
6.266,0.785217,-0.050166,2.87328
6.267,0.785163,-0.0571012,2.87328
6.268,0.785103,-0.0640361,2.87328
6.269,0.785035,-0.0709706,2.87328
6.27,0.784961,-0.0779045,2.87328
6.271,0.784879,-0.0848379,2.87328
6.272,0.784791,-0.0917707,2.87328
6.273,0.784696,-0.0987029,2.87328
6.274,0.784594,-0.105634,2.87328
6.275,0.784484,-0.112565,2.87328
6.276,0.784368,-0.119495,2.87328
6.277,0.784245,-0.126424,2.87328
6.278,0.784116,-0.133353,2.87328
6.279,0.783979,-0.14028,2.87328
6.28,0.783835,-0.147206,2.87328
6.281,0.783684,-0.154132,2.87328
6.282,0.783527,-0.161056,2.87328
6.283,0.783362,-0.167979,2.87328
6.284,0.783191,-0.174901,2.87328
6.285,0.783012,-0.181822,2.87328
6.286,0.782827,-0.188741,2.87328
6.287,0.782635,-0.195659,2.87328
6.288,0.782436,-0.202576,2.87328
6.289,0.78223,-0.209492,2.87328
6.29,0.782017,-0.216406,2.87328
6.291,0.781797,-0.223318,2.87328
6.292,0.78157,-0.230229,2.87328
6.293,0.781337,-0.237138,2.87328
6.294,0.781096,-0.244046,2.87328
6.295,0.780848,-0.250952,2.87328
6.296,0.780594,-0.257856,2.87328
6.297,0.780333,-0.264759,2.87328
6.298,0.780064,-0.271659,2.87328
6.299,0.779789,-0.278558,2.87328
6.3,0.779507,-0.285455,2.87328
6.301,0.779218,-0.292349,2.87328
6.302,0.778923,-0.299242,2.87328
6.303,0.77862,-0.306133,2.87328
6.304,0.77831,-0.313021,2.87328
6.305,0.777994,-0.319907,2.87328
6.306,0.777671,-0.326791,2.87328
6.307,0.77734,-0.333673,2.87328
6.308,0.777003,-0.340553,2.87328
6.309,0.776659,-0.34743,2.87328
6.31,0.776308,-0.354304,2.87328
6.311,0.775951,-0.361176,2.87328
6.312,0.775586,-0.368046,2.87328
6.313,0.775215,-0.374913,2.87328
6.314,0.774836,-0.381777,2.87328
6.315,0.774451,-0.388639,2.87328
6.316,0.774059,-0.395498,2.87328
6.317,0.77366,-0.402354,2.87328
6.318,0.773254,-0.409208,2.87328
6.319,0.772842,-0.416058,2.87328
6.32,0.772422,-0.422906,2.87328
6.321,0.771996,-0.42975,2.87328
6.322,0.771563,-0.436592,2.87328
6.323,0.771123,-0.443431,2.87328
6.324,0.770676,-0.450266,2.87328
6.325,0.770222,-0.457098,2.87328
6.326,0.769762,-0.463927,2.87328
6.327,0.769294,-0.470753,2.87328
6.328,0.76882,-0.477575,2.87328
6.329,0.768339,-0.484395,2.87328
6.33,0.767851,-0.49121,2.87328
6.331,0.767357,-0.498022,2.87328
6.332,0.766855,-0.504831,2.87328
6.333,0.766347,-0.511636,2.87328
6.334,0.765832,-0.518438,2.87328
6.335,0.76531,-0.525236,2.87328
6.336,0.764781,-0.53203,2.87328
6.337,0.764246,-0.53882,2.87328
6.338,0.763704,-0.545607,2.87328
6.339,0.763155,-0.552389,2.87328
6.34,0.762599,-0.559168,2.87328
6.341,0.762037,-0.565943,2.87328
6.342,0.761467,-0.572714,2.87328
6.343,0.760891,-0.57948,2.87328
6.344,0.760308,-0.586243,2.87328
6.345,0.759719,-0.593001,2.87328
6.346,0.759122,-0.599755,2.87328
6.347,0.758519,-0.606505,2.87328
6.348,0.757909,-0.613251,2.87328
6.349,0.757293,-0.619992,2.87328
6.35,0.756669,-0.626729,2.87328
6.351,0.756039,-0.633461,2.87328
6.352,0.755402,-0.640189,2.87328
6.353,0.754759,-0.646913,2.87328
6.354,0.754108,-0.653631,2.87328
6.355,0.753451,-0.660345,2.87328
6.356,0.752788,-0.667054,2.87328
6.357,0.752117,-0.673759,2.87328
6.358,0.75144,-0.680458,2.87328
6.359,0.750756,-0.687153,2.87328
6.36,0.750066,-0.693843,2.87328
6.361,0.749369,-0.700528,2.87328
6.362,0.748665,-0.707208,2.87328
6.363,0.747954,-0.713882,2.87328
6.364,0.747237,-0.720552,2.87328
6.365,0.746513,-0.727216,2.87328
6.366,0.745783,-0.733876,2.87328
6.367,0.745046,-0.74053,2.87328
6.368,0.744302,-0.747178,2.87328
6.369,0.743551,-0.753821,2.87328
6.37,0.742794,-0.760459,2.87328
6.371,0.74203,-0.767091,2.87328
6.372,0.74126,-0.773718,2.87328
6.373,0.740483,-0.780339,2.87328
6.374,0.739699,-0.786954,2.87328
6.375,0.738909,-0.793564,2.87328
6.376,0.738112,-0.800168,2.87328
6.377,0.737309,-0.806766,2.87328
6.378,0.736499,-0.813359,2.87328
6.379,0.735682,-0.819945,2.87328
6.38,0.734859,-0.826525,2.87328
6.381,0.734029,-0.8331,2.87328
6.382,0.733192,-0.839668,2.87328
6.383,0.732349,-0.84623,2.87328
6.384,0.7315,-0.852786,2.87328
6.385,0.730644,-0.859336,2.87328
6.386,0.729781,-0.86588,2.87328
6.387,0.728912,-0.872417,2.87328
6.388,0.728036,-0.878948,2.87328
6.389,0.727154,-0.885472,2.87328
6.39,0.726266,-0.89199,2.87328
6.391,0.72537,-0.898502,2.87328
6.392,0.724469,-0.905006,2.87328
6.393,0.72356,-0.911504,2.87328
6.394,0.722646,-0.917996,2.87328
6.395,0.721724,-0.92448,2.87328
6.396,0.720797,-0.930958,2.87328
6.397,0.719862,-0.937429,2.87328
6.398,0.718922,-0.943893,2.87328
6.399,0.717975,-0.950351,2.87328
6.4,0.717021,-0.956801,2.87328
6.401,0.716061,-0.963244,2.87328
6.402,0.715095,-0.96968,2.87328
6.403,0.714122,-0.976108,2.87328
6.404,0.713142,-0.98253,2.87328
6.405,0.712157,-0.988944,2.87328
6.406,0.711164,-0.995351,2.87328
6.407,0.710166,-1.00175,2.87328
6.408,0.709161,-1.00814,2.87328
6.409,0.70815,-1.01453,2.87328
6.41,0.707132,-1.0209,2.87328
6.411,0.706108,-1.02727,2.87328
6.412,0.705077,-1.03363,2.87328
6.413,0.704041,-1.03999,2.87328
6.414,0.702997,-1.04633,2.87328
6.415,0.701948,-1.05267,2.87328
6.416,0.700892,-1.059,2.87328
6.417,0.69983,-1.06533,2.87328
6.418,0.698761,-1.07164,2.87328
6.419,0.697687,-1.07795,2.87328
6.42,0.696605,-1.08425,2.87328
6.421,0.695518,-1.09054,2.87328
6.422,0.694424,-1.09682,2.87328
6.423,0.693324,-1.10309,2.87328
6.424,0.692218,-1.10936,2.87328
6.425,0.691106,-1.11561,2.87328
6.426,0.689987,-1.12186,2.87328
6.427,0.688862,-1.1281,2.87328
6.428,0.687731,-1.13433,2.87328
6.429,0.686593,-1.14056,2.87328
6.43,0.68545,-1.14677,2.87328
6.431,0.6843,-1.15298,2.87328
6.432,0.683144,-1.15917,2.87328
6.433,0.681981,-1.16536,2.87328
6.434,0.680813,-1.17154,2.87328
6.435,0.679638,-1.17771,2.87328
6.436,0.678458,-1.18387,2.87328
6.437,0.677271,-1.19002,2.87328
6.438,0.676078,-1.19617,2.87328
6.439,0.674878,-1.2023,2.87328
6.44,0.673673,-1.20843,2.87328
6.441,0.672461,-1.21454,2.87328
6.442,0.671244,-1.22065,2.87328
6.443,0.67002,-1.22674,2.87328
6.444,0.66879,-1.23283,2.87328
6.445,0.667555,-1.23891,2.87328
6.446,0.666313,-1.24498,2.87328
6.447,0.665065,-1.25104,2.87328
6.448,0.663811,-1.25708,2.87328
6.449,0.66255,-1.26312,2.87328
6.45,0.661284,-1.26915,2.87328
6.451,0.660012,-1.27517,2.87328
6.452,0.658734,-1.28118,2.87328
6.453,0.65745,-1.28718,2.87328
6.454,0.65616,-1.29317,2.87328
6.455,0.654863,-1.29915,2.87328
6.456,0.653561,-1.30512,2.87328
6.457,0.652253,-1.31108,2.87328
6.458,0.650939,-1.31703,2.87328
6.459,0.649619,-1.32297,2.87328
6.46,0.648293,-1.3289,2.87328
6.461,0.646961,-1.33482,2.87328
6.462,0.645624,-1.34073,2.87328
6.463,0.64428,-1.34662,2.87328
6.464,0.64293,-1.35251,2.87328
6.465,0.641575,-1.35839,2.87328
6.466,0.640214,-1.36425,2.87328
6.467,0.638846,-1.37011,2.87328
6.468,0.637473,-1.37595,2.87328
6.469,0.636094,-1.38178,2.87328
6.47,0.63471,-1.38761,2.87328
6.471,0.633319,-1.39342,2.87328
6.472,0.631923,-1.39922,2.87328
6.473,0.630521,-1.40501,2.87328
6.474,0.629113,-1.41078,2.87328
6.475,0.627699,-1.41655,2.87328
6.476,0.62628,-1.42231,2.87328
6.477,0.624855,-1.42805,2.87328
6.478,0.623424,-1.43378,2.87328
6.479,0.621987,-1.43951,2.87328
6.48,0.620545,-1.44522,2.87328
6.481,0.619097,-1.45091,2.87328
6.482,0.617643,-1.4566,2.87328
6.483,0.616183,-1.46228,2.87328
6.484,0.614718,-1.46794,2.87328
6.485,0.613248,-1.47359,2.87328
6.486,0.611771,-1.47923,2.87328
6.487,0.610289,-1.48486,2.87328
6.488,0.608801,-1.49048,2.87328
6.489,0.607308,-1.49608,2.87328
6.49,0.605809,-1.50167,2.87328
6.491,0.604305,-1.50725,2.87328
6.492,0.602795,-1.51282,2.87328
6.493,0.601279,-1.51838,2.87328
6.494,0.599758,-1.52392,2.87328
6.495,0.598231,-1.52945,2.87328
6.496,0.596699,-1.53497,2.87328
6.497,0.595161,-1.54047,2.87328
6.498,0.593618,-1.54597,2.87328
6.499,0.592069,-1.55145,2.87328
6.5,0.590515,-1.55692,2.87328
6.501,0.588956,-1.56237,2.87328
6.502,0.587391,-1.56782,2.87328
6.503,0.58582,-1.57325,2.87328
6.504,0.584244,-1.57866,2.87328
6.505,0.582663,-1.58407,2.87328
6.506,0.581076,-1.58946,2.87328
6.507,0.579484,-1.59484,2.87328
6.508,0.577886,-1.6002,2.87328
6.509,0.576283,-1.60556,2.87328
6.51,0.574675,-1.6109,2.87328
6.511,0.573062,-1.61622,2.87328
6.512,0.571443,-1.62153,2.87328
6.513,0.569819,-1.62683,2.87328
6.514,0.568189,-1.63212,2.87328
6.515,0.566554,-1.63739,2.87328
6.516,0.564914,-1.64265,2.87328
6.517,0.563269,-1.64789,2.87328
6.518,0.561618,-1.65312,2.87328
6.519,0.559963,-1.65834,2.87328
6.52,0.558302,-1.66355,2.87328
6.521,0.556636,-1.66874,2.87328
6.522,0.554964,-1.67391,2.87328
6.523,0.553288,-1.67907,2.87328
6.524,0.551606,-1.68422,2.87328
6.525,0.549919,-1.68936,2.87328
6.526,0.548228,-1.69448,2.87328
6.527,0.54653,-1.69958,2.87328
6.528,0.544828,-1.70467,2.87328
6.529,0.543121,-1.70975,2.87328
6.53,0.541409,-1.71481,2.87328
6.531,0.539692,-1.71986,2.87328
6.532,0.537969,-1.72489,2.87328
6.533,0.536242,-1.72991,2.87328
6.534,0.534509,-1.73492,2.87328
6.535,0.532772,-1.73991,2.87328
6.536,0.531029,-1.74488,2.87328
6.537,0.529282,-1.74984,2.87328
6.538,0.52753,-1.75479,2.87328
6.539,0.525773,-1.75972,2.87328
6.54,0.52401,-1.76464,2.87328
6.541,0.522243,-1.76954,2.87328
6.542,0.520471,-1.77442,2.87328
6.543,0.518694,-1.77929,2.87328
6.544,0.516913,-1.78415,2.87328
6.545,0.515126,-1.78899,2.87328
6.546,0.513335,-1.79382,2.87328
6.547,0.511539,-1.79863,2.87328
6.548,0.509737,-1.80342,2.87328
6.549,0.507932,-1.8082,2.87328
6.55,0.506121,-1.81296,2.87328
6.551,0.504306,-1.81771,2.87328
6.552,0.502486,-1.82244,2.87328
6.553,0.500661,-1.82716,2.87328
6.554,0.498831,-1.83186,2.87328
6.555,0.496997,-1.83655,2.87328
6.556,0.495158,-1.84122,2.87328
6.557,0.493315,-1.84587,2.87328
6.558,0.491467,-1.85051,2.87328
6.559,0.489614,-1.85513,2.87328
6.56,0.487756,-1.85973,2.87328
6.561,0.485894,-1.86432,2.87328
6.562,0.484028,-1.8689,2.87328
6.563,0.482156,-1.87345,2.87328
6.564,0.480281,-1.87799,2.87328
6.565,0.4784,-1.88252,2.87328
6.566,0.476516,-1.88703,2.87328
6.567,0.474626,-1.89152,2.87328
6.568,0.472733,-1.89599,2.87328
6.569,0.470834,-1.90045,2.87328
6.57,0.468932,-1.90489,2.87328
6.571,0.467025,-1.90932,2.87328
6.572,0.465113,-1.91373,2.87328
6.573,0.463197,-1.91812,2.87328
6.574,0.461277,-1.92249,2.87328
6.575,0.459352,-1.92685,2.87328
6.576,0.457423,-1.93119,2.87328
6.577,0.45549,-1.93552,2.87328
6.578,0.453552,-1.93982,2.87328
6.579,0.45161,-1.94411,2.87328
6.58,0.449664,-1.94838,2.87328
6.581,0.447713,-1.95264,2.87328
6.582,0.445759,-1.95688,2.87328
6.583,0.4438,-1.9611,2.87328
6.584,0.441837,-1.9653,2.87328
6.585,0.439869,-1.96949,2.87328
6.586,0.437898,-1.97366,2.87328
6.587,0.435922,-1.97781,2.87328
6.588,0.433942,-1.98194,2.87328
6.589,0.431958,-1.98606,2.87328
6.59,0.42997,-1.99016,2.87328
6.591,0.427978,-1.99424,2.87328
6.592,0.425981,-1.9983,2.87328
6.593,0.423981,-2.00234,2.87328
6.594,0.421977,-2.00637,2.87328
6.595,0.419968,-2.01038,2.87328
6.596,0.417956,-2.01437,2.87328
6.597,0.41594,-2.01834,2.87328
6.598,0.413919,-2.0223,2.87328
6.599,0.411895,-2.02623,2.87328
6.6,0.409867,-2.03015,2.87328
6.601,0.407835,-2.03405,2.87328
6.602,0.405799,-2.03793,2.87328
6.603,0.403759,-2.0418,2.87328
6.604,0.401715,-2.04564,2.87328
6.605,0.399668,-2.04947,2.87328
6.606,0.397616,-2.05328,2.87328
6.607,0.395561,-2.05707,2.87328
6.608,0.393502,-2.06084,2.87328
6.609,0.391439,-2.06459,2.87328
6.61,0.389373,-2.06832,2.87328
6.611,0.387303,-2.07204,2.87328
6.612,0.385229,-2.07573,2.87328
6.613,0.383151,-2.07941,2.87328
6.614,0.38107,-2.08307,2.87328
6.615,0.378985,-2.08671,2.87328
6.616,0.376897,-2.09033,2.87328
6.617,0.374804,-2.09393,2.87328
6.618,0.372709,-2.09751,2.87328
6.619,0.370609,-2.10107,2.87328
6.62,0.368507,-2.10461,2.87328
6.621,0.3664,-2.10814,2.87328
6.622,0.36429,-2.11164,2.87328
6.623,0.362177,-2.11513,2.87328
6.624,0.36006,-2.1186,2.87328
6.625,0.35794,-2.12204,2.87328
6.626,0.355816,-2.12547,2.87328
6.627,0.353689,-2.12888,2.87328
6.628,0.351558,-2.13226,2.87328
6.629,0.349424,-2.13563,2.87328
6.63,0.347287,-2.13898,2.87328
6.631,0.345146,-2.14231,2.87328
6.632,0.343002,-2.14562,2.87328
6.633,0.340855,-2.14891,2.87328
6.634,0.338705,-2.15218,2.87328
6.635,0.336551,-2.15543,2.87328
6.636,0.334394,-2.15866,2.87328
6.637,0.332233,-2.16187,2.87328
6.638,0.33007,-2.16506,2.87328
6.639,0.327903,-2.16823,2.87328
6.64,0.325734,-2.17138,2.87328
6.641,0.323561,-2.1745,2.87328
6.642,0.321385,-2.17761,2.87328
6.643,0.319205,-2.1807,2.87328
6.644,0.317023,-2.18377,2.87328
6.645,0.314838,-2.18682,2.87328
6.646,0.31265,-2.18985,2.87328
6.647,0.310458,-2.19285,2.87328
6.648,0.308264,-2.19584,2.87328
6.649,0.306067,-2.19881,2.87328
6.65,0.303866,-2.20175,2.87328
6.651,0.301663,-2.20468,2.87328
6.652,0.299457,-2.20758,2.87328
6.653,0.297248,-2.21046,2.87328
6.654,0.295036,-2.21333,2.87328
6.655,0.292821,-2.21617,2.87328
6.656,0.290604,-2.21899,2.87328
6.657,0.288383,-2.22179,2.87328
6.658,0.28616,-2.22457,2.87328
6.659,0.283934,-2.22733,2.87328
6.66,0.281705,-2.23007,2.87328
6.661,0.279474,-2.23278,2.87328
6.662,0.27724,-2.23548,2.87328
6.663,0.275003,-2.23815,2.87328
6.664,0.272764,-2.24081,2.87328
6.665,0.270521,-2.24344,2.87328
6.666,0.268277,-2.24605,2.87328
6.667,0.266029,-2.24864,2.87328
6.668,0.263779,-2.25121,2.87328
6.669,0.261527,-2.25376,2.87328
6.67,0.259272,-2.25628,2.87328
6.671,0.257014,-2.25879,2.87328
6.672,0.254754,-2.26127,2.87328
6.673,0.252492,-2.26373,2.87328
6.674,0.250227,-2.26617,2.87328
6.675,0.24796,-2.26859,2.87328
6.676,0.24569,-2.27098,2.87328
6.677,0.243418,-2.27336,2.87328
6.678,0.241143,-2.27571,2.87328
6.679,0.238866,-2.27805,2.87328
6.68,0.236587,-2.28036,2.87328
6.681,0.234305,-2.28264,2.87328
6.682,0.232022,-2.28491,2.87328
6.683,0.229736,-2.28716,2.87328
6.684,0.227447,-2.28938,2.87328
6.685,0.225157,-2.29158,2.87328
6.686,0.222864,-2.29376,2.87328
6.687,0.220569,-2.29592,2.87328
6.688,0.218272,-2.29805,2.87328
6.689,0.215973,-2.30016,2.87328
6.69,0.213672,-2.30226,2.87328
6.691,0.211369,-2.30433,2.87328
6.692,0.209063,-2.30637,2.87328
6.693,0.206756,-2.3084,2.87328
6.694,0.204447,-2.3104,2.87328
6.695,0.202135,-2.31238,2.87328
6.696,0.199822,-2.31434,2.87328
6.697,0.197507,-2.31628,2.87328
6.698,0.195189,-2.31819,2.87328
6.699,0.19287,-2.32008,2.87328
6.7,0.190549,-2.32195,2.87328
6.701,0.188226,-2.3238,2.87328
6.702,0.185902,-2.32562,2.87328
6.703,0.183575,-2.32742,2.87328
6.704,0.181247,-2.3292,2.87328
6.705,0.178917,-2.33096,2.87328
6.706,0.176585,-2.33269,2.87328
6.707,0.174251,-2.33441,2.87328
6.708,0.171916,-2.3361,2.87328
6.709,0.169579,-2.33776,2.87328
6.71,0.16724,-2.33941,2.87328
6.711,0.1649,-2.34103,2.87328
6.712,0.162558,-2.34263,2.87328
6.713,0.160215,-2.3442,2.87328
6.714,0.15787,-2.34576,2.87328
6.715,0.155524,-2.34729,2.87328
6.716,0.153175,-2.3488,2.87328
6.717,0.150826,-2.35028,2.87328
6.718,0.148475,-2.35174,2.87328
6.719,0.146122,-2.35318,2.87328
6.72,0.143769,-2.3546,2.87328
6.721,0.141413,-2.356,2.87328
6.722,0.139057,-2.35737,2.87328
6.723,0.136699,-2.35871,2.87328
6.724,0.134339,-2.36004,2.87328
6.725,0.131978,-2.36134,2.87328
6.726,0.129616,-2.36262,2.87328
6.727,0.127253,-2.36388,2.87328
6.728,0.124889,-2.36511,2.87328
6.729,0.122523,-2.36632,2.87328
6.73,0.120156,-2.36751,2.87328
6.731,0.117788,-2.36867,2.87328
6.732,0.115419,-2.36982,2.87328
6.733,0.113048,-2.37093,2.87328
6.734,0.110677,-2.37203,2.87328
6.735,0.108304,-2.3731,2.87328
6.736,0.105931,-2.37415,2.87328
6.737,0.103556,-2.37518,2.87328
6.738,0.10118,-2.37618,2.87328
6.739,0.0988037,-2.37716,2.87328
6.74,0.096426,-2.37811,2.87328
6.741,0.0940475,-2.37905,2.87328
6.742,0.091668,-2.37996,2.87328
6.743,0.0892876,-2.38084,2.87328
6.744,0.0869063,-2.38171,2.87328
6.745,0.0845242,-2.38255,2.87328
6.746,0.0821412,-2.38336,2.87328
6.747,0.0797574,-2.38415,2.87328
6.748,0.0773729,-2.38492,2.87328
6.749,0.0749876,-2.38567,2.87328
6.75,0.0726016,-2.38639,2.87328
6.751,0.0702148,-2.38709,2.87328
6.752,0.0678274,-2.38777,2.87328
6.753,0.0654393,-2.38842,2.87328
6.754,0.0630505,-2.38905,2.87328
6.755,0.0606612,-2.38966,2.87328
6.756,0.0582712,-2.39024,2.87328
6.757,0.0558807,-2.3908,2.87328
6.758,0.0534896,-2.39134,2.87328
6.759,0.051098,-2.39185,2.87328
6.76,0.0487059,-2.39234,2.87328
6.761,0.0463134,-2.39281,2.87328
6.762,0.0439203,-2.39325,2.87328
6.763,0.0415269,-2.39367,2.87328
6.764,0.039133,-2.39406,2.87328
6.765,0.0367387,-2.39444,2.87328
6.766,0.0343441,-2.39478,2.87328
6.767,0.0319492,-2.39511,2.87328
6.768,0.0295539,-2.39541,2.87328
6.769,0.0271584,-2.39569,2.87328
6.77,0.0247625,-2.39594,2.87328
6.771,0.0223665,-2.39618,2.87328
6.772,0.0199702,-2.39638,2.87328
6.773,0.0175737,-2.39657,2.87328
6.774,0.0151771,-2.39673,2.87328
6.775,0.0127803,-2.39687,2.87328
6.776,0.0103834,-2.39698,2.87328
6.777,0.00798633,-2.39707,2.87328
6.778,0.00558923,-2.39714,2.87328
6.779,0.00319207,-2.39718,2.87328
6.78,0.000794878,-2.3972,2.87328
6.781,-0.00160232,-2.39719,2.87328
6.782,-0.0039995,-2.39717,2.87328
6.783,-0.00639665,-2.39712,2.87328
6.784,-0.00879373,-2.39704,2.87328
6.785,-0.0111907,-2.39694,2.87328
6.786,-0.0135876,-2.39682,2.87328
6.787,-0.0159844,-2.39668,2.87328
6.788,-0.018381,-2.39651,2.87328
6.789,-0.0207774,-2.39632,2.87328
6.79,-0.0231736,-2.3961,2.87328
6.791,-0.0255696,-2.39586,2.87328
6.792,-0.0279653,-2.3956,2.87328
6.793,-0.0303607,-2.39531,2.87328
6.794,-0.0327559,-2.395,2.87328
6.795,-0.0351507,-2.39467,2.87328
6.796,-0.0375452,-2.39431,2.87328
6.797,-0.0399394,-2.39393,2.87328
6.798,-0.0423331,-2.39353,2.87328
6.799,-0.0447264,-2.3931,2.87328
6.8,-0.0471193,-2.39265,2.87328
6.801,-0.0495117,-2.39218,2.87328
6.802,-0.0519036,-2.39168,2.87328
6.803,-0.0542951,-2.39116,2.87328
6.804,-0.056686,-2.39062,2.87328
6.805,-0.0590763,-2.39005,2.87328
6.806,-0.0614661,-2.38946,2.87328
6.807,-0.0638552,-2.38884,2.87328
6.808,-0.0662437,-2.38821,2.87328
6.809,-0.0686316,-2.38755,2.87328
6.81,-0.0710188,-2.38686,2.87328
6.811,-0.0734053,-2.38615,2.87328
6.812,-0.0757911,-2.38542,2.87328
6.813,-0.0781762,-2.38467,2.87328
6.814,-0.0805604,-2.38389,2.87328
6.815,-0.0829439,-2.38309,2.87328
6.816,-0.0853266,-2.38226,2.87328
6.817,-0.0877085,-2.38142,2.87328
6.818,-0.0900894,-2.38055,2.87328
6.819,-0.0924695,-2.37965,2.87328
6.82,-0.0948487,-2.37873,2.87328
6.821,-0.097227,-2.37779,2.87328
6.822,-0.0996043,-2.37683,2.87328
6.823,-0.101981,-2.37584,2.87328
6.824,-0.104356,-2.37483,2.87328
6.825,-0.10673,-2.3738,2.87328
6.826,-0.109104,-2.37274,2.87328
6.827,-0.111476,-2.37166,2.87328
6.828,-0.113847,-2.37056,2.87328
6.829,-0.116217,-2.36943,2.87328
6.83,-0.118586,-2.36828,2.87328
6.831,-0.120953,-2.36711,2.87328
6.832,-0.12332,-2.36592,2.87328
6.833,-0.125685,-2.3647,2.87328
6.834,-0.128049,-2.36346,2.87328
6.835,-0.130412,-2.36219,2.87328
6.836,-0.132774,-2.36091,2.87328
6.837,-0.135134,-2.3596,2.87328
6.838,-0.137493,-2.35826,2.87328
6.839,-0.139851,-2.35691,2.87328
6.84,-0.142207,-2.35553,2.87328
6.841,-0.144562,-2.35413,2.87328
6.842,-0.146915,-2.3527,2.87328
6.843,-0.149267,-2.35125,2.87328
6.844,-0.151617,-2.34978,2.87328
6.845,-0.153967,-2.34829,2.87328
6.846,-0.156314,-2.34678,2.87328
6.847,-0.15866,-2.34524,2.87328
6.848,-0.161005,-2.34368,2.87328
6.849,-0.163347,-2.34209,2.87328
6.85,-0.165689,-2.34048,2.87328
6.851,-0.168028,-2.33886,2.87328
6.852,-0.170366,-2.3372,2.87328
6.853,-0.172703,-2.33553,2.87328
6.854,-0.175037,-2.33383,2.87328
6.855,-0.17737,-2.33211,2.87328
6.856,-0.179702,-2.33037,2.87328
6.857,-0.182031,-2.32861,2.87328
6.858,-0.184359,-2.32682,2.87328
6.859,-0.186685,-2.32501,2.87328
6.86,-0.189009,-2.32318,2.87328
6.861,-0.191331,-2.32132,2.87328
6.862,-0.193652,-2.31945,2.87328
6.863,-0.19597,-2.31755,2.87328
6.864,-0.198287,-2.31563,2.87328
6.865,-0.200601,-2.31368,2.87328
6.866,-0.202914,-2.31172,2.87328
6.867,-0.205225,-2.30973,2.87328
6.868,-0.207533,-2.30772,2.87328
6.869,-0.20984,-2.30569,2.87328
6.87,-0.212145,-2.30363,2.87328
6.871,-0.214447,-2.30155,2.87328
6.872,-0.216748,-2.29946,2.87328
6.873,-0.219046,-2.29733,2.87328
6.874,-0.221343,-2.29519,2.87328
6.875,-0.223637,-2.29303,2.87328
6.876,-0.225929,-2.29084,2.87328
6.877,-0.228218,-2.28863,2.87328
6.878,-0.230506,-2.2864,2.87328
6.879,-0.232791,-2.28415,2.87328
6.88,-0.235074,-2.28188,2.87328
6.881,-0.237355,-2.27958,2.87328
6.882,-0.239633,-2.27726,2.87328
6.883,-0.241909,-2.27492,2.87328
6.884,-0.244183,-2.27256,2.87328
6.885,-0.246455,-2.27018,2.87328
6.886,-0.248723,-2.26778,2.87328
6.887,-0.25099,-2.26535,2.87328
6.888,-0.253254,-2.2629,2.87328
6.889,-0.255516,-2.26043,2.87328
6.89,-0.257775,-2.25794,2.87328
6.891,-0.260032,-2.25543,2.87328
6.892,-0.262286,-2.2529,2.87328
6.893,-0.264538,-2.25035,2.87328
6.894,-0.266787,-2.24777,2.87328
6.895,-0.269033,-2.24517,2.87328
6.896,-0.271277,-2.24255,2.87328
6.897,-0.273518,-2.23992,2.87328
6.898,-0.275757,-2.23726,2.87328
6.899,-0.277993,-2.23457,2.87328
6.9,-0.280226,-2.23187,2.87328
6.901,-0.282456,-2.22915,2.87328
6.902,-0.284684,-2.2264,2.87328
6.903,-0.286909,-2.22364,2.87328
6.904,-0.289131,-2.22085,2.87328
6.905,-0.291351,-2.21804,2.87328
6.906,-0.293568,-2.21521,2.87328
6.907,-0.295781,-2.21237,2.87328
6.908,-0.297992,-2.2095,2.87328
6.909,-0.3002,-2.2066,2.87328
6.91,-0.302405,-2.20369,2.87328
6.911,-0.304608,-2.20076,2.87328
6.912,-0.306807,-2.19781,2.87328
6.913,-0.309003,-2.19484,2.87328
6.914,-0.311197,-2.19184,2.87328
6.915,-0.313387,-2.18883,2.87328
6.916,-0.315574,-2.18579,2.87328
6.917,-0.317759,-2.18274,2.87328
6.918,-0.31994,-2.17966,2.87328
6.919,-0.322118,-2.17657,2.87328
6.92,-0.324293,-2.17345,2.87328
6.921,-0.326465,-2.17032,2.87328
6.922,-0.328634,-2.16716,2.87328
6.923,-0.330799,-2.16398,2.87328
6.924,-0.332961,-2.16079,2.87328
6.925,-0.335121,-2.15757,2.87328
6.926,-0.337277,-2.15434,2.87328
6.927,-0.339429,-2.15108,2.87328
6.928,-0.341579,-2.1478,2.87328
6.929,-0.343725,-2.14451,2.87328
6.93,-0.345868,-2.14119,2.87328
6.931,-0.348007,-2.13786,2.87328
6.932,-0.350143,-2.1345,2.87328
6.933,-0.352276,-2.13113,2.87328
6.934,-0.354406,-2.12773,2.87328
6.935,-0.356532,-2.12432,2.87328
6.936,-0.358654,-2.12088,2.87328
6.937,-0.360774,-2.11743,2.87328
6.938,-0.362889,-2.11396,2.87328
6.939,-0.365001,-2.11047,2.87328
6.94,-0.36711,-2.10695,2.87328
6.941,-0.369215,-2.10342,2.87328
6.942,-0.371317,-2.09987,2.87328
6.943,-0.373415,-2.0963,2.87328
6.944,-0.37551,-2.09272,2.87328
6.945,-0.3776,-2.08911,2.87328
6.946,-0.379688,-2.08548,2.87328
6.947,-0.381771,-2.08184,2.87328
6.948,-0.383851,-2.07817,2.87328
6.949,-0.385928,-2.07449,2.87328
6.95,-0.388,-2.07079,2.87328
6.951,-0.390069,-2.06707,2.87328
6.952,-0.392135,-2.06333,2.87328
6.953,-0.394196,-2.05957,2.87328
6.954,-0.396254,-2.05579,2.87328
6.955,-0.398308,-2.052,2.87328
6.956,-0.400358,-2.04818,2.87328
6.957,-0.402404,-2.04435,2.87328
6.958,-0.404446,-2.0405,2.87328
6.959,-0.406485,-2.03663,2.87328
6.96,-0.40852,-2.03274,2.87328
6.961,-0.41055,-2.02883,2.87328
6.962,-0.412577,-2.02491,2.87328
6.963,-0.4146,-2.02097,2.87328
6.964,-0.416619,-2.01701,2.87328
6.965,-0.418634,-2.01303,2.87328
6.966,-0.420645,-2.00903,2.87328
6.967,-0.422652,-2.00502,2.87328
6.968,-0.424655,-2.00098,2.87328
6.969,-0.426654,-1.99693,2.87328
6.97,-0.428649,-1.99286,2.87328
6.971,-0.43064,-1.98878,2.87328
6.972,-0.432627,-1.98467,2.87328
6.973,-0.434609,-1.98055,2.87328
6.974,-0.436588,-1.97641,2.87328
6.975,-0.438562,-1.97226,2.87328
6.976,-0.440532,-1.96808,2.87328
6.977,-0.442498,-1.96389,2.87328
6.978,-0.44446,-1.95968,2.87328
6.979,-0.446418,-1.95545,2.87328
6.98,-0.448371,-1.95121,2.87328
6.981,-0.45032,-1.94695,2.87328
6.982,-0.452265,-1.94267,2.87328
6.983,-0.454205,-1.93837,2.87328
6.984,-0.456142,-1.93406,2.87328
6.985,-0.458073,-1.92973,2.87328
6.986,-0.460001,-1.92538,2.87328
6.987,-0.461924,-1.92102,2.87328
6.988,-0.463843,-1.91664,2.87328
6.989,-0.465758,-1.91224,2.87328
6.99,-0.467668,-1.90783,2.87328
6.991,-0.469573,-1.9034,2.87328
6.992,-0.471474,-1.89895,2.87328
6.993,-0.473371,-1.89449,2.87328
6.994,-0.475263,-1.89001,2.87328
6.995,-0.477151,-1.88551,2.87328
6.996,-0.479034,-1.881,2.87328
6.997,-0.480913,-1.87647,2.87328
6.998,-0.482787,-1.87192,2.87328
6.999,-0.484657,-1.86736,2.87328
7,-0.486522,-1.86278,2.87328
7.001,-0.488382,-1.85818,2.87328
7.002,-0.490238,-1.85357,2.87328
7.003,-0.49209,-1.84895,2.87328
7.004,-0.493936,-1.8443,2.87328
7.005,-0.495778,-1.83964,2.87328
7.006,-0.497616,-1.83497,2.87328
7.007,-0.499448,-1.83028,2.87328
7.008,-0.501276,-1.82557,2.87328
7.009,-0.503099,-1.82085,2.87328
7.01,-0.504918,-1.81611,2.87328
7.011,-0.506731,-1.81136,2.87328
7.012,-0.50854,-1.80659,2.87328
7.013,-0.510345,-1.80181,2.87328
7.014,-0.512144,-1.79701,2.87328
7.015,-0.513939,-1.79219,2.87328
7.016,-0.515728,-1.78736,2.87328
7.017,-0.517513,-1.78252,2.87328
7.018,-0.519293,-1.77766,2.87328
7.019,-0.521069,-1.77278,2.87328
7.02,-0.522839,-1.76789,2.87328
7.021,-0.524604,-1.76298,2.87328
7.022,-0.526365,-1.75806,2.87328
7.023,-0.528121,-1.75313,2.87328
7.024,-0.529871,-1.74818,2.87328
7.025,-0.531617,-1.74321,2.87328
7.026,-0.533358,-1.73823,2.87328
7.027,-0.535093,-1.73323,2.87328
7.028,-0.536824,-1.72822,2.87328
7.029,-0.53855,-1.7232,2.87328
7.03,-0.540271,-1.71816,2.87328
7.031,-0.541986,-1.71311,2.87328
7.032,-0.543697,-1.70804,2.87328
7.033,-0.545402,-1.70296,2.87328
7.034,-0.547103,-1.69786,2.87328
7.035,-0.548798,-1.69275,2.87328
7.036,-0.550488,-1.68763,2.87328
7.037,-0.552173,-1.68249,2.87328
7.038,-0.553853,-1.67734,2.87328
7.039,-0.555528,-1.67217,2.87328
7.04,-0.557197,-1.66699,2.87328
7.041,-0.558862,-1.66179,2.87328
7.042,-0.560521,-1.65659,2.87328
7.043,-0.562175,-1.65136,2.87328
7.044,-0.563824,-1.64613,2.87328
7.045,-0.565467,-1.64088,2.87328
7.046,-0.567106,-1.63562,2.87328
7.047,-0.568738,-1.63034,2.87328
7.048,-0.570366,-1.62505,2.87328
7.049,-0.571989,-1.61975,2.87328
7.05,-0.573606,-1.61443,2.87328
7.051,-0.575217,-1.6091,2.87328
7.052,-0.576824,-1.60375,2.87328
7.053,-0.578425,-1.5984,2.87328
7.054,-0.580021,-1.59303,2.87328
7.055,-0.581611,-1.58765,2.87328
7.056,-0.583196,-1.58225,2.87328
7.057,-0.584775,-1.57684,2.87328
7.058,-0.58635,-1.57142,2.87328
7.059,-0.587918,-1.56598,2.87328
7.06,-0.589482,-1.56054,2.87328
7.061,-0.591039,-1.55508,2.87328
7.062,-0.592592,-1.5496,2.87328
7.063,-0.594139,-1.54412,2.87328
7.064,-0.59568,-1.53862,2.87328
7.065,-0.597216,-1.53311,2.87328
7.066,-0.598746,-1.52759,2.87328
7.067,-0.600271,-1.52205,2.87328
7.068,-0.60179,-1.51651,2.87328
7.069,-0.603304,-1.51095,2.87328
7.07,-0.604812,-1.50537,2.87328
7.071,-0.606315,-1.49979,2.87328
7.072,-0.607812,-1.49419,2.87328
7.073,-0.609303,-1.48859,2.87328
7.074,-0.610789,-1.48297,2.87328
7.075,-0.612269,-1.47733,2.87328
7.076,-0.613744,-1.47169,2.87328
7.077,-0.615212,-1.46603,2.87328
7.078,-0.616676,-1.46037,2.87328
7.079,-0.618133,-1.45469,2.87328
7.08,-0.619585,-1.449,2.87328
7.081,-0.621031,-1.44329,2.87328
7.082,-0.622472,-1.43758,2.87328
7.083,-0.623906,-1.43185,2.87328
7.084,-0.625335,-1.42612,2.87328
7.085,-0.626759,-1.42037,2.87328
7.086,-0.628176,-1.41461,2.87328
7.087,-0.629588,-1.40884,2.87328
7.088,-0.630994,-1.40306,2.87328
7.089,-0.632394,-1.39726,2.87328
7.09,-0.633788,-1.39146,2.87328
7.091,-0.635177,-1.38565,2.87328
7.092,-0.63656,-1.37982,2.87328
7.093,-0.637936,-1.37398,2.87328
7.094,-0.639308,-1.36814,2.87328
7.095,-0.640673,-1.36228,2.87328
7.096,-0.642032,-1.35641,2.87328
7.097,-0.643386,-1.35053,2.87328
7.098,-0.644733,-1.34464,2.87328
7.099,-0.646075,-1.33874,2.87328
7.1,-0.647411,-1.33283,2.87328
7.101,-0.64874,-1.3269,2.87328
7.102,-0.650064,-1.32097,2.87328
7.103,-0.651382,-1.31503,2.87328
7.104,-0.652694,-1.30908,2.87328
7.105,-0.654001,-1.30311,2.87328
7.106,-0.655301,-1.29714,2.87328
7.107,-0.656595,-1.29116,2.87328
7.108,-0.657883,-1.28516,2.87328
7.109,-0.659165,-1.27916,2.87328
7.11,-0.660441,-1.27315,2.87328
7.111,-0.661711,-1.26712,2.87328
7.112,-0.662976,-1.26109,2.87328
7.113,-0.664234,-1.25505,2.87328
7.114,-0.665486,-1.249,2.87328
7.115,-0.666732,-1.24293,2.87328
7.116,-0.667971,-1.23686,2.87328
7.117,-0.669205,-1.23078,2.87328
7.118,-0.670433,-1.22469,2.87328
7.119,-0.671655,-1.21859,2.87328
7.12,-0.67287,-1.21248,2.87328
7.121,-0.67408,-1.20636,2.87328
7.122,-0.675283,-1.20024,2.87328
7.123,-0.67648,-1.1941,2.87328
7.124,-0.677671,-1.18795,2.87328
7.125,-0.678856,-1.1818,2.87328
7.126,-0.680035,-1.17563,2.87328
7.127,-0.681207,-1.16946,2.87328
7.128,-0.682374,-1.16328,2.87328
7.129,-0.683534,-1.15709,2.87328
7.13,-0.684688,-1.15089,2.87328
7.131,-0.685836,-1.14468,2.87328
7.132,-0.686977,-1.13846,2.87328
7.133,-0.688113,-1.13224,2.87328
7.134,-0.689242,-1.126,2.87328
7.135,-0.690365,-1.11976,2.87328
7.136,-0.691481,-1.11351,2.87328
7.137,-0.692592,-1.10725,2.87328
7.138,-0.693696,-1.10098,2.87328
7.139,-0.694793,-1.0947,2.87328
7.14,-0.695885,-1.08842,2.87328
7.141,-0.69697,-1.08212,2.87328
7.142,-0.698049,-1.07582,2.87328
7.143,-0.699122,-1.06951,2.87328
7.144,-0.700188,-1.0632,2.87328
7.145,-0.701248,-1.05687,2.87328
7.146,-0.702302,-1.05054,2.87328
7.147,-0.703349,-1.0442,2.87328
7.148,-0.70439,-1.03785,2.87328
7.149,-0.705425,-1.03149,2.87328
7.15,-0.706453,-1.02513,2.87328
7.151,-0.707475,-1.01876,2.87328
7.152,-0.708491,-1.01238,2.87328
7.153,-0.7095,-1.00599,2.87328
7.154,-0.710503,-0.999596,2.87328
7.155,-0.711499,-0.993194,2.87328
7.156,-0.712489,-0.986784,2.87328
7.157,-0.713473,-0.980368,2.87328
7.158,-0.71445,-0.973944,2.87328
7.159,-0.715421,-0.967513,2.87328
7.16,-0.716385,-0.961074,2.87328
7.161,-0.717343,-0.954629,2.87328
7.162,-0.718294,-0.948176,2.87328
7.163,-0.719239,-0.941717,2.87328
7.164,-0.720178,-0.935251,2.87328
7.165,-0.72111,-0.928777,2.87328
7.166,-0.722035,-0.922297,2.87328
7.167,-0.722954,-0.91581,2.87328
7.168,-0.723867,-0.909316,2.87328
7.169,-0.724773,-0.902816,2.87328
7.17,-0.725673,-0.896309,2.87328
7.171,-0.726566,-0.889795,2.87328
7.172,-0.727452,-0.883275,2.87328
7.173,-0.728332,-0.876749,2.87328
7.174,-0.729206,-0.870216,2.87328
7.175,-0.730073,-0.863676,2.87328
7.176,-0.730933,-0.857131,2.87328
7.177,-0.731787,-0.850579,2.87328
7.178,-0.732634,-0.844021,2.87328
7.179,-0.733475,-0.837456,2.87328
7.18,-0.734309,-0.830886,2.87328
7.181,-0.735137,-0.82431,2.87328
7.182,-0.735958,-0.817727,2.87328
7.183,-0.736772,-0.811139,2.87328
7.184,-0.73758,-0.804544,2.87328
7.185,-0.738381,-0.797944,2.87328
7.186,-0.739176,-0.791338,2.87328
7.187,-0.739964,-0.784727,2.87328
7.188,-0.740745,-0.778109,2.87328
7.189,-0.74152,-0.771486,2.87328
7.19,-0.742288,-0.764858,2.87328
7.191,-0.74305,-0.758224,2.87328
7.192,-0.743805,-0.751584,2.87328
7.193,-0.744553,-0.744939,2.87328
7.194,-0.745295,-0.738289,2.87328
7.195,-0.74603,-0.731633,2.87328
7.196,-0.746758,-0.724972,2.87328
7.197,-0.747479,-0.718306,2.87328
7.198,-0.748194,-0.711635,2.87328
7.199,-0.748903,-0.704958,2.87328
7.2,-0.749604,-0.698277,2.87328
7.201,-0.750299,-0.69159,2.87328
7.202,-0.750988,-0.684899,2.87328
7.203,-0.751669,-0.678202,2.87328
7.204,-0.752344,-0.671501,2.87328
7.205,-0.753012,-0.664795,2.87328
7.206,-0.753674,-0.658084,2.87328
7.207,-0.754328,-0.651369,2.87328
7.208,-0.754976,-0.644648,2.87328
7.209,-0.755618,-0.637924,2.87328
7.21,-0.756252,-0.631194,2.87328
7.211,-0.75688,-0.62446,2.87328
7.212,-0.757501,-0.617722,2.87328
7.213,-0.758115,-0.610979,2.87328
7.214,-0.758723,-0.604232,2.87328
7.215,-0.759324,-0.597481,2.87328
7.216,-0.759918,-0.590725,2.87328
7.217,-0.760505,-0.583965,2.87328
7.218,-0.761086,-0.577201,2.87328
7.219,-0.76166,-0.570433,2.87328
7.22,-0.762227,-0.563661,2.87328
7.221,-0.762787,-0.556885,2.87328
7.222,-0.763341,-0.550105,2.87328
7.223,-0.763887,-0.543321,2.87328
7.224,-0.764427,-0.536533,2.87328
7.225,-0.76496,-0.529742,2.87328
7.226,-0.765487,-0.522946,2.87328
7.227,-0.766006,-0.516147,2.87328
7.228,-0.766519,-0.509344,2.87328
7.229,-0.767025,-0.502538,2.87328
7.23,-0.767524,-0.495728,2.87328
7.231,-0.768016,-0.488915,2.87328
7.232,-0.768502,-0.482098,2.87328
7.233,-0.768981,-0.475278,2.87328
7.234,-0.769452,-0.468454,2.87328
7.235,-0.769917,-0.461627,2.87328
7.236,-0.770376,-0.454797,2.87328
7.237,-0.770827,-0.447964,2.87328
7.238,-0.771272,-0.441128,2.87328
7.239,-0.771709,-0.434288,2.87328
7.24,-0.77214,-0.427445,2.87328
7.241,-0.772564,-0.4206,2.87328
7.242,-0.772981,-0.413751,2.87328
7.243,-0.773392,-0.4069,2.87328
7.244,-0.773795,-0.400045,2.87328
7.245,-0.774192,-0.393188,2.87328
7.246,-0.774582,-0.386328,2.87328
7.247,-0.774964,-0.379466,2.87328
7.248,-0.77534,-0.3726,2.87328
7.249,-0.77571,-0.365732,2.87328
7.25,-0.776072,-0.358862,2.87328
7.251,-0.776427,-0.351989,2.87328
7.252,-0.776776,-0.345113,2.87328
7.253,-0.777118,-0.338236,2.87328
7.254,-0.777452,-0.331355,2.87328
7.255,-0.77778,-0.324473,2.87328
7.256,-0.778101,-0.317588,2.87328
7.257,-0.778415,-0.310701,2.87328
7.258,-0.778723,-0.303812,2.87328
7.259,-0.779023,-0.296921,2.87328
7.26,-0.779317,-0.290027,2.87328
7.261,-0.779603,-0.283132,2.87328
7.262,-0.779883,-0.276234,2.87328
7.263,-0.780156,-0.269335,2.87328
7.264,-0.780421,-0.262434,2.87328
7.265,-0.78068,-0.255531,2.87328
7.266,-0.780933,-0.248626,2.87328
7.267,-0.781178,-0.24172,2.87328
7.268,-0.781416,-0.234811,2.87328
7.269,-0.781647,-0.227901,2.87328
7.27,-0.781872,-0.22099,2.87328
7.271,-0.782089,-0.214077,2.87328
7.272,-0.7823,-0.207163,2.87328
7.273,-0.782504,-0.200247,2.87328
7.274,-0.7827,-0.193329,2.87328
7.275,-0.78289,-0.186411,2.87328
7.276,-0.783073,-0.179491,2.87328
7.277,-0.783249,-0.17257,2.87328
7.278,-0.783418,-0.165647,2.87328
7.279,-0.783581,-0.158724,2.87328
7.28,-0.783736,-0.151799,2.87328
7.281,-0.783884,-0.144873,2.87328
7.282,-0.784026,-0.137947,2.87328
7.283,-0.78416,-0.131019,2.87328
7.284,-0.784288,-0.12409,2.87328
7.285,-0.784408,-0.117161,2.87328
7.286,-0.784522,-0.110231,2.87328
7.287,-0.784629,-0.1033,2.87328
7.288,-0.784729,-0.096368,2.87328
7.289,-0.784821,-0.0894356,2.87328
7.29,-0.784907,-0.0825026,2.87328
7.291,-0.784986,-0.075569,2.87328
7.292,-0.785059,-0.0686349,2.87328
7.293,-0.785124,-0.0617003,2.87328
7.294,-0.785182,-0.0547653,2.87328
7.295,-0.785233,-0.0478299,2.87328
7.296,-0.785278,-0.0408942,2.87328
7.297,-0.785315,-0.0339581,2.87328
7.298,-0.785346,-0.0270219,2.87328
7.299,-0.785369,-0.0200854,2.87328
7.3,-0.785386,-0.0131489,2.87328
7.301,-0.785395,-0.0062122,2.87328
7.302,-0.785398,0.000724511,2.87328
7.303,-0.785394,0.00766122,2.87328
7.304,-0.785383,0.0145979,2.87328
7.305,-0.785365,0.0215344,2.87328
7.306,-0.78534,0.0284708,2.87328
7.307,-0.785308,0.035407,2.87328
7.308,-0.785269,0.042343,2.87328
7.309,-0.785223,0.0492787,2.87328
7.31,-0.78517,0.056214,2.87328
7.311,-0.785111,0.0631489,2.87328
7.312,-0.785044,0.0700834,2.87328
7.313,-0.784971,0.0770174,2.87328
7.314,-0.78489,0.0839509,2.87328
7.315,-0.784803,0.0908838,2.87328
7.316,-0.784708,0.0978161,2.87328
7.317,-0.784607,0.104748,2.87328
7.318,-0.784499,0.111678,2.87328
7.319,-0.784384,0.118609,2.87328
7.32,-0.784262,0.125538,2.87328
7.321,-0.784133,0.132466,2.87328
7.322,-0.783997,0.139394,2.87328
7.323,-0.783854,0.14632,2.87328
7.324,-0.783704,0.153246,2.87328
7.325,-0.783547,0.16017,2.87328
7.326,-0.783384,0.167093,2.87328
7.327,-0.783213,0.174016,2.87328
7.328,-0.783036,0.180936,2.87328
7.329,-0.782851,0.187856,2.87328
7.33,-0.78266,0.194774,2.87328
7.331,-0.782462,0.201691,2.87328
7.332,-0.782257,0.208607,2.87328
7.333,-0.782044,0.215521,2.87328
7.334,-0.781825,0.222434,2.87328
7.335,-0.7816,0.229345,2.87328
7.336,-0.781367,0.236255,2.87328
7.337,-0.781127,0.243162,2.87328
7.338,-0.78088,0.250069,2.87328
7.339,-0.780627,0.256973,2.87328
7.34,-0.780367,0.263876,2.87328
7.341,-0.780099,0.270776,2.87328
7.342,-0.779825,0.277675,2.87328
7.343,-0.779544,0.284572,2.87328
7.344,-0.779256,0.291467,2.87328
7.345,-0.778961,0.29836,2.87328
7.346,-0.778659,0.305251,2.87328
7.347,-0.77835,0.31214,2.87328
7.348,-0.778035,0.319026,2.87328
7.349,-0.777712,0.325911,2.87328
7.35,-0.777383,0.332793,2.87328
7.351,-0.777047,0.339673,2.87328
7.352,-0.776704,0.34655,2.87328
7.353,-0.776354,0.353425,2.87328
7.354,-0.775997,0.360297,2.87328
7.355,-0.775633,0.367167,2.87328
7.356,-0.775262,0.374035,2.87328
7.357,-0.774885,0.380899,2.87328
7.358,-0.774501,0.387761,2.87328
7.359,-0.774109,0.394621,2.87328
7.36,-0.773711,0.401477,2.87328
7.361,-0.773307,0.408331,2.87328
7.362,-0.772895,0.415182,2.87328
7.363,-0.772476,0.42203,2.87328
7.364,-0.772051,0.428875,2.87328
7.365,-0.771618,0.435717,2.87328
7.366,-0.771179,0.442556,2.87328
7.367,-0.770733,0.449392,2.87328
7.368,-0.77028,0.456224,2.87328
7.369,-0.769821,0.463054,2.87328
7.37,-0.769354,0.46988,2.87328
7.371,-0.768881,0.476703,2.87328
7.372,-0.768401,0.483522,2.87328
7.373,-0.767914,0.490338,2.87328
7.374,-0.76742,0.497151,2.87328
7.375,-0.76692,0.50396,2.87328
7.376,-0.766412,0.510766,2.87328
7.377,-0.765898,0.517568,2.87328
7.378,-0.765377,0.524366,2.87328
7.379,-0.764849,0.531161,2.87328
7.38,-0.764315,0.537952,2.87328
7.381,-0.763774,0.544739,2.87328
7.382,-0.763225,0.551522,2.87328
7.383,-0.762671,0.558301,2.87328
7.384,-0.762109,0.565076,2.87328
7.385,-0.76154,0.571848,2.87328
7.386,-0.760965,0.578615,2.87328
7.387,-0.760383,0.585378,2.87328
7.388,-0.759794,0.592137,2.87328
7.389,-0.759199,0.598892,2.87328
7.39,-0.758597,0.605642,2.87328
7.391,-0.757988,0.612388,2.87328
7.392,-0.757372,0.61913,2.87328
7.393,-0.756749,0.625867,2.87328
7.394,-0.75612,0.6326,2.87328
7.395,-0.755484,0.639329,2.87328
7.396,-0.754841,0.646053,2.87328
7.397,-0.754192,0.652772,2.87328
7.398,-0.753536,0.659486,2.87328
7.399,-0.752873,0.666196,2.87328
7.4,-0.752204,0.672901,2.87328
7.401,-0.751527,0.679602,2.87328
7.402,-0.750844,0.686297,2.87328
7.403,-0.750155,0.692987,2.87328
7.404,-0.749458,0.699673,2.87328
7.405,-0.748755,0.706353,2.87328
7.406,-0.748046,0.713029,2.87328
7.407,-0.747329,0.719699,2.87328
7.408,-0.746606,0.726364,2.87328
7.409,-0.745877,0.733024,2.87328
7.41,-0.74514,0.739679,2.87328
7.411,-0.744397,0.746328,2.87328
7.412,-0.743648,0.752972,2.87328
7.413,-0.742891,0.75961,2.87328
7.414,-0.742128,0.766243,2.87328
7.415,-0.741359,0.77287,2.87328
7.416,-0.740583,0.779492,2.87328
7.417,-0.7398,0.786108,2.87328
7.418,-0.73901,0.792719,2.87328
7.419,-0.738214,0.799324,2.87328
7.42,-0.737412,0.805922,2.87328
7.421,-0.736603,0.812515,2.87328
7.422,-0.735787,0.819103,2.87328
7.423,-0.734964,0.825684,2.87328
7.424,-0.734135,0.832259,2.87328
7.425,-0.7333,0.838828,2.87328
7.426,-0.732458,0.845391,2.87328
7.427,-0.731609,0.851948,2.87328
7.428,-0.730754,0.858499,2.87328
7.429,-0.729892,0.865043,2.87328
7.43,-0.729024,0.871581,2.87328
7.431,-0.728149,0.878113,2.87328
7.432,-0.727267,0.884638,2.87328
7.433,-0.72638,0.891157,2.87328
7.434,-0.725485,0.897669,2.87328
7.435,-0.724584,0.904174,2.87328
7.436,-0.723677,0.910673,2.87328
7.437,-0.722763,0.917166,2.87328
7.438,-0.721843,0.923651,2.87328
7.439,-0.720916,0.93013,2.87328
7.44,-0.719982,0.936602,2.87328
7.441,-0.719042,0.943067,2.87328
7.442,-0.718096,0.949525,2.87328
7.443,-0.717143,0.955976,2.87328
7.444,-0.716184,0.96242,2.87328
7.445,-0.715219,0.968857,2.87328
7.446,-0.714246,0.975286,2.87328
7.447,-0.713268,0.981709,2.87328
7.448,-0.712283,0.988124,2.87328
7.449,-0.711292,0.994531,2.87328
7.45,-0.710294,1.00093,2.87328
7.451,-0.70929,1.00732,2.87328
7.452,-0.708279,1.01371,2.87328
7.453,-0.707262,1.02009,2.87328
7.454,-0.706239,1.02646,2.87328
7.455,-0.70521,1.03282,2.87328
7.456,-0.704174,1.03918,2.87328
7.457,-0.703131,1.04552,2.87328
7.458,-0.702082,1.05186,2.87328
7.459,-0.701027,1.05819,2.87328
7.46,-0.699966,1.06452,2.87328
7.461,-0.698898,1.07083,2.87328
7.462,-0.697824,1.07714,2.87328
7.463,-0.696744,1.08344,2.87328
7.464,-0.695658,1.08973,2.87328
7.465,-0.694565,1.09601,2.87328
7.466,-0.693466,1.10229,2.87328
7.467,-0.69236,1.10856,2.87328
7.468,-0.691248,1.11481,2.87328
7.469,-0.69013,1.12106,2.87328
7.47,-0.689006,1.1273,2.87328
7.471,-0.687876,1.13354,2.87328
7.472,-0.686739,1.13976,2.87328
7.473,-0.685596,1.14598,2.87328
7.474,-0.684447,1.15218,2.87328
7.475,-0.683292,1.15838,2.87328
7.476,-0.682131,1.16457,2.87328
7.477,-0.680963,1.17075,2.87328
7.478,-0.679789,1.17692,2.87328
7.479,-0.678609,1.18308,2.87328
7.48,-0.677423,1.18924,2.87328
7.481,-0.676231,1.19538,2.87328
7.482,-0.675032,1.20152,2.87328
7.483,-0.673828,1.20764,2.87328
7.484,-0.672617,1.21376,2.87328
7.485,-0.6714,1.21987,2.87328
7.486,-0.670177,1.22596,2.87328
7.487,-0.668948,1.23205,2.87328
7.488,-0.667713,1.23813,2.87328
7.489,-0.666472,1.2442,2.87328
7.49,-0.665225,1.25026,2.87328
7.491,-0.663971,1.25631,2.87328
7.492,-0.662712,1.26235,2.87328
7.493,-0.661447,1.26838,2.87328
7.494,-0.660175,1.2744,2.87328
7.495,-0.658898,1.28041,2.87328
7.496,-0.657614,1.28642,2.87328
7.497,-0.656325,1.29241,2.87328
7.498,-0.65503,1.29839,2.87328
7.499,-0.653728,1.30436,2.87328
7.5,-0.652421,1.31032,2.87328
7.501,-0.651108,1.31627,2.87328
7.502,-0.649788,1.32221,2.87328
7.503,-0.648463,1.32814,2.87328
7.504,-0.647132,1.33406,2.87328
7.505,-0.645795,1.33997,2.87328
7.506,-0.644452,1.34587,2.87328
7.507,-0.643103,1.35176,2.87328
7.508,-0.641749,1.35763,2.87328
7.509,-0.640388,1.3635,2.87328
7.51,-0.639022,1.36936,2.87328
7.511,-0.637649,1.3752,2.87328
7.512,-0.636271,1.38104,2.87328
7.513,-0.634887,1.38686,2.87328
7.514,-0.633497,1.39267,2.87328
7.515,-0.632102,1.39848,2.87328
7.516,-0.630701,1.40427,2.87328
7.517,-0.629293,1.41005,2.87328
7.518,-0.62788,1.41581,2.87328
7.519,-0.626462,1.42157,2.87328
7.52,-0.625037,1.42732,2.87328
7.521,-0.623607,1.43305,2.87328
7.522,-0.622171,1.43877,2.87328
7.523,-0.62073,1.44449,2.87328
7.524,-0.619282,1.45019,2.87328
7.525,-0.617829,1.45587,2.87328
7.526,-0.61637,1.46155,2.87328
7.527,-0.614906,1.46722,2.87328
7.528,-0.613436,1.47287,2.87328
7.529,-0.61196,1.47851,2.87328
7.53,-0.610479,1.48414,2.87328
7.531,-0.608992,1.48976,2.87328
7.532,-0.6075,1.49536,2.87328
7.533,-0.606001,1.50096,2.87328
7.534,-0.604498,1.50654,2.87328
7.535,-0.602988,1.51211,2.87328
7.536,-0.601473,1.51767,2.87328
7.537,-0.599953,1.52321,2.87328
7.538,-0.598427,1.52874,2.87328
7.539,-0.596895,1.53426,2.87328
7.54,-0.595358,1.53977,2.87328
7.541,-0.593816,1.54527,2.87328
7.542,-0.592268,1.55075,2.87328
7.543,-0.590714,1.55622,2.87328
7.544,-0.589155,1.56168,2.87328
7.545,-0.587591,1.56712,2.87328
7.546,-0.586021,1.57255,2.87328
7.547,-0.584446,1.57797,2.87328
7.548,-0.582865,1.58338,2.87328
7.549,-0.581279,1.58877,2.87328
7.55,-0.579688,1.59415,2.87328
7.551,-0.578091,1.59952,2.87328
7.552,-0.576489,1.60487,2.87328
7.553,-0.574881,1.61021,2.87328
7.554,-0.573268,1.61554,2.87328
7.555,-0.57165,1.62085,2.87328
7.556,-0.570027,1.62616,2.87328
7.557,-0.568398,1.63144,2.87328
7.558,-0.566764,1.63672,2.87328
7.559,-0.565124,1.64198,2.87328
7.56,-0.56348,1.64722,2.87328
7.561,-0.56183,1.65246,2.87328
7.562,-0.560175,1.65768,2.87328
7.563,-0.558515,1.66288,2.87328
7.564,-0.556849,1.66807,2.87328
7.565,-0.555178,1.67325,2.87328
7.566,-0.553503,1.67841,2.87328
7.567,-0.551822,1.68356,2.87328
7.568,-0.550136,1.6887,2.87328
7.569,-0.548444,1.69382,2.87328
7.57,-0.546748,1.69893,2.87328
7.571,-0.545046,1.70402,2.87328
7.572,-0.54334,1.7091,2.87328
7.573,-0.541628,1.71417,2.87328
7.574,-0.539912,1.71922,2.87328
7.575,-0.53819,1.72425,2.87328
7.576,-0.536463,1.72927,2.87328
7.577,-0.534731,1.73428,2.87328
7.578,-0.532994,1.73927,2.87328
7.579,-0.531253,1.74425,2.87328
7.58,-0.529506,1.74921,2.87328
7.581,-0.527754,1.75416,2.87328
7.582,-0.525998,1.75909,2.87328
7.583,-0.524236,1.76401,2.87328
7.584,-0.52247,1.76891,2.87328
7.585,-0.520698,1.7738,2.87328
7.586,-0.518922,1.77867,2.87328
7.587,-0.517141,1.78353,2.87328
7.588,-0.515355,1.78837,2.87328
7.589,-0.513564,1.7932,2.87328
7.59,-0.511769,1.79801,2.87328
7.591,-0.509968,1.80281,2.87328
7.592,-0.508163,1.80759,2.87328
7.593,-0.506353,1.81235,2.87328
7.594,-0.504538,1.8171,2.87328
7.595,-0.502719,1.82184,2.87328
7.596,-0.500895,1.82656,2.87328
7.597,-0.499066,1.83126,2.87328
7.598,-0.497232,1.83595,2.87328
7.599,-0.495394,1.84062,2.87328
7.6,-0.493551,1.84527,2.87328
7.601,-0.491703,1.84991,2.87328
7.602,-0.489851,1.85454,2.87328
7.603,-0.487994,1.85915,2.87328
7.604,-0.486133,1.86374,2.87328
7.605,-0.484267,1.86831,2.87328
7.606,-0.482396,1.87287,2.87328
7.607,-0.480521,1.87741,2.87328
7.608,-0.478641,1.88194,2.87328
7.609,-0.476757,1.88645,2.87328
7.61,-0.474868,1.89094,2.87328
7.611,-0.472975,1.89542,2.87328
7.612,-0.471078,1.89988,2.87328
7.613,-0.469175,1.90433,2.87328
7.614,-0.467269,1.90875,2.87328
7.615,-0.465358,1.91316,2.87328
7.616,-0.463443,1.91756,2.87328
7.617,-0.461523,1.92193,2.87328
7.618,-0.459599,1.92629,2.87328
7.619,-0.45767,1.93064,2.87328
7.62,-0.455737,1.93496,2.87328
7.621,-0.4538,1.93927,2.87328
7.622,-0.451859,1.94356,2.87328
7.623,-0.449913,1.94784,2.87328
7.624,-0.447963,1.9521,2.87328
7.625,-0.446009,1.95634,2.87328
7.626,-0.444051,1.96056,2.87328
7.627,-0.442088,1.96477,2.87328
7.628,-0.440121,1.96895,2.87328
7.629,-0.43815,1.97313,2.87328
7.63,-0.436175,1.97728,2.87328
7.631,-0.434195,1.98141,2.87328
7.632,-0.432212,1.98553,2.87328
7.633,-0.430224,1.98963,2.87328
7.634,-0.428233,1.99371,2.87328
7.635,-0.426237,1.99778,2.87328
7.636,-0.424237,2.00183,2.87328
7.637,-0.422233,2.00586,2.87328
7.638,-0.420225,2.00987,2.87328
7.639,-0.418214,2.01386,2.87328
7.64,-0.416198,2.01784,2.87328
7.641,-0.414178,2.02179,2.87328
7.642,-0.412154,2.02573,2.87328
7.643,-0.410127,2.02965,2.87328
7.644,-0.408095,2.03355,2.87328
7.645,-0.406059,2.03744,2.87328
7.646,-0.40402,2.0413,2.87328
7.647,-0.401977,2.04515,2.87328
7.648,-0.39993,2.04898,2.87328
7.649,-0.397879,2.05279,2.87328
7.65,-0.395824,2.05658,2.87328
7.651,-0.393766,2.06036,2.87328
7.652,-0.391703,2.06411,2.87328
7.653,-0.389637,2.06785,2.87328
7.654,-0.387568,2.07156,2.87328
7.655,-0.385494,2.07526,2.87328
7.656,-0.383417,2.07894,2.87328
7.657,-0.381336,2.0826,2.87328
7.658,-0.379252,2.08624,2.87328
7.659,-0.377164,2.08986,2.87328
7.66,-0.375072,2.09347,2.87328
7.661,-0.372977,2.09705,2.87328
7.662,-0.370878,2.10062,2.87328
7.663,-0.368776,2.10416,2.87328
7.664,-0.36667,2.10769,2.87328
7.665,-0.36456,2.1112,2.87328
7.666,-0.362448,2.11468,2.87328
7.667,-0.360331,2.11815,2.87328
7.668,-0.358211,2.1216,2.87328
7.669,-0.356088,2.12503,2.87328
7.67,-0.353961,2.12844,2.87328
7.671,-0.351831,2.13183,2.87328
7.672,-0.349698,2.1352,2.87328
7.673,-0.347561,2.13855,2.87328
7.674,-0.34542,2.14189,2.87328
7.675,-0.343277,2.1452,2.87328
7.676,-0.34113,2.14849,2.87328
7.677,-0.33898,2.15176,2.87328
7.678,-0.336827,2.15501,2.87328
7.679,-0.33467,2.15825,2.87328
7.68,-0.33251,2.16146,2.87328
7.681,-0.330347,2.16465,2.87328
7.682,-0.328181,2.16782,2.87328
7.683,-0.326011,2.17097,2.87328
7.684,-0.323839,2.17411,2.87328
7.685,-0.321663,2.17722,2.87328
7.686,-0.319484,2.18031,2.87328
7.687,-0.317303,2.18338,2.87328
7.688,-0.315118,2.18643,2.87328
7.689,-0.31293,2.18946,2.87328
7.69,-0.310739,2.19247,2.87328
7.691,-0.308545,2.19546,2.87328
7.692,-0.306348,2.19843,2.87328
7.693,-0.304148,2.20138,2.87328
7.694,-0.301945,2.2043,2.87328
7.695,-0.299739,2.20721,2.87328
7.696,-0.297531,2.2101,2.87328
7.697,-0.295319,2.21296,2.87328
7.698,-0.293105,2.21581,2.87328
7.699,-0.290888,2.21863,2.87328
7.7,-0.288667,2.22143,2.87328
7.701,-0.286445,2.22422,2.87328
7.702,-0.284219,2.22698,2.87328
7.703,-0.281991,2.22972,2.87328
7.704,-0.27976,2.23244,2.87328
7.705,-0.277526,2.23514,2.87328
7.706,-0.275289,2.23781,2.87328
7.707,-0.27305,2.24047,2.87328
7.708,-0.270808,2.2431,2.87328
7.709,-0.268564,2.24572,2.87328
7.71,-0.266317,2.24831,2.87328
7.711,-0.264067,2.25088,2.87328
7.712,-0.261815,2.25343,2.87328
7.713,-0.259561,2.25596,2.87328
7.714,-0.257303,2.25847,2.87328
7.715,-0.255044,2.26095,2.87328
7.716,-0.252781,2.26342,2.87328
7.717,-0.250517,2.26586,2.87328
7.718,-0.24825,2.26828,2.87328
7.719,-0.24598,2.27068,2.87328
7.72,-0.243708,2.27306,2.87328
7.721,-0.241434,2.27541,2.87328
7.722,-0.239158,2.27775,2.87328
7.723,-0.236879,2.28006,2.87328
7.724,-0.234597,2.28235,2.87328
7.725,-0.232314,2.28462,2.87328
7.726,-0.230028,2.28687,2.87328
7.727,-0.22774,2.2891,2.87328
7.728,-0.22545,2.2913,2.87328
7.729,-0.223158,2.29348,2.87328
7.73,-0.220863,2.29564,2.87328
7.731,-0.218566,2.29778,2.87328
7.732,-0.216268,2.2999,2.87328
7.733,-0.213967,2.30199,2.87328
7.734,-0.211664,2.30406,2.87328
7.735,-0.209358,2.30611,2.87328
7.736,-0.207051,2.30814,2.87328
7.737,-0.204742,2.31015,2.87328
7.738,-0.202431,2.31213,2.87328
7.739,-0.200118,2.31409,2.87328
7.74,-0.197803,2.31603,2.87328
7.741,-0.195486,2.31795,2.87328
7.742,-0.193167,2.31984,2.87328
7.743,-0.190846,2.32171,2.87328
7.744,-0.188524,2.32356,2.87328
7.745,-0.186199,2.32539,2.87328
7.746,-0.183873,2.32719,2.87328
7.747,-0.181545,2.32898,2.87328
7.748,-0.179215,2.33074,2.87328
7.749,-0.176883,2.33247,2.87328
7.75,-0.17455,2.33419,2.87328
7.751,-0.172215,2.33588,2.87328
7.752,-0.169878,2.33755,2.87328
7.753,-0.16754,2.3392,2.87328
7.754,-0.1652,2.34082,2.87328
7.755,-0.162858,2.34242,2.87328
7.756,-0.160515,2.344,2.87328
7.757,-0.15817,2.34556,2.87328
7.758,-0.155824,2.34709,2.87328
7.759,-0.153476,2.3486,2.87328
7.76,-0.151127,2.35009,2.87328
7.761,-0.148776,2.35156,2.87328
7.762,-0.146424,2.353,2.87328
7.763,-0.14407,2.35442,2.87328
7.764,-0.141715,2.35582,2.87328
7.765,-0.139358,2.35719,2.87328
7.766,-0.137,2.35854,2.87328
7.767,-0.134641,2.35987,2.87328
7.768,-0.132281,2.36118,2.87328
7.769,-0.129919,2.36246,2.87328
7.77,-0.127556,2.36372,2.87328
7.771,-0.125191,2.36496,2.87328
7.772,-0.122826,2.36617,2.87328
7.773,-0.120459,2.36736,2.87328
7.774,-0.118091,2.36853,2.87328
7.775,-0.115722,2.36967,2.87328
7.776,-0.113352,2.37079,2.87328
7.777,-0.11098,2.37189,2.87328
7.778,-0.108608,2.37297,2.87328
7.779,-0.106234,2.37402,2.87328
7.78,-0.10386,2.37505,2.87328
7.781,-0.101484,2.37605,2.87328
7.782,-0.0991078,2.37703,2.87328
7.783,-0.0967303,2.37799,2.87328
7.784,-0.0943518,2.37893,2.87328
7.785,-0.0919724,2.37984,2.87328
7.786,-0.0895921,2.38073,2.87328
7.787,-0.087211,2.3816,2.87328
7.788,-0.084829,2.38244,2.87328
7.789,-0.0824461,2.38326,2.87328
7.79,-0.0800625,2.38405,2.87328
7.791,-0.077678,2.38483,2.87328
7.792,-0.0752928,2.38558,2.87328
7.793,-0.0729069,2.3863,2.87328
7.794,-0.0705202,2.38701,2.87328
7.795,-0.0681329,2.38769,2.87328
7.796,-0.0657448,2.38834,2.87328
7.797,-0.0633562,2.38897,2.87328
7.798,-0.0609669,2.38958,2.87328
7.799,-0.058577,2.39017,2.87328
7.8,-0.0561866,2.39073,2.87328
7.801,-0.0537956,2.39127,2.87328
7.802,-0.051404,2.39179,2.87328
7.803,-0.049012,2.39228,2.87328
7.804,-0.0466195,2.39275,2.87328
7.805,-0.0442265,2.39319,2.87328
7.806,-0.0418331,2.39362,2.87328
7.807,-0.0394393,2.39402,2.87328
7.808,-0.0370451,2.39439,2.87328
7.809,-0.0346505,2.39474,2.87328
7.81,-0.0322556,2.39507,2.87328
7.811,-0.0298604,2.39537,2.87328
7.812,-0.0274649,2.39566,2.87328
7.813,-0.0250691,2.39591,2.87328
7.814,-0.022673,2.39615,2.87328
7.815,-0.0202768,2.39636,2.87328
7.816,-0.0178803,2.39655,2.87328
7.817,-0.0154837,2.39671,2.87328
7.818,-0.0130869,2.39685,2.87328
7.819,-0.01069,2.39697,2.87328
7.82,-0.008293,2.39706,2.87328
7.821,-0.00589591,2.39713,2.87328
7.822,-0.00349875,2.39717,2.87328
7.823,-0.00110157,2.3972,2.87328
7.824,0.00129563,2.3972,2.87328
7.825,0.00369282,2.39717,2.87328
7.826,0.00608997,2.39712,2.87328
7.827,0.00848706,2.39705,2.87328
7.828,0.0108841,2.39696,2.87328
7.829,0.013281,2.39684,2.87328
7.83,0.0156777,2.3967,2.87328
7.831,0.0180743,2.39653,2.87328
7.832,0.0204708,2.39634,2.87328
7.833,0.022867,2.39613,2.87328
7.834,0.025263,2.39589,2.87328
7.835,0.0276588,2.39563,2.87328
7.836,0.0300543,2.39535,2.87328
7.837,0.0324495,2.39504,2.87328
7.838,0.0348444,2.39471,2.87328
7.839,0.0372389,2.39436,2.87328
7.84,0.0396331,2.39398,2.87328
7.841,0.0420269,2.39358,2.87328
7.842,0.0444202,2.39316,2.87328
7.843,0.0468132,2.39271,2.87328
7.844,0.0492057,2.39224,2.87328
7.845,0.0515977,2.39175,2.87328
7.846,0.0539892,2.39123,2.87328
7.847,0.0563801,2.39069,2.87328
7.848,0.0587705,2.39012,2.87328
7.849,0.0611604,2.38954,2.87328
7.85,0.0635496,2.38892,2.87328
7.851,0.0659382,2.38829,2.87328
7.852,0.0683262,2.38763,2.87328
7.853,0.0707134,2.38695,2.87328
7.854,0.0731,2.38625,2.87328
7.855,0.0754859,2.38552,2.87328
7.856,0.0778711,2.38477,2.87328
7.857,0.0802555,2.38399,2.87328
7.858,0.082639,2.38319,2.87328
7.859,0.0850218,2.38237,2.87328
7.86,0.0874038,2.38153,2.87328
7.861,0.0897849,2.38066,2.87328
7.862,0.0921651,2.37977,2.87328
7.863,0.0945444,2.37885,2.87328
7.864,0.0969228,2.37792,2.87328
7.865,0.0993002,2.37695,2.87328
7.866,0.101677,2.37597,2.87328
7.867,0.104052,2.37496,2.87328
7.868,0.106427,2.37393,2.87328
7.869,0.1088,2.37288,2.87328
7.87,0.111172,2.3718,2.87328
7.871,0.113544,2.3707,2.87328
7.872,0.115914,2.36958,2.87328
7.873,0.118283,2.36843,2.87328
7.874,0.120651,2.36726,2.87328
7.875,0.123017,2.36607,2.87328
7.876,0.125383,2.36486,2.87328
7.877,0.127747,2.36362,2.87328
7.878,0.13011,2.36236,2.87328
7.879,0.132472,2.36107,2.87328
7.88,0.134832,2.35977,2.87328
7.881,0.137191,2.35844,2.87328
7.882,0.139549,2.35708,2.87328
7.883,0.141905,2.35571,2.87328
7.884,0.14426,2.35431,2.87328
7.885,0.146614,2.35289,2.87328
7.886,0.148966,2.35144,2.87328
7.887,0.151317,2.34997,2.87328
7.888,0.153666,2.34848,2.87328
7.889,0.156014,2.34697,2.87328
7.89,0.15836,2.34543,2.87328
7.891,0.160705,2.34388,2.87328
7.892,0.163048,2.3423,2.87328
7.893,0.165389,2.34069,2.87328
7.894,0.167729,2.33907,2.87328
7.895,0.170067,2.33742,2.87328
7.896,0.172404,2.33574,2.87328
7.897,0.174739,2.33405,2.87328
7.898,0.177072,2.33233,2.87328
7.899,0.179404,2.33059,2.87328
7.9,0.181733,2.32883,2.87328
7.901,0.184061,2.32705,2.87328
7.902,0.186387,2.32524,2.87328
7.903,0.188712,2.32341,2.87328
7.904,0.191034,2.32156,2.87328
7.905,0.193355,2.31969,2.87328
7.906,0.195674,2.31779,2.87328
7.907,0.19799,2.31587,2.87328
7.908,0.200305,2.31393,2.87328
7.909,0.202618,2.31197,2.87328
7.91,0.204929,2.30998,2.87328
7.911,0.207238,2.30798,2.87328
7.912,0.209545,2.30595,2.87328
7.913,0.21185,2.30389,2.87328
7.914,0.214153,2.30182,2.87328
7.915,0.216454,2.29973,2.87328
7.916,0.218752,2.29761,2.87328
7.917,0.221049,2.29547,2.87328
7.918,0.223343,2.29331,2.87328
7.919,0.225635,2.29112,2.87328
7.92,0.227926,2.28892,2.87328
7.921,0.230213,2.28669,2.87328
7.922,0.232499,2.28444,2.87328
7.923,0.234782,2.28217,2.87328
7.924,0.237063,2.27988,2.87328
7.925,0.239342,2.27756,2.87328
7.926,0.241618,2.27522,2.87328
7.927,0.243892,2.27287,2.87328
7.928,0.246164,2.27049,2.87328
7.929,0.248433,2.26808,2.87328
7.93,0.2507,2.26566,2.87328
7.931,0.252965,2.26322,2.87328
7.932,0.255227,2.26075,2.87328
7.933,0.257486,2.25826,2.87328
7.934,0.259743,2.25576,2.87328
7.935,0.261998,2.25322,2.87328
7.936,0.26425,2.25067,2.87328
7.937,0.266499,2.2481,2.87328
7.938,0.268746,2.24551,2.87328
7.939,0.27099,2.24289,2.87328
7.94,0.273232,2.24025,2.87328
7.941,0.275471,2.2376,2.87328
7.942,0.277707,2.23492,2.87328
7.943,0.27994,2.23222,2.87328
7.944,0.282171,2.2295,2.87328
7.945,0.284399,2.22675,2.87328
7.946,0.286625,2.22399,2.87328
7.947,0.288847,2.22121,2.87328
7.948,0.291067,2.2184,2.87328
7.949,0.293284,2.21558,2.87328
7.95,0.295498,2.21273,2.87328
7.951,0.29771,2.20986,2.87328
7.952,0.299918,2.20698,2.87328
7.953,0.302123,2.20407,2.87328
7.954,0.304326,2.20114,2.87328
7.955,0.306526,2.19819,2.87328
7.956,0.308722,2.19522,2.87328
7.957,0.310916,2.19223,2.87328
7.958,0.313107,2.18922,2.87328
7.959,0.315295,2.18618,2.87328
7.96,0.317479,2.18313,2.87328
7.961,0.319661,2.18006,2.87328
7.962,0.321839,2.17697,2.87328
7.963,0.324015,2.17385,2.87328
7.964,0.326187,2.17072,2.87328
7.965,0.328356,2.16757,2.87328
7.966,0.330522,2.16439,2.87328
7.967,0.332685,2.1612,2.87328
7.968,0.334845,2.15798,2.87328
7.969,0.337001,2.15475,2.87328
7.97,0.339154,2.1515,2.87328
7.971,0.341304,2.14822,2.87328
7.972,0.343451,2.14493,2.87328
7.973,0.345594,2.14162,2.87328
7.974,0.347734,2.13828,2.87328
7.975,0.34987,2.13493,2.87328
7.976,0.352004,2.13156,2.87328
7.977,0.354133,2.12817,2.87328
7.978,0.35626,2.12475,2.87328
7.979,0.358383,2.12132,2.87328
7.98,0.360503,2.11787,2.87328
7.981,0.362619,2.1144,2.87328
7.982,0.364731,2.11091,2.87328
7.983,0.366841,2.1074,2.87328
7.984,0.368946,2.10388,2.87328
7.985,0.371048,2.10033,2.87328
7.986,0.373147,2.09676,2.87328
7.987,0.375242,2.09318,2.87328
7.988,0.377333,2.08957,2.87328
7.989,0.379421,2.08595,2.87328
7.99,0.381505,2.0823,2.87328
7.991,0.383586,2.07864,2.87328
7.992,0.385662,2.07496,2.87328
7.993,0.387735,2.07126,2.87328
7.994,0.389805,2.06754,2.87328
7.995,0.391871,2.06381,2.87328
7.996,0.393932,2.06005,2.87328
7.997,0.395991,2.05628,2.87328
7.998,0.398045,2.05248,2.87328
7.999,0.400096,2.04867,2.87328
8,0.402142,2.04484,2.87328
8.001,0.404185,2.04099,2.87328
8.002,0.406224,2.03712,2.87328
8.003,0.40826,2.03324,2.87328
8.004,0.410291,2.02933,2.87328
8.005,0.412318,2.02541,2.87328
8.006,0.414342,2.02147,2.87328
8.007,0.416361,2.01751,2.87328
8.008,0.418377,2.01354,2.87328
8.009,0.420388,2.00954,2.87328
8.01,0.422396,2.00553,2.87328
8.011,0.424399,2.0015,2.87328
8.012,0.426399,1.99745,2.87328
8.013,0.428394,1.99339,2.87328
8.014,0.430385,1.9893,2.87328
8.015,0.432373,1.9852,2.87328
8.016,0.434356,1.98108,2.87328
8.017,0.436335,1.97694,2.87328
8.018,0.43831,1.97279,2.87328
8.019,0.44028,1.96862,2.87328
8.02,0.442247,1.96443,2.87328
8.021,0.444209,1.96022,2.87328
8.022,0.446167,1.95599,2.87328
8.023,0.448121,1.95175,2.87328
8.024,0.450071,1.94749,2.87328
8.025,0.452016,1.94322,2.87328
8.026,0.453957,1.93892,2.87328
8.027,0.455894,1.93461,2.87328
8.028,0.457827,1.93029,2.87328
8.029,0.459755,1.92594,2.87328
8.03,0.461678,1.92158,2.87328
8.031,0.463598,1.9172,2.87328
8.032,0.465513,1.91281,2.87328
8.033,0.467423,1.90839,2.87328
8.034,0.46933,1.90397,2.87328
8.035,0.471231,1.89952,2.87328
8.036,0.473129,1.89506,2.87328
8.037,0.475021,1.89058,2.87328
8.038,0.47691,1.88609,2.87328
8.039,0.478794,1.88157,2.87328
8.04,0.480673,1.87705,2.87328
8.041,0.482548,1.8725,2.87328
8.042,0.484418,1.86794,2.87328
8.043,0.486284,1.86337,2.87328
8.044,0.488145,1.85877,2.87328
8.045,0.490001,1.85416,2.87328
8.046,0.491853,1.84954,2.87328
8.047,0.4937,1.8449,2.87328
8.048,0.495543,1.84024,2.87328
8.049,0.497381,1.83557,2.87328
8.05,0.499214,1.83088,2.87328
8.051,0.501042,1.82618,2.87328
8.052,0.502866,1.82146,2.87328
8.053,0.504685,1.81672,2.87328
8.054,0.5065,1.81197,2.87328
8.055,0.508309,1.8072,2.87328
8.056,0.510114,1.80242,2.87328
8.057,0.511914,1.79762,2.87328
8.058,0.513709,1.79281,2.87328
8.059,0.5155,1.78798,2.87328
8.06,0.517285,1.78314,2.87328
8.061,0.519066,1.77828,2.87328
8.062,0.520842,1.7734,2.87328
8.063,0.522613,1.76852,2.87328
8.064,0.524379,1.76361,2.87328
8.065,0.52614,1.75869,2.87328
8.066,0.527896,1.75376,2.87328
8.067,0.529648,1.74881,2.87328
8.068,0.531394,1.74385,2.87328
8.069,0.533135,1.73887,2.87328
8.07,0.534872,1.73387,2.87328
8.071,0.536603,1.72887,2.87328
8.072,0.538329,1.72384,2.87328
8.073,0.540051,1.71881,2.87328
8.074,0.541767,1.71376,2.87328
8.075,0.543478,1.70869,2.87328
8.076,0.545184,1.70361,2.87328
8.077,0.546885,1.69852,2.87328
8.078,0.548581,1.69341,2.87328
8.079,0.550272,1.68828,2.87328
8.08,0.551958,1.68315,2.87328
8.081,0.553638,1.678,2.87328
8.082,0.555314,1.67283,2.87328
8.083,0.556984,1.66765,2.87328
8.084,0.558649,1.66246,2.87328
8.085,0.560309,1.65725,2.87328
8.086,0.561964,1.65203,2.87328
8.087,0.563613,1.6468,2.87328
8.088,0.565257,1.64155,2.87328
8.089,0.566896,1.63629,2.87328
8.09,0.56853,1.63101,2.87328
8.091,0.570158,1.62573,2.87328
8.092,0.571781,1.62042,2.87328
8.093,0.573399,1.61511,2.87328
8.094,0.575012,1.60978,2.87328
8.095,0.576619,1.60444,2.87328
8.096,0.57822,1.59908,2.87328
8.097,0.579817,1.59372,2.87328
8.098,0.581408,1.58834,2.87328
8.099,0.582993,1.58294,2.87328
8.1,0.584574,1.57753,2.87328
8.101,0.586149,1.57211,2.87328
8.102,0.587718,1.56668,2.87328
8.103,0.589282,1.56124,2.87328
8.104,0.59084,1.55578,2.87328
8.105,0.592393,1.55031,2.87328
8.106,0.593941,1.54482,2.87328
8.107,0.595483,1.53933,2.87328
8.108,0.59702,1.53382,2.87328
8.109,0.598551,1.5283,2.87328
8.11,0.600076,1.52276,2.87328
8.111,0.601596,1.51722,2.87328
8.112,0.603111,1.51166,2.87328
8.113,0.60462,1.50609,2.87328
8.114,0.606123,1.50051,2.87328
8.115,0.607621,1.49491,2.87328
8.116,0.609113,1.4893,2.87328
8.117,0.610599,1.48369,2.87328
8.118,0.61208,1.47805,2.87328
8.119,0.613555,1.47241,2.87328
8.12,0.615025,1.46676,2.87328
8.121,0.616489,1.46109,2.87328
8.122,0.617947,1.45541,2.87328
8.123,0.6194,1.44972,2.87328
8.124,0.620846,1.44402,2.87328
8.125,0.622288,1.43831,2.87328
8.126,0.623723,1.43259,2.87328
8.127,0.625153,1.42685,2.87328
8.128,0.626577,1.42111,2.87328
8.129,0.627995,1.41535,2.87328
8.13,0.629407,1.40958,2.87328
8.131,0.630814,1.4038,2.87328
8.132,0.632215,1.39801,2.87328
8.133,0.63361,1.3922,2.87328
8.134,0.634999,1.38639,2.87328
8.135,0.636383,1.38057,2.87328
8.136,0.637761,1.37473,2.87328
8.137,0.639132,1.36888,2.87328
8.138,0.640498,1.36303,2.87328
8.139,0.641858,1.35716,2.87328
8.14,0.643213,1.35128,2.87328
8.141,0.644561,1.34539,2.87328
8.142,0.645903,1.33949,2.87328
8.143,0.64724,1.33358,2.87328
8.144,0.648571,1.32766,2.87328
8.145,0.649895,1.32173,2.87328
8.146,0.651214,1.31579,2.87328
8.147,0.652527,1.30984,2.87328
8.148,0.653834,1.30388,2.87328
8.149,0.655135,1.2979,2.87328
8.15,0.65643,1.29192,2.87328
8.151,0.657718,1.28593,2.87328
8.152,0.659001,1.27993,2.87328
8.153,0.660278,1.27392,2.87328
8.154,0.661549,1.26789,2.87328
8.155,0.662814,1.26186,2.87328
8.156,0.664073,1.25582,2.87328
8.157,0.665326,1.24977,2.87328
8.158,0.666573,1.24371,2.87328
8.159,0.667813,1.23764,2.87328
8.16,0.669048,1.23156,2.87328
8.161,0.670276,1.22547,2.87328
8.162,0.671499,1.21937,2.87328
8.163,0.672715,1.21326,2.87328
8.164,0.673925,1.20715,2.87328
8.165,0.675129,1.20102,2.87328
8.166,0.676327,1.19488,2.87328
8.167,0.677519,1.18874,2.87328
8.168,0.678705,1.18259,2.87328
8.169,0.679884,1.17642,2.87328
8.17,0.681058,1.17025,2.87328
8.171,0.682225,1.16407,2.87328
8.172,0.683386,1.15788,2.87328
8.173,0.684541,1.15168,2.87328
8.174,0.685689,1.14547,2.87328
8.175,0.686831,1.13926,2.87328
8.176,0.687968,1.13303,2.87328
8.177,0.689098,1.1268,2.87328
8.178,0.690221,1.12056,2.87328
8.179,0.691339,1.11431,2.87328
8.18,0.69245,1.10805,2.87328
8.181,0.693555,1.10178,2.87328
8.182,0.694653,1.09551,2.87328
8.183,0.695746,1.08922,2.87328
8.184,0.696832,1.08293,2.87328
8.185,0.697912,1.07663,2.87328
8.186,0.698985,1.07032,2.87328
8.187,0.700052,1.06401,2.87328
8.188,0.701113,1.05768,2.87328
8.189,0.702168,1.05135,2.87328
8.19,0.703216,1.04501,2.87328
8.191,0.704258,1.03866,2.87328
8.192,0.705293,1.03231,2.87328
8.193,0.706322,1.02594,2.87328
8.194,0.707345,1.01957,2.87328
8.195,0.708361,1.01319,2.87328
8.196,0.709371,1.00681,2.87328
8.197,0.710375,1.00041,2.87328
8.198,0.711372,0.994013,2.87328
8.199,0.712363,0.987605,2.87328
8.2,0.713347,0.981189,2.87328
8.201,0.714325,0.974766,2.87328
8.202,0.715297,0.968336,2.87328
8.203,0.716262,0.961898,2.87328
8.204,0.717221,0.955454,2.87328
8.205,0.718173,0.949002,2.87328
8.206,0.719119,0.942544,2.87328
8.207,0.720058,0.936078,2.87328
8.208,0.720991,0.929606,2.87328
8.209,0.721917,0.923126,2.87328
8.21,0.722837,0.91664,2.87328
8.211,0.723751,0.910148,2.87328
8.212,0.724657,0.903648,2.87328
8.213,0.725558,0.897142,2.87328
8.214,0.726452,0.890629,2.87328
8.215,0.727339,0.88411,2.87328
8.216,0.72822,0.877584,2.87328
8.217,0.729094,0.871052,2.87328
8.218,0.729962,0.864513,2.87328
8.219,0.730823,0.857969,2.87328
8.22,0.731678,0.851417,2.87328
8.221,0.732526,0.84486,2.87328
8.222,0.733368,0.838297,2.87328
8.223,0.734203,0.831727,2.87328
8.224,0.735031,0.825151,2.87328
8.225,0.735853,0.81857,2.87328
8.226,0.736668,0.811982,2.87328
8.227,0.737477,0.805388,2.87328
8.228,0.738279,0.798789,2.87328
8.229,0.739075,0.792184,2.87328
8.23,0.739863,0.785573,2.87328
8.231,0.740646,0.778956,2.87328
8.232,0.741421,0.772334,2.87328
8.233,0.74219,0.765706,2.87328
8.234,0.742953,0.759073,2.87328
8.235,0.743708,0.752434,2.87328
8.236,0.744458,0.74579,2.87328
8.237,0.7452,0.73914,2.87328
8.238,0.745936,0.732485,2.87328
8.239,0.746665,0.725825,2.87328
8.24,0.747388,0.719159,2.87328
8.241,0.748103,0.712489,2.87328
8.242,0.748813,0.705813,2.87328
8.243,0.749515,0.699132,2.87328
8.244,0.750211,0.692446,2.87328
8.245,0.7509,0.685755,2.87328
8.246,0.751582,0.679059,2.87328
8.247,0.752258,0.672359,2.87328
8.248,0.752927,0.665653,2.87328
8.249,0.753589,0.658943,2.87328
8.25,0.754245,0.652228,2.87328
8.251,0.754894,0.645508,2.87328
8.252,0.755536,0.638784,2.87328
8.253,0.756171,0.632055,2.87328
8.254,0.7568,0.625322,2.87328
8.255,0.757422,0.618584,2.87328
8.256,0.758037,0.611842,2.87328
8.257,0.758646,0.605096,2.87328
8.258,0.759247,0.598345,2.87328
8.259,0.759842,0.59159,2.87328
8.26,0.760431,0.584831,2.87328
8.261,0.761012,0.578067,2.87328
8.262,0.761587,0.5713,2.87328
8.263,0.762155,0.564528,2.87328
8.264,0.762716,0.557752,2.87328
8.265,0.76327,0.550973,2.87328
8.266,0.763818,0.544189,2.87328
8.267,0.764358,0.537402,2.87328
8.268,0.764892,0.530611,2.87328
8.269,0.76542,0.523816,2.87328
8.27,0.76594,0.517017,2.87328
8.271,0.766454,0.510215,2.87328
8.272,0.766961,0.503409,2.87328
8.273,0.767461,0.4966,2.87328
8.274,0.767954,0.489787,2.87328
8.275,0.76844,0.48297,2.87328
8.276,0.76892,0.476151,2.87328
8.277,0.769392,0.469327,2.87328
8.278,0.769858,0.462501,2.87328
8.279,0.770317,0.455671,2.87328
8.28,0.77077,0.448838,2.87328
8.281,0.771215,0.442002,2.87328
8.282,0.771654,0.435163,2.87328
8.283,0.772085,0.428321,2.87328
8.284,0.77251,0.421476,2.87328
8.285,0.772928,0.414627,2.87328
8.286,0.77334,0.407776,2.87328
8.287,0.773744,0.400922,2.87328
8.288,0.774141,0.394065,2.87328
8.289,0.774532,0.387206,2.87328
8.29,0.774916,0.380344,2.87328
8.291,0.775293,0.373479,2.87328
8.292,0.775663,0.366611,2.87328
8.293,0.776026,0.359741,2.87328
8.294,0.776382,0.352868,2.87328
8.295,0.776732,0.345993,2.87328
8.296,0.777074,0.339116,2.87328
8.297,0.77741,0.332236,2.87328
8.298,0.777739,0.325354,2.87328
8.299,0.778061,0.318469,2.87328
8.3,0.778376,0.311582,2.87328
8.301,0.778684,0.304693,2.87328
8.302,0.778985,0.297802,2.87328
8.303,0.779279,0.290909,2.87328
8.304,0.779567,0.284014,2.87328
8.305,0.779847,0.277117,2.87328
8.306,0.780121,0.270218,2.87328
8.307,0.780388,0.263317,2.87328
8.308,0.780648,0.256414,2.87328
8.309,0.780901,0.24951,2.87328
8.31,0.781147,0.242603,2.87328
8.311,0.781386,0.235695,2.87328
8.312,0.781618,0.228786,2.87328
8.313,0.781843,0.221874,2.87328
8.314,0.782062,0.214962,2.87328
8.315,0.782273,0.208047,2.87328
8.316,0.782478,0.201132,2.87328
8.317,0.782676,0.194214,2.87328
8.318,0.782866,0.187296,2.87328
8.319,0.78305,0.180376,2.87328
8.32,0.783227,0.173455,2.87328
8.321,0.783397,0.166533,2.87328
8.322,0.78356,0.15961,2.87328
8.323,0.783716,0.152685,2.87328
8.324,0.783866,0.145759,2.87328
8.325,0.784008,0.138833,2.87328
8.326,0.784143,0.131905,2.87328
8.327,0.784272,0.124977,2.87328
8.328,0.784393,0.118048,2.87328
8.329,0.784508,0.111117,2.87328
8.33,0.784615,0.104187,2.87328
8.331,0.784716,0.0972549,2.87328
8.332,0.78481,0.0903226,2.87328
8.333,0.784897,0.0833896,2.87328
8.334,0.784977,0.0764561,2.87328
8.335,0.78505,0.069522,2.87328
8.336,0.785116,0.0625875,2.87328
8.337,0.785175,0.0556525,2.87328
8.338,0.785227,0.0487172,2.87328
8.339,0.785272,0.0417815,2.87328
8.34,0.785311,0.0348455,2.87328
8.341,0.785342,0.0279093,2.87328
8.342,0.785366,0.0209729,2.87328
8.343,0.785384,0.0140363,2.87328
8.344,0.785395,0.00709966,2.87328
8.345,0.785398,0.000162947,2.87328
8.346,0.785395,-0.00677376,2.87328
8.347,0.785385,-0.0137104,2.87328
8.348,0.785367,-0.020647,2.87328
8.349,0.785343,-0.0275834,2.87328
8.35,0.785312,-0.0345197,2.87328
8.351,0.785274,-0.0414556,2.87328
8.352,0.785229,-0.0483914,2.87328
8.353,0.785177,-0.0553267,2.87328
8.354,0.785119,-0.0622617,2.87328
8.355,0.785053,-0.0691963,2.87328
8.356,0.78498,-0.0761303,2.87328
8.357,0.784901,-0.0830639,2.87328
8.358,0.784814,-0.0899969,2.87328
8.359,0.784721,-0.0969292,2.87328
8.36,0.78462,-0.103861,2.87328
8.361,0.784513,-0.110792,2.87328
8.362,0.784399,-0.117722,2.87328
8.363,0.784278,-0.124651,2.87328
8.364,0.784149,-0.13158,2.87328
8.365,0.784014,-0.138507,2.87328
8.366,0.783872,-0.145434,2.87328
8.367,0.783724,-0.15236,2.87328
8.368,0.783568,-0.159284,2.87328
8.369,0.783405,-0.166208,2.87328
8.37,0.783235,-0.17313,2.87328
8.371,0.783059,-0.180051,2.87328
8.372,0.782875,-0.186971,2.87328
8.373,0.782685,-0.193889,2.87328
8.374,0.782487,-0.200807,2.87328
8.375,0.782283,-0.207722,2.87328
8.376,0.782072,-0.214637,2.87328
8.377,0.781854,-0.22155,2.87328
8.378,0.781629,-0.228461,2.87328
8.379,0.781397,-0.235371,2.87328
8.38,0.781158,-0.242279,2.87328
8.381,0.780912,-0.249185,2.87328
8.382,0.78066,-0.25609,2.87328
8.383,0.7804,-0.262993,2.87328
8.384,0.780134,-0.269894,2.87328
8.385,0.77986,-0.276793,2.87328
8.386,0.77958,-0.28369,2.87328
8.387,0.779293,-0.290585,2.87328
8.388,0.778999,-0.297479,2.87328
8.389,0.778698,-0.30437,2.87328
8.39,0.77839,-0.311259,2.87328
8.391,0.778076,-0.318146,2.87328
8.392,0.777754,-0.32503,2.87328
8.393,0.777426,-0.331912,2.87328
8.394,0.77709,-0.338793,2.87328
8.395,0.776748,-0.34567,2.87328
8.396,0.776399,-0.352545,2.87328
8.397,0.776043,-0.359418,2.87328
8.398,0.77568,-0.366288,2.87328
8.399,0.77531,-0.373156,2.87328
8.4,0.774934,-0.380021,2.87328
8.401,0.77455,-0.386884,2.87328
8.402,0.77416,-0.393743,2.87328
8.403,0.773763,-0.4006,2.87328
8.404,0.773359,-0.407454,2.87328
8.405,0.772948,-0.414306,2.87328
8.406,0.77253,-0.421154,2.87328
8.407,0.772106,-0.427999,2.87328
8.408,0.771674,-0.434842,2.87328
8.409,0.771236,-0.441681,2.87328
8.41,0.770791,-0.448517,2.87328
8.411,0.770339,-0.45535,2.87328
8.412,0.76988,-0.46218,2.87328
8.413,0.769414,-0.469007,2.87328
8.414,0.768942,-0.47583,2.87328
8.415,0.768463,-0.48265,2.87328
8.416,0.767977,-0.489467,2.87328
8.417,0.767484,-0.49628,2.87328
8.418,0.766984,-0.503089,2.87328
8.419,0.766478,-0.509895,2.87328
8.42,0.765964,-0.516698,2.87328
8.421,0.765444,-0.523497,2.87328
8.422,0.764917,-0.530292,2.87328
8.423,0.764384,-0.537083,2.87328
8.424,0.763843,-0.54387,2.87328
8.425,0.763296,-0.550654,2.87328
8.426,0.762742,-0.557434,2.87328
8.427,0.762181,-0.56421,2.87328
8.428,0.761614,-0.570981,2.87328
8.429,0.761039,-0.577749,2.87328
8.43,0.760458,-0.584513,2.87328
8.431,0.75987,-0.591272,2.87328
8.432,0.759275,-0.598028,2.87328
8.433,0.758674,-0.604779,2.87328
8.434,0.758066,-0.611525,2.87328
8.435,0.757451,-0.618268,2.87328
8.436,0.756829,-0.625006,2.87328
8.437,0.756201,-0.631739,2.87328
8.438,0.755566,-0.638468,2.87328
8.439,0.754924,-0.645193,2.87328
8.44,0.754276,-0.651912,2.87328
8.441,0.75362,-0.658628,2.87328
8.442,0.752958,-0.665338,2.87328
8.443,0.75229,-0.672044,2.87328
8.444,0.751614,-0.678745,2.87328
8.445,0.750932,-0.685441,2.87328
8.446,0.750243,-0.692132,2.87328
8.447,0.749548,-0.698818,2.87328
8.448,0.748846,-0.705499,2.87328
8.449,0.748137,-0.712175,2.87328
8.45,0.747421,-0.718846,2.87328
8.451,0.746699,-0.725512,2.87328
8.452,0.74597,-0.732172,2.87328
8.453,0.745235,-0.738828,2.87328
8.454,0.744493,-0.745477,2.87328
8.455,0.743744,-0.752122,2.87328
8.456,0.742988,-0.758761,2.87328
8.457,0.742226,-0.765395,2.87328
8.458,0.741458,-0.772023,2.87328
8.459,0.740682,-0.778645,2.87328
8.46,0.7399,-0.785262,2.87328
8.461,0.739112,-0.791873,2.87328
8.462,0.738317,-0.798479,2.87328
8.463,0.737515,-0.805079,2.87328
8.464,0.736706,-0.811672,2.87328
8.465,0.735891,-0.81826,2.87328
8.466,0.73507,-0.824842,2.87328
8.467,0.734242,-0.831418,2.87328
8.468,0.733407,-0.837988,2.87328
8.469,0.732566,-0.844552,2.87328
8.47,0.731718,-0.851109,2.87328
8.471,0.730864,-0.857661,2.87328
8.472,0.730003,-0.864206,2.87328
8.473,0.729135,-0.870745,2.87328
8.474,0.728261,-0.877277,2.87328
8.475,0.727381,-0.883803,2.87328
8.476,0.726494,-0.890323,2.87328
8.477,0.7256,-0.896836,2.87328
8.478,0.7247,-0.903343,2.87328
8.479,0.723793,-0.909842,2.87328
8.48,0.72288,-0.916335,2.87328
8.481,0.721961,-0.922822,2.87328
8.482,0.721035,-0.929302,2.87328
8.483,0.720102,-0.935774,2.87328
8.484,0.719163,-0.94224,2.87328
8.485,0.718218,-0.948699,2.87328
8.486,0.717266,-0.955151,2.87328
8.487,0.716307,-0.961596,2.87328
8.488,0.715342,-0.968033,2.87328
8.489,0.714371,-0.974464,2.87328
8.49,0.713393,-0.980887,2.87328
8.491,0.712409,-0.987303,2.87328
8.492,0.711419,-0.993712,2.87328
8.493,0.710422,-1.00011,2.87328
8.494,0.709419,-1.00651,2.87328
8.495,0.708409,-1.01289,2.87328
8.496,0.707393,-1.01927,2.87328
8.497,0.70637,-1.02564,2.87328
8.498,0.705342,-1.03201,2.87328
8.499,0.704306,-1.03836,2.87328
8.5,0.703265,-1.04471,2.87328
8.501,0.702217,-1.05105,2.87328
8.502,0.701163,-1.05738,2.87328
8.503,0.700102,-1.06371,2.87328
8.504,0.699035,-1.07003,2.87328
8.505,0.697962,-1.07633,2.87328
8.506,0.696883,-1.08263,2.87328
8.507,0.695797,-1.08893,2.87328
8.508,0.694705,-1.09521,2.87328
8.509,0.693606,-1.10149,2.87328
8.51,0.692502,-1.10775,2.87328
8.511,0.691391,-1.11401,2.87328
8.512,0.690274,-1.12026,2.87328
8.513,0.68915,-1.12651,2.87328
8.514,0.688021,-1.13274,2.87328
8.515,0.686885,-1.13896,2.87328
8.516,0.685743,-1.14518,2.87328
8.517,0.684595,-1.15139,2.87328
8.518,0.68344,-1.15759,2.87328
8.519,0.682279,-1.16378,2.87328
8.52,0.681113,-1.16996,2.87328
8.521,0.67994,-1.17613,2.87328
8.522,0.67876,-1.1823,2.87328
8.523,0.677575,-1.18845,2.87328
8.524,0.676383,-1.1946,2.87328
8.525,0.675186,-1.20073,2.87328
8.526,0.673982,-1.20686,2.87328
8.527,0.672772,-1.21298,2.87328
8.528,0.671556,-1.21909,2.87328
8.529,0.670334,-1.22518,2.87328
8.53,0.669106,-1.23127,2.87328
8.531,0.667871,-1.23735,2.87328
8.532,0.666631,-1.24343,2.87328
8.533,0.665384,-1.24949,2.87328
8.534,0.664132,-1.25554,2.87328
8.535,0.662873,-1.26158,2.87328
8.536,0.661609,-1.26761,2.87328
8.537,0.660338,-1.27363,2.87328
8.538,0.659062,-1.27965,2.87328
8.539,0.657779,-1.28565,2.87328
8.54,0.65649,-1.29164,2.87328
8.541,0.655196,-1.29762,2.87328
8.542,0.653895,-1.3036,2.87328
8.543,0.652588,-1.30956,2.87328
8.544,0.651276,-1.31551,2.87328
8.545,0.649957,-1.32145,2.87328
8.546,0.648633,-1.32738,2.87328
8.547,0.647303,-1.3333,2.87328
8.548,0.645966,-1.33921,2.87328
8.549,0.644624,-1.34511,2.87328
8.55,0.643276,-1.351,2.87328
8.551,0.641922,-1.35688,2.87328
8.552,0.640562,-1.36275,2.87328
8.553,0.639197,-1.36861,2.87328
8.554,0.637825,-1.37446,2.87328
8.555,0.636448,-1.38029,2.87328
8.556,0.635065,-1.38612,2.87328
8.557,0.633676,-1.39193,2.87328
8.558,0.632281,-1.39773,2.87328
8.559,0.63088,-1.40353,2.87328
8.56,0.629474,-1.40931,2.87328
8.561,0.628062,-1.41508,2.87328
8.562,0.626644,-1.42084,2.87328
8.563,0.62522,-1.42658,2.87328
8.564,0.62379,-1.43232,2.87328
8.565,0.622355,-1.43804,2.87328
8.566,0.620914,-1.44376,2.87328
8.567,0.619468,-1.44946,2.87328
8.568,0.618015,-1.45515,2.87328
8.569,0.616557,-1.46083,2.87328
8.57,0.615094,-1.46649,2.87328
8.571,0.613624,-1.47215,2.87328
8.572,0.612149,-1.47779,2.87328
8.573,0.610669,-1.48342,2.87328
8.574,0.609183,-1.48904,2.87328
8.575,0.607691,-1.49465,2.87328
8.576,0.606193,-1.50024,2.87328
8.577,0.60469,-1.50583,2.87328
8.578,0.603182,-1.5114,2.87328
8.579,0.601668,-1.51696,2.87328
8.58,0.600148,-1.5225,2.87328
8.581,0.598623,-1.52804,2.87328
8.582,0.597092,-1.53356,2.87328
8.583,0.595555,-1.53907,2.87328
8.584,0.594014,-1.54456,2.87328
8.585,0.592466,-1.55005,2.87328
8.586,0.590913,-1.55552,2.87328
8.587,0.589355,-1.56098,2.87328
8.588,0.587792,-1.56643,2.87328
8.589,0.586222,-1.57186,2.87328
8.59,0.584648,-1.57728,2.87328
8.591,0.583068,-1.58269,2.87328
8.592,0.581482,-1.58808,2.87328
8.593,0.579892,-1.59346,2.87328
8.594,0.578296,-1.59883,2.87328
8.595,0.576694,-1.60419,2.87328
8.596,0.575087,-1.60953,2.87328
8.597,0.573475,-1.61486,2.87328
8.598,0.571857,-1.62018,2.87328
8.599,0.570235,-1.62548,2.87328
8.6,0.568606,-1.63077,2.87328
8.601,0.566973,-1.63604,2.87328
8.602,0.565334,-1.6413,2.87328
8.603,0.56369,-1.64655,2.87328
8.604,0.562041,-1.65179,2.87328
8.605,0.560387,-1.65701,2.87328
8.606,0.558727,-1.66222,2.87328
8.607,0.557062,-1.66741,2.87328
8.608,0.555392,-1.67259,2.87328
8.609,0.553717,-1.67775,2.87328
8.61,0.552037,-1.68291,2.87328
8.611,0.550352,-1.68804,2.87328
8.612,0.548661,-1.69317,2.87328
8.613,0.546965,-1.69828,2.87328
8.614,0.545264,-1.70337,2.87328
8.615,0.543558,-1.70845,2.87328
8.616,0.541847,-1.71352,2.87328
8.617,0.540131,-1.71857,2.87328
8.618,0.53841,-1.72361,2.87328
8.619,0.536684,-1.72863,2.87328
8.62,0.534953,-1.73364,2.87328
8.621,0.533217,-1.73863,2.87328
8.622,0.531476,-1.74361,2.87328
8.623,0.52973,-1.74858,2.87328
8.624,0.527979,-1.75353,2.87328
8.625,0.526223,-1.75846,2.87328
8.626,0.524462,-1.76338,2.87328
8.627,0.522696,-1.76829,2.87328
8.628,0.520925,-1.77318,2.87328
8.629,0.51915,-1.77805,2.87328
8.63,0.517369,-1.78291,2.87328
8.631,0.515584,-1.78775,2.87328
8.632,0.513794,-1.79258,2.87328
8.633,0.511999,-1.7974,2.87328
8.634,0.510199,-1.8022,2.87328
8.635,0.508394,-1.80698,2.87328
8.636,0.506585,-1.81175,2.87328
8.637,0.504771,-1.8165,2.87328
8.638,0.502952,-1.82123,2.87328
8.639,0.501128,-1.82595,2.87328
8.64,0.4993,-1.83066,2.87328
8.641,0.497467,-1.83535,2.87328
8.642,0.495629,-1.84002,2.87328
8.643,0.493787,-1.84468,2.87328
8.644,0.49194,-1.84932,2.87328
8.645,0.490088,-1.85395,2.87328
8.646,0.488232,-1.85856,2.87328
8.647,0.486371,-1.86315,2.87328
8.648,0.484506,-1.86773,2.87328
8.649,0.482636,-1.87229,2.87328
8.65,0.480761,-1.87683,2.87328
8.651,0.478882,-1.88136,2.87328
8.652,0.476998,-1.88587,2.87328
8.653,0.47511,-1.89037,2.87328
8.654,0.473218,-1.89485,2.87328
8.655,0.471321,-1.89931,2.87328
8.656,0.469419,-1.90376,2.87328
8.657,0.467513,-1.90819,2.87328
8.658,0.465603,-1.9126,2.87328
8.659,0.463688,-1.917,2.87328
8.66,0.461769,-1.92137,2.87328
8.661,0.459845,-1.92574,2.87328
8.662,0.457917,-1.93008,2.87328
8.663,0.455985,-1.93441,2.87328
8.664,0.454048,-1.93872,2.87328
8.665,0.452108,-1.94302,2.87328
8.666,0.450162,-1.94729,2.87328
8.667,0.448213,-1.95155,2.87328
8.668,0.446259,-1.9558,2.87328
8.669,0.444301,-1.96002,2.87328
8.67,0.442339,-1.96423,2.87328
8.671,0.440373,-1.96842,2.87328
8.672,0.438402,-1.97259,2.87328
8.673,0.436428,-1.97675,2.87328
8.674,0.434449,-1.98089,2.87328
8.675,0.432466,-1.98501,2.87328
8.676,0.430479,-1.98911,2.87328
8.677,0.428488,-1.99319,2.87328
8.678,0.426493,-1.99726,2.87328
8.679,0.424493,-2.00131,2.87328
8.68,0.42249,-2.00534,2.87328
8.681,0.420483,-2.00935,2.87328
8.682,0.418471,-2.01335,2.87328
8.683,0.416456,-2.01733,2.87328
8.684,0.414437,-2.02129,2.87328
8.685,0.412413,-2.02523,2.87328
8.686,0.410386,-2.02915,2.87328
8.687,0.408355,-2.03306,2.87328
8.688,0.40632,-2.03694,2.87328
8.689,0.404281,-2.04081,2.87328
8.69,0.402238,-2.04466,2.87328
8.691,0.400192,-2.04849,2.87328
8.692,0.398141,-2.0523,2.87328
8.693,0.396087,-2.0561,2.87328
8.694,0.394029,-2.05987,2.87328
8.695,0.391967,-2.06363,2.87328
8.696,0.389902,-2.06737,2.87328
8.697,0.387833,-2.07109,2.87328
8.698,0.38576,-2.07479,2.87328
8.699,0.383683,-2.07847,2.87328
8.7,0.381603,-2.08213,2.87328
8.701,0.379519,-2.08578,2.87328
8.702,0.377431,-2.0894,2.87328
8.703,0.37534,-2.09301,2.87328
8.704,0.373245,-2.09659,2.87328
8.705,0.371147,-2.10016,2.87328
8.706,0.369045,-2.10371,2.87328
8.707,0.36694,-2.10724,2.87328
8.708,0.364831,-2.11075,2.87328
8.709,0.362718,-2.11424,2.87328
8.71,0.360602,-2.11771,2.87328
8.711,0.358483,-2.12116,2.87328
8.712,0.35636,-2.12459,2.87328
8.713,0.354233,-2.12801,2.87328
8.714,0.352104,-2.1314,2.87328
8.715,0.349971,-2.13477,2.87328
8.716,0.347834,-2.13813,2.87328
8.717,0.345694,-2.14146,2.87328
8.718,0.343551,-2.14477,2.87328
8.719,0.341405,-2.14807,2.87328
8.72,0.339255,-2.15134,2.87328
8.721,0.337102,-2.1546,2.87328
8.722,0.334946,-2.15783,2.87328
8.723,0.332787,-2.16105,2.87328
8.724,0.330624,-2.16424,2.87328
8.725,0.328458,-2.16742,2.87328
8.726,0.326289,-2.17057,2.87328
8.727,0.324117,-2.17371,2.87328
8.728,0.321942,-2.17682,2.87328
8.729,0.319763,-2.17991,2.87328
8.73,0.317582,-2.18299,2.87328
8.731,0.315397,-2.18604,2.87328
8.732,0.31321,-2.18907,2.87328
8.733,0.311019,-2.19209,2.87328
8.734,0.308826,-2.19508,2.87328
8.735,0.306629,-2.19805,2.87328
8.736,0.30443,-2.201,2.87328
8.737,0.302227,-2.20393,2.87328
8.738,0.300022,-2.20684,2.87328
8.739,0.297813,-2.20973,2.87328
8.74,0.295602,-2.2126,2.87328
8.741,0.293388,-2.21544,2.87328
8.742,0.291171,-2.21827,2.87328
8.743,0.288952,-2.22108,2.87328
8.744,0.286729,-2.22386,2.87328
8.745,0.284504,-2.22663,2.87328
8.746,0.282276,-2.22937,2.87328
8.747,0.280045,-2.23209,2.87328
8.748,0.277812,-2.23479,2.87328
8.749,0.275576,-2.23747,2.87328
8.75,0.273337,-2.24013,2.87328
8.751,0.271095,-2.24277,2.87328
8.752,0.268851,-2.24538,2.87328
8.753,0.266605,-2.24798,2.87328
8.754,0.264355,-2.25055,2.87328
8.755,0.262104,-2.25311,2.87328
8.756,0.259849,-2.25564,2.87328
8.757,0.257592,-2.25815,2.87328
8.758,0.255333,-2.26063,2.87328
8.759,0.253071,-2.2631,2.87328
8.76,0.250807,-2.26555,2.87328
8.761,0.24854,-2.26797,2.87328
8.762,0.246271,-2.27037,2.87328
8.763,0.243999,-2.27275,2.87328
8.764,0.241725,-2.27511,2.87328
8.765,0.239449,-2.27745,2.87328
8.766,0.23717,-2.27977,2.87328
8.767,0.234889,-2.28206,2.87328
8.768,0.232606,-2.28433,2.87328
8.769,0.230321,-2.28658,2.87328
8.77,0.228033,-2.28881,2.87328
8.771,0.225743,-2.29102,2.87328
8.772,0.223451,-2.2932,2.87328
8.773,0.221157,-2.29537,2.87328
8.774,0.21886,-2.29751,2.87328
8.775,0.216562,-2.29963,2.87328
8.776,0.214261,-2.30172,2.87328
8.777,0.211958,-2.3038,2.87328
8.778,0.209653,-2.30585,2.87328
8.779,0.207347,-2.30788,2.87328
8.78,0.205038,-2.30989,2.87328
8.781,0.202727,-2.31188,2.87328
8.782,0.200414,-2.31384,2.87328
8.783,0.198099,-2.31578,2.87328
8.784,0.195782,-2.3177,2.87328
8.785,0.193464,-2.3196,2.87328
8.786,0.191143,-2.32147,2.87328
8.787,0.188821,-2.32333,2.87328
8.788,0.186497,-2.32516,2.87328
8.789,0.184171,-2.32696,2.87328
8.79,0.181843,-2.32875,2.87328
8.791,0.179513,-2.33051,2.87328
8.792,0.177182,-2.33225,2.87328
8.793,0.174849,-2.33397,2.87328
8.794,0.172514,-2.33567,2.87328
8.795,0.170177,-2.33734,2.87328
8.796,0.167839,-2.33899,2.87328
8.797,0.165499,-2.34062,2.87328
8.798,0.163158,-2.34222,2.87328
8.799,0.160815,-2.3438,2.87328
8.8,0.15847,-2.34536,2.87328
8.801,0.156124,-2.3469,2.87328
8.802,0.153776,-2.34841,2.87328
8.803,0.151427,-2.3499,2.87328
8.804,0.149077,-2.35137,2.87328
8.805,0.146725,-2.35282,2.87328
8.806,0.144371,-2.35424,2.87328
8.807,0.142016,-2.35564,2.87328
8.808,0.13966,-2.35702,2.87328
8.809,0.137302,-2.35837,2.87328
8.81,0.134943,-2.3597,2.87328
8.811,0.132583,-2.36101,2.87328
8.812,0.130221,-2.3623,2.87328
8.813,0.127858,-2.36356,2.87328
8.814,0.125494,-2.3648,2.87328
8.815,0.123128,-2.36602,2.87328
8.816,0.120762,-2.36721,2.87328
8.817,0.118394,-2.36838,2.87328
8.818,0.116025,-2.36953,2.87328
8.819,0.113655,-2.37065,2.87328
8.82,0.111284,-2.37175,2.87328
8.821,0.108911,-2.37283,2.87328
8.822,0.106538,-2.37388,2.87328
8.823,0.104164,-2.37492,2.87328
8.824,0.101788,-2.37592,2.87328
8.825,0.0994119,-2.37691,2.87328
8.826,0.0970345,-2.37787,2.87328
8.827,0.0946562,-2.37881,2.87328
8.828,0.0922769,-2.37973,2.87328
8.829,0.0898967,-2.38062,2.87328
8.83,0.0875157,-2.38149,2.87328
8.831,0.0851338,-2.38233,2.87328
8.832,0.082751,-2.38315,2.87328
8.833,0.0803675,-2.38395,2.87328
8.834,0.0779831,-2.38473,2.87328
8.835,0.075598,-2.38548,2.87328
8.836,0.0732122,-2.38621,2.87328
8.837,0.0708256,-2.38692,2.87328
8.838,0.0684383,-2.3876,2.87328
8.839,0.0660504,-2.38826,2.87328
8.84,0.0636618,-2.3889,2.87328
8.841,0.0612726,-2.38951,2.87328
8.842,0.0588828,-2.3901,2.87328
8.843,0.0564924,-2.39066,2.87328
8.844,0.0541015,-2.3912,2.87328
8.845,0.05171,-2.39172,2.87328
8.846,0.0493181,-2.39222,2.87328
8.847,0.0469256,-2.39269,2.87328
8.848,0.0445327,-2.39314,2.87328
8.849,0.0421393,-2.39356,2.87328
8.85,0.0397456,-2.39397,2.87328
8.851,0.0373514,-2.39434,2.87328
8.852,0.0349569,-2.3947,2.87328
8.853,0.032562,-2.39503,2.87328
8.854,0.0301668,-2.39534,2.87328
8.855,0.0277714,-2.39562,2.87328
8.856,0.0253756,-2.39588,2.87328
8.857,0.0229796,-2.39612,2.87328
8.858,0.0205834,-2.39633,2.87328
8.859,0.0181869,-2.39652,2.87328
8.86,0.0157903,-2.39669,2.87328
8.861,0.0133936,-2.39683,2.87328
8.862,0.0109967,-2.39695,2.87328
8.863,0.00859967,-2.39705,2.87328
8.864,0.00620259,-2.39712,2.87328
8.865,0.00380544,-2.39717,2.87328
8.866,0.00140825,-2.3972,2.87328
8.867,-0.000988944,-2.3972,2.87328
8.868,-0.00338613,-2.39718,2.87328
8.869,-0.00578329,-2.39713,2.87328
8.87,-0.00818039,-2.39706,2.87328
8.871,-0.0105774,-2.39697,2.87328
8.872,-0.0129743,-2.39685,2.87328
8.873,-0.0153711,-2.39672,2.87328
8.874,-0.0177677,-2.39655,2.87328
8.875,-0.0201642,-2.39637,2.87328
8.876,-0.0225605,-2.39616,2.87328
8.877,-0.0249565,-2.39592,2.87328
8.878,-0.0273523,-2.39567,2.87328
8.879,-0.0297478,-2.39539,2.87328
8.88,-0.0321431,-2.39508,2.87328
8.881,-0.034538,-2.39476,2.87328
8.882,-0.0369326,-2.39441,2.87328
8.883,-0.0393268,-2.39403,2.87328
8.884,-0.0417206,-2.39364,2.87328
8.885,-0.0441141,-2.39321,2.87328
8.886,-0.0465071,-2.39277,2.87328
8.887,-0.0488996,-2.3923,2.87328
8.888,-0.0512917,-2.39181,2.87328
8.889,-0.0536832,-2.3913,2.87328
8.89,-0.0560743,-2.39076,2.87328
8.891,-0.0584647,-2.3902,2.87328
8.892,-0.0608546,-2.38961,2.87328
8.893,-0.0632439,-2.389,2.87328
8.894,-0.0656326,-2.38837,2.87328
8.895,-0.0680207,-2.38772,2.87328
8.896,-0.0704081,-2.38704,2.87328
8.897,-0.0727948,-2.38634,2.87328
8.898,-0.0751807,-2.38561,2.87328
8.899,-0.077566,-2.38486,2.87328
8.9,-0.0799504,-2.38409,2.87328
8.901,-0.0823341,-2.3833,2.87328
8.902,-0.084717,-2.38248,2.87328
8.903,-0.0870991,-2.38164,2.87328
8.904,-0.0894803,-2.38077,2.87328
8.905,-0.0918606,-2.37988,2.87328
8.906,-0.0942401,-2.37897,2.87328
8.907,-0.0966186,-2.37804,2.87328
8.908,-0.0989961,-2.37708,2.87328
8.909,-0.101373,-2.3761,2.87328
8.91,-0.103748,-2.37509,2.87328
8.911,-0.106123,-2.37407,2.87328
8.912,-0.108496,-2.37301,2.87328
8.913,-0.110869,-2.37194,2.87328
8.914,-0.11324,-2.37084,2.87328
8.915,-0.115611,-2.36972,2.87328
8.916,-0.11798,-2.36858,2.87328
8.917,-0.120348,-2.36741,2.87328
8.918,-0.122715,-2.36623,2.87328
8.919,-0.12508,-2.36501,2.87328
8.92,-0.127445,-2.36378,2.87328
8.921,-0.129808,-2.36252,2.87328
8.922,-0.13217,-2.36124,2.87328
8.923,-0.13453,-2.35993,2.87328
8.924,-0.136889,-2.35861,2.87328
8.925,-0.139247,-2.35726,2.87328
8.926,-0.141604,-2.35588,2.87328
8.927,-0.143959,-2.35449,2.87328
8.928,-0.146313,-2.35307,2.87328
8.929,-0.148665,-2.35163,2.87328
8.93,-0.151016,-2.35016,2.87328
8.931,-0.153366,-2.34868,2.87328
8.932,-0.155714,-2.34717,2.87328
8.933,-0.15806,-2.34563,2.87328
8.934,-0.160405,-2.34408,2.87328
8.935,-0.162748,-2.3425,2.87328
8.936,-0.16509,-2.3409,2.87328
8.937,-0.16743,-2.33927,2.87328
8.938,-0.169768,-2.33763,2.87328
8.939,-0.172105,-2.33596,2.87328
8.94,-0.17444,-2.33427,2.87328
8.941,-0.176774,-2.33255,2.87328
8.942,-0.179105,-2.33082,2.87328
8.943,-0.181435,-2.32906,2.87328
8.944,-0.183763,-2.32728,2.87328
8.945,-0.18609,-2.32547,2.87328
8.946,-0.188414,-2.32365,2.87328
8.947,-0.190737,-2.3218,2.87328
8.948,-0.193058,-2.31993,2.87328
8.949,-0.195377,-2.31803,2.87328
8.95,-0.197694,-2.31612,2.87328
8.951,-0.200009,-2.31418,2.87328
8.952,-0.202322,-2.31222,2.87328
8.953,-0.204634,-2.31024,2.87328
8.954,-0.206943,-2.30823,2.87328
8.955,-0.20925,-2.30621,2.87328
8.956,-0.211555,-2.30416,2.87328
8.957,-0.213858,-2.30209,2.87328
8.958,-0.216159,-2.29999,2.87328
8.959,-0.218458,-2.29788,2.87328
8.96,-0.220755,-2.29574,2.87328
8.961,-0.22305,-2.29358,2.87328
8.962,-0.225342,-2.2914,2.87328
8.963,-0.227633,-2.2892,2.87328
8.964,-0.229921,-2.28697,2.87328
8.965,-0.232207,-2.28473,2.87328
8.966,-0.23449,-2.28246,2.87328
8.967,-0.236772,-2.28017,2.87328
8.968,-0.239051,-2.27786,2.87328
8.969,-0.241327,-2.27552,2.87328
8.97,-0.243602,-2.27317,2.87328
8.971,-0.245874,-2.27079,2.87328
8.972,-0.248143,-2.26839,2.87328
8.973,-0.25041,-2.26597,2.87328
8.974,-0.252675,-2.26353,2.87328
8.975,-0.254937,-2.26107,2.87328
8.976,-0.257197,-2.25858,2.87328
8.977,-0.259455,-2.25608,2.87328
8.978,-0.261709,-2.25355,2.87328
8.979,-0.263962,-2.251,2.87328
8.98,-0.266211,-2.24843,2.87328
8.981,-0.268458,-2.24584,2.87328
8.982,-0.270703,-2.24323,2.87328
8.983,-0.272945,-2.24059,2.87328
8.984,-0.275184,-2.23794,2.87328
8.985,-0.277421,-2.23526,2.87328
8.986,-0.279655,-2.23256,2.87328
8.987,-0.281886,-2.22985,2.87328
8.988,-0.284114,-2.22711,2.87328
8.989,-0.28634,-2.22435,2.87328
8.99,-0.288563,-2.22157,2.87328
8.991,-0.290783,-2.21876,2.87328
8.992,-0.293001,-2.21594,2.87328
8.993,-0.295215,-2.2131,2.87328
8.994,-0.297427,-2.21023,2.87328
8.995,-0.299636,-2.20735,2.87328
8.996,-0.301841,-2.20444,2.87328
8.997,-0.304044,-2.20151,2.87328
8.998,-0.306245,-2.19857,2.87328
8.999,-0.308442,-2.1956,2.87328
9,-0.310636,-2.19261,2.87328
9.001,-0.312827,-2.1896,2.87328
9.002,-0.315015,-2.18657,2.87328
9.003,-0.3172,-2.18352,2.87328
9.004,-0.319382,-2.18045,2.87328
9.005,-0.321561,-2.17736,2.87328
9.006,-0.323737,-2.17425,2.87328
9.007,-0.325909,-2.17112,2.87328
9.008,-0.328079,-2.16797,2.87328
9.009,-0.330245,-2.1648,2.87328
9.01,-0.332408,-2.16161,2.87328
9.011,-0.334568,-2.1584,2.87328
9.012,-0.336725,-2.15517,2.87328
9.013,-0.338879,-2.15191,2.87328
9.014,-0.341029,-2.14864,2.87328
9.015,-0.343176,-2.14535,2.87328
9.016,-0.34532,-2.14204,2.87328
9.017,-0.34746,-2.13871,2.87328
9.018,-0.349597,-2.13536,2.87328
9.019,-0.351731,-2.13199,2.87328
9.02,-0.353861,-2.1286,2.87328
9.021,-0.355988,-2.12519,2.87328
9.022,-0.358112,-2.12176,2.87328
9.023,-0.360232,-2.11832,2.87328
9.024,-0.362348,-2.11485,2.87328
9.025,-0.364461,-2.11136,2.87328
9.026,-0.366571,-2.10785,2.87328
9.027,-0.368677,-2.10433,2.87328
9.028,-0.37078,-2.10078,2.87328
9.029,-0.372879,-2.09722,2.87328
9.03,-0.374974,-2.09364,2.87328
9.031,-0.377066,-2.09003,2.87328
9.032,-0.379154,-2.08641,2.87328
9.033,-0.381239,-2.08277,2.87328
9.034,-0.38332,-2.07911,2.87328
9.035,-0.385397,-2.07543,2.87328
9.036,-0.38747,-2.07174,2.87328
9.037,-0.38954,-2.06802,2.87328
9.038,-0.391606,-2.06429,2.87328
9.039,-0.393669,-2.06053,2.87328
9.04,-0.395728,-2.05676,2.87328
9.041,-0.397782,-2.05297,2.87328
9.042,-0.399833,-2.04916,2.87328
9.043,-0.401881,-2.04533,2.87328
9.044,-0.403924,-2.04148,2.87328
9.045,-0.405964,-2.03762,2.87328
9.046,-0.407999,-2.03374,2.87328
9.047,-0.410031,-2.02984,2.87328
9.048,-0.412059,-2.02592,2.87328
9.049,-0.414083,-2.02198,2.87328
9.05,-0.416103,-2.01802,2.87328
9.051,-0.418119,-2.01405,2.87328
9.052,-0.420131,-2.01006,2.87328
9.053,-0.422139,-2.00604,2.87328
9.054,-0.424143,-2.00202,2.87328
9.055,-0.426143,-1.99797,2.87328
9.056,-0.428139,-1.99391,2.87328
9.057,-0.430131,-1.98982,2.87328
9.058,-0.432119,-1.98573,2.87328
9.059,-0.434102,-1.98161,2.87328
9.06,-0.436082,-1.97747,2.87328
9.061,-0.438057,-1.97332,2.87328
9.062,-0.440029,-1.96915,2.87328
9.063,-0.441996,-1.96496,2.87328
9.064,-0.443958,-1.96076,2.87328
9.065,-0.445917,-1.95654,2.87328
9.066,-0.447872,-1.9523,2.87328
9.067,-0.449822,-1.94804,2.87328
9.068,-0.451768,-1.94377,2.87328
9.069,-0.453709,-1.93947,2.87328
9.07,-0.455647,-1.93517,2.87328
9.071,-0.45758,-1.93084,2.87328
9.072,-0.459508,-1.9265,2.87328
9.073,-0.461433,-1.92214,2.87328
9.074,-0.463353,-1.91776,2.87328
9.075,-0.465268,-1.91337,2.87328
9.076,-0.467179,-1.90896,2.87328
9.077,-0.469086,-1.90453,2.87328
9.078,-0.470988,-1.90009,2.87328
9.079,-0.472886,-1.89563,2.87328
9.08,-0.47478,-1.89115,2.87328
9.081,-0.476668,-1.88666,2.87328
9.082,-0.478553,-1.88215,2.87328
9.083,-0.480433,-1.87763,2.87328
9.084,-0.482308,-1.87308,2.87328
9.085,-0.484179,-1.86853,2.87328
9.086,-0.486045,-1.86395,2.87328
9.087,-0.487907,-1.85936,2.87328
9.088,-0.489764,-1.85475,2.87328
9.089,-0.491616,-1.85013,2.87328
9.09,-0.493464,-1.84549,2.87328
9.091,-0.495307,-1.84084,2.87328
9.092,-0.497146,-1.83617,2.87328
9.093,-0.49898,-1.83148,2.87328
9.094,-0.500809,-1.82678,2.87328
9.095,-0.502633,-1.82206,2.87328
9.096,-0.504453,-1.81733,2.87328
9.097,-0.506268,-1.81258,2.87328
9.098,-0.508078,-1.80781,2.87328
9.099,-0.509883,-1.80303,2.87328
9.1,-0.511684,-1.79824,2.87328
9.101,-0.51348,-1.79343,2.87328
9.102,-0.515271,-1.7886,2.87328
9.103,-0.517057,-1.78376,2.87328
9.104,-0.518838,-1.7789,2.87328
9.105,-0.520615,-1.77403,2.87328
9.106,-0.522387,-1.76914,2.87328
9.107,-0.524153,-1.76424,2.87328
9.108,-0.525915,-1.75932,2.87328
9.109,-0.527672,-1.75439,2.87328
9.11,-0.529424,-1.74944,2.87328
9.111,-0.531171,-1.74448,2.87328
9.112,-0.532913,-1.73951,2.87328
9.113,-0.53465,-1.73451,2.87328
9.114,-0.536382,-1.72951,2.87328
9.115,-0.538109,-1.72449,2.87328
9.116,-0.539831,-1.71945,2.87328
9.117,-0.541548,-1.7144,2.87328
9.118,-0.54326,-1.70934,2.87328
9.119,-0.544966,-1.70426,2.87328
9.12,-0.546668,-1.69917,2.87328
9.121,-0.548365,-1.69406,2.87328
9.122,-0.550056,-1.68894,2.87328
9.123,-0.551743,-1.68381,2.87328
9.124,-0.553424,-1.67866,2.87328
9.125,-0.5551,-1.67349,2.87328
9.126,-0.556771,-1.66832,2.87328
9.127,-0.558436,-1.66313,2.87328
9.128,-0.560097,-1.65792,2.87328
9.129,-0.561752,-1.6527,2.87328
9.13,-0.563402,-1.64747,2.87328
9.131,-0.565047,-1.64222,2.87328
9.132,-0.566687,-1.63696,2.87328
9.133,-0.568321,-1.63169,2.87328
9.134,-0.56995,-1.6264,2.87328
9.135,-0.571574,-1.6211,2.87328
9.136,-0.573192,-1.61579,2.87328
9.137,-0.574806,-1.61046,2.87328
9.138,-0.576413,-1.60512,2.87328
9.139,-0.578016,-1.59977,2.87328
9.14,-0.579613,-1.5944,2.87328
9.141,-0.581205,-1.58902,2.87328
9.142,-0.582791,-1.58363,2.87328
9.143,-0.584372,-1.57823,2.87328
9.144,-0.585947,-1.57281,2.87328
9.145,-0.587517,-1.56738,2.87328
9.146,-0.589082,-1.56193,2.87328
9.147,-0.590641,-1.55648,2.87328
9.148,-0.592195,-1.55101,2.87328
9.149,-0.593743,-1.54552,2.87328
9.15,-0.595286,-1.54003,2.87328
9.151,-0.596823,-1.53452,2.87328
9.152,-0.598355,-1.529,2.87328
9.153,-0.599881,-1.52347,2.87328
9.154,-0.601402,-1.51793,2.87328
9.155,-0.602917,-1.51237,2.87328
9.156,-0.604427,-1.5068,2.87328
9.157,-0.605931,-1.50122,2.87328
9.158,-0.607429,-1.49563,2.87328
9.159,-0.608922,-1.49002,2.87328
9.16,-0.610409,-1.4844,2.87328
9.161,-0.611891,-1.47878,2.87328
9.162,-0.613367,-1.47313,2.87328
9.163,-0.614837,-1.46748,2.87328
9.164,-0.616302,-1.46182,2.87328
9.165,-0.617761,-1.45614,2.87328
9.166,-0.619214,-1.45045,2.87328
9.167,-0.620662,-1.44475,2.87328
9.168,-0.622104,-1.43904,2.87328
9.169,-0.62354,-1.43332,2.87328
9.17,-0.62497,-1.42759,2.87328
9.171,-0.626395,-1.42184,2.87328
9.172,-0.627814,-1.41608,2.87328
9.173,-0.629227,-1.41032,2.87328
9.174,-0.630635,-1.40454,2.87328
9.175,-0.632036,-1.39875,2.87328
9.176,-0.633432,-1.39295,2.87328
9.177,-0.634822,-1.38713,2.87328
9.178,-0.636206,-1.38131,2.87328
9.179,-0.637585,-1.37548,2.87328
9.18,-0.638957,-1.36963,2.87328
9.181,-0.640324,-1.36378,2.87328
9.182,-0.641685,-1.35791,2.87328
9.183,-0.64304,-1.35203,2.87328
9.184,-0.644389,-1.34615,2.87328
9.185,-0.645732,-1.34025,2.87328
9.186,-0.647069,-1.33434,2.87328
9.187,-0.648401,-1.32842,2.87328
9.188,-0.649726,-1.32249,2.87328
9.189,-0.651046,-1.31655,2.87328
9.19,-0.652359,-1.3106,2.87328
9.191,-0.653667,-1.30464,2.87328
9.192,-0.654969,-1.29867,2.87328
9.193,-0.656264,-1.29269,2.87328
9.194,-0.657554,-1.2867,2.87328
9.195,-0.658838,-1.2807,2.87328
9.196,-0.660115,-1.27469,2.87328
9.197,-0.661387,-1.26867,2.87328
9.198,-0.662653,-1.26264,2.87328
9.199,-0.663912,-1.2566,2.87328
9.2,-0.665166,-1.25055,2.87328
9.201,-0.666413,-1.24449,2.87328
9.202,-0.667655,-1.23842,2.87328
9.203,-0.66889,-1.23234,2.87328
9.204,-0.670119,-1.22625,2.87328
9.205,-0.671343,-1.22015,2.87328
9.206,-0.67256,-1.21405,2.87328
9.207,-0.673771,-1.20793,2.87328
9.208,-0.674976,-1.2018,2.87328
9.209,-0.676174,-1.19567,2.87328
9.21,-0.677367,-1.18953,2.87328
9.211,-0.678553,-1.18337,2.87328
9.212,-0.679734,-1.17721,2.87328
9.213,-0.680908,-1.17104,2.87328
9.214,-0.682076,-1.16486,2.87328
9.215,-0.683238,-1.15867,2.87328
9.216,-0.684393,-1.15247,2.87328
9.217,-0.685543,-1.14627,2.87328
9.218,-0.686686,-1.14005,2.87328
9.219,-0.687823,-1.13383,2.87328
9.22,-0.688953,-1.1276,2.87328
9.221,-0.690078,-1.12136,2.87328
9.222,-0.691196,-1.11511,2.87328
9.223,-0.692308,-1.10885,2.87328
9.224,-0.693414,-1.10258,2.87328
9.225,-0.694513,-1.09631,2.87328
9.226,-0.695606,-1.09003,2.87328
9.227,-0.696693,-1.08374,2.87328
9.228,-0.697774,-1.07744,2.87328
9.229,-0.698848,-1.07113,2.87328
9.23,-0.699916,-1.06481,2.87328
9.231,-0.700978,-1.05849,2.87328
9.232,-0.702033,-1.05216,2.87328
9.233,-0.703082,-1.04582,2.87328
9.234,-0.704125,-1.03947,2.87328
9.235,-0.705161,-1.03312,2.87328
9.236,-0.706191,-1.02676,2.87328
9.237,-0.707215,-1.02039,2.87328
9.238,-0.708232,-1.01401,2.87328
9.239,-0.709243,-1.00762,2.87328
9.24,-0.710247,-1.00123,2.87328
9.241,-0.711245,-0.994832,2.87328
9.242,-0.712237,-0.988425,2.87328
9.243,-0.713222,-0.98201,2.87328
9.244,-0.714201,-0.975588,2.87328
9.245,-0.715173,-0.969159,2.87328
9.246,-0.716139,-0.962722,2.87328
9.247,-0.717098,-0.956279,2.87328
9.248,-0.718051,-0.949828,2.87328
9.249,-0.718998,-0.94337,2.87328
9.25,-0.719938,-0.936906,2.87328
9.251,-0.720872,-0.930434,2.87328
9.252,-0.721799,-0.923956,2.87328
9.253,-0.72272,-0.917471,2.87328
9.254,-0.723634,-0.910979,2.87328
9.255,-0.724542,-0.90448,2.87328
9.256,-0.725443,-0.897975,2.87328
9.257,-0.726338,-0.891463,2.87328
9.258,-0.727226,-0.884944,2.87328
9.259,-0.728108,-0.878419,2.87328
9.26,-0.728983,-0.871888,2.87328
9.261,-0.729851,-0.86535,2.87328
9.262,-0.730713,-0.858806,2.87328
9.263,-0.731569,-0.852256,2.87328
9.264,-0.732418,-0.845699,2.87328
9.265,-0.73326,-0.839137,2.87328
9.266,-0.734096,-0.832568,2.87328
9.267,-0.734926,-0.825993,2.87328
9.268,-0.735748,-0.819412,2.87328
9.269,-0.736564,-0.812825,2.87328
9.27,-0.737374,-0.806232,2.87328
9.271,-0.738177,-0.799634,2.87328
9.272,-0.738973,-0.793029,2.87328
9.273,-0.739763,-0.786419,2.87328
9.274,-0.740546,-0.779803,2.87328
9.275,-0.741322,-0.773182,2.87328
9.276,-0.742092,-0.766555,2.87328
9.277,-0.742856,-0.759922,2.87328
9.278,-0.743612,-0.753284,2.87328
9.279,-0.744362,-0.74664,2.87328
9.28,-0.745105,-0.739991,2.87328
9.281,-0.745842,-0.733337,2.87328
9.282,-0.746572,-0.726677,2.87328
9.283,-0.747295,-0.720012,2.87328
9.284,-0.748012,-0.713342,2.87328
9.285,-0.748722,-0.706667,2.87328
9.286,-0.749425,-0.699987,2.87328
9.287,-0.750122,-0.693302,2.87328
9.288,-0.750812,-0.686611,2.87328
9.289,-0.751495,-0.679916,2.87328
9.29,-0.752172,-0.673216,2.87328
9.291,-0.752842,-0.666511,2.87328
9.292,-0.753505,-0.659802,2.87328
9.293,-0.754161,-0.653087,2.87328
9.294,-0.754811,-0.646368,2.87328
9.295,-0.755454,-0.639645,2.87328
9.296,-0.75609,-0.632917,2.87328
9.297,-0.75672,-0.626184,2.87328
9.298,-0.757343,-0.619447,2.87328
9.299,-0.757959,-0.612705,2.87328
9.3,-0.758568,-0.605959,2.87328
9.301,-0.759171,-0.599209,2.87328
9.302,-0.759767,-0.592454,2.87328
9.303,-0.760356,-0.585696,2.87328
9.304,-0.760938,-0.578933,2.87328
9.305,-0.761514,-0.572166,2.87328
9.306,-0.762082,-0.565394,2.87328
9.307,-0.762644,-0.558619,2.87328
9.308,-0.7632,-0.55184,2.87328
9.309,-0.763748,-0.545057,2.87328
9.31,-0.76429,-0.53827,2.87328
9.311,-0.764825,-0.53148,2.87328
9.312,-0.765353,-0.524685,2.87328
9.313,-0.765874,-0.517887,2.87328
9.314,-0.766388,-0.511085,2.87328
9.315,-0.766896,-0.50428,2.87328
9.316,-0.767397,-0.497471,2.87328
9.317,-0.767891,-0.490659,2.87328
9.318,-0.768378,-0.483843,2.87328
9.319,-0.768859,-0.477023,2.87328
9.32,-0.769332,-0.470201,2.87328
9.321,-0.769799,-0.463375,2.87328
9.322,-0.770259,-0.456545,2.87328
9.323,-0.770712,-0.449713,2.87328
9.324,-0.771158,-0.442877,2.87328
9.325,-0.771598,-0.436038,2.87328
9.326,-0.772031,-0.429196,2.87328
9.327,-0.772456,-0.422352,2.87328
9.328,-0.772875,-0.415504,2.87328
9.329,-0.773287,-0.408653,2.87328
9.33,-0.773693,-0.401799,2.87328
9.331,-0.774091,-0.394943,2.87328
9.332,-0.774482,-0.388084,2.87328
9.333,-0.774867,-0.381222,2.87328
9.334,-0.775245,-0.374357,2.87328
9.335,-0.775616,-0.36749,2.87328
9.336,-0.77598,-0.36062,2.87328
9.337,-0.776337,-0.353748,2.87328
9.338,-0.776687,-0.346873,2.87328
9.339,-0.777031,-0.339996,2.87328
9.34,-0.777367,-0.333116,2.87328
9.341,-0.777697,-0.326234,2.87328
9.342,-0.77802,-0.31935,2.87328
9.343,-0.778336,-0.312463,2.87328
9.344,-0.778645,-0.305575,2.87328
9.345,-0.778947,-0.298684,2.87328
9.346,-0.779242,-0.291791,2.87328
9.347,-0.77953,-0.284896,2.87328
9.348,-0.779812,-0.277999,2.87328
9.349,-0.780086,-0.271101,2.87328
9.35,-0.780354,-0.2642,2.87328
9.351,-0.780615,-0.257297,2.87328
9.352,-0.780869,-0.250393,2.87328
9.353,-0.781116,-0.243487,2.87328
9.354,-0.781356,-0.236579,2.87328
9.355,-0.781589,-0.22967,2.87328
9.356,-0.781815,-0.222759,2.87328
9.357,-0.782034,-0.215846,2.87328
9.358,-0.782247,-0.208932,2.87328
9.359,-0.782452,-0.202016,2.87328
9.36,-0.782651,-0.195099,2.87328
9.361,-0.782842,-0.188181,2.87328
9.362,-0.783027,-0.181262,2.87328
9.363,-0.783205,-0.174341,2.87328
9.364,-0.783376,-0.167419,2.87328
9.365,-0.78354,-0.160495,2.87328
9.366,-0.783697,-0.153571,2.87328
9.367,-0.783847,-0.146646,2.87328
9.368,-0.78399,-0.139719,2.87328
9.369,-0.784126,-0.132792,2.87328
9.37,-0.784256,-0.125863,2.87328
9.371,-0.784378,-0.118934,2.87328
9.372,-0.784494,-0.112004,2.87328
9.373,-0.784602,-0.105073,2.87328
9.374,-0.784704,-0.0981417,2.87328
9.375,-0.784798,-0.0912095,2.87328
9.376,-0.784886,-0.0842766,2.87328
9.377,-0.784967,-0.0773432,2.87328
9.378,-0.785041,-0.0704092,2.87328
9.379,-0.785108,-0.0634747,2.87328
9.38,-0.785168,-0.0565398,2.87328
9.381,-0.785221,-0.0496045,2.87328
9.382,-0.785267,-0.0426688,2.87328
9.383,-0.785306,-0.0357329,2.87328
9.384,-0.785338,-0.0287967,2.87328
9.385,-0.785364,-0.0218603,2.87328
9.386,-0.785382,-0.0149238,2.87328
9.387,-0.785394,-0.00798711,2.87328
9.388,-0.785398,-0.0010504,2.87328
9.389,-0.785396,0.00588631,2.87328
9.39,-0.785386,0.012823,2.87328
9.391,-0.78537,0.0197596,2.87328
9.392,-0.785347,0.026696,2.87328
9.393,-0.785317,0.0336323,2.87328
9.394,-0.78528,0.0405683,2.87328
9.395,-0.785235,0.047504,2.87328
9.396,-0.785185,0.0544395,2.87328
9.397,-0.785127,0.0613745,2.87328
9.398,-0.785062,0.0683091,2.87328
9.399,-0.78499,0.0752432,2.87328
9.4,-0.784911,0.0821769,2.87328
9.401,-0.784826,0.0891099,2.87328
9.402,-0.784733,0.0960423,2.87328
9.403,-0.784634,0.102974,2.87328
9.404,-0.784527,0.109905,2.87328
9.405,-0.784414,0.116835,2.87328
9.406,-0.784293,0.123765,2.87328
9.407,-0.784166,0.130694,2.87328
9.408,-0.784032,0.137621,2.87328
9.409,-0.783891,0.144548,2.87328
9.41,-0.783743,0.151474,2.87328
9.411,-0.783588,0.158398,2.87328
9.412,-0.783426,0.165322,2.87328
9.413,-0.783257,0.172244,2.87328
9.414,-0.783082,0.179166,2.87328
9.415,-0.782899,0.186086,2.87328
9.416,-0.78271,0.193004,2.87328
9.417,-0.782513,0.199922,2.87328
9.418,-0.78231,0.206838,2.87328
9.419,-0.782099,0.213752,2.87328
9.42,-0.781882,0.220665,2.87328
9.421,-0.781658,0.227577,2.87328
9.422,-0.781427,0.234487,2.87328
9.423,-0.781189,0.241395,2.87328
9.424,-0.780944,0.248302,2.87328
9.425,-0.780692,0.255207,2.87328
9.426,-0.780434,0.26211,2.87328
9.427,-0.780168,0.269011,2.87328
9.428,-0.779896,0.27591,2.87328
9.429,-0.779616,0.282808,2.87328
9.43,-0.77933,0.289703,2.87328
9.431,-0.779037,0.296597,2.87328
9.432,-0.778737,0.303488,2.87328
9.433,-0.77843,0.310377,2.87328
9.434,-0.778116,0.317265,2.87328
9.435,-0.777796,0.324149,2.87328
9.436,-0.777468,0.331032,2.87328
9.437,-0.777133,0.337912,2.87328
9.438,-0.776792,0.34479,2.87328
9.439,-0.776444,0.351666,2.87328
9.44,-0.776089,0.358539,2.87328
9.441,-0.775727,0.36541,2.87328
9.442,-0.775358,0.372278,2.87328
9.443,-0.774982,0.379143,2.87328
9.444,-0.7746,0.386006,2.87328
9.445,-0.77421,0.392866,2.87328
9.446,-0.773814,0.399723,2.87328
9.447,-0.773411,0.406578,2.87328
9.448,-0.773001,0.413429,2.87328
9.449,-0.772584,0.420278,2.87328
9.45,-0.77216,0.427124,2.87328
9.451,-0.77173,0.433967,2.87328
9.452,-0.771292,0.440806,2.87328
9.453,-0.770848,0.447643,2.87328
9.454,-0.770397,0.454476,2.87328
9.455,-0.769939,0.461307,2.87328
9.456,-0.769474,0.468134,2.87328
9.457,-0.769003,0.474957,2.87328
9.458,-0.768524,0.481778,2.87328
9.459,-0.768039,0.488595,2.87328
9.46,-0.767547,0.495408,2.87328
9.461,-0.767048,0.502218,2.87328
9.462,-0.766543,0.509025,2.87328
9.463,-0.76603,0.515828,2.87328
9.464,-0.765511,0.522627,2.87328
9.465,-0.764985,0.529422,2.87328
9.466,-0.764452,0.536214,2.87328
9.467,-0.763913,0.543002,2.87328
9.468,-0.763366,0.549786,2.87328
9.469,-0.762813,0.556567,2.87328
9.47,-0.762253,0.563343,2.87328
9.471,-0.761686,0.570115,2.87328
9.472,-0.761113,0.576884,2.87328
9.473,-0.760533,0.583648,2.87328
9.474,-0.759946,0.590408,2.87328
9.475,-0.759352,0.597164,2.87328
9.476,-0.758751,0.603915,2.87328
9.477,-0.758144,0.610662,2.87328
9.478,-0.75753,0.617405,2.87328
9.479,-0.756909,0.624144,2.87328
9.48,-0.756282,0.630878,2.87328
9.481,-0.755648,0.637608,2.87328
9.482,-0.755007,0.644333,2.87328
9.483,-0.754359,0.651053,2.87328
9.484,-0.753704,0.657769,2.87328
9.485,-0.753043,0.66448,2.87328
9.486,-0.752375,0.671186,2.87328
9.487,-0.751701,0.677888,2.87328
9.488,-0.75102,0.684584,2.87328
9.489,-0.750332,0.691276,2.87328
9.49,-0.749637,0.697963,2.87328
9.491,-0.748936,0.704645,2.87328
9.492,-0.748228,0.711321,2.87328
9.493,-0.747513,0.717993,2.87328
9.494,-0.746792,0.724659,2.87328
9.495,-0.746064,0.73132,2.87328
9.496,-0.745329,0.737976,2.87328
9.497,-0.744588,0.744627,2.87328
9.498,-0.74384,0.751272,2.87328
9.499,-0.743085,0.757912,2.87328
9.5,-0.742324,0.764546,2.87328
9.501,-0.741556,0.771175,2.87328
9.502,-0.740782,0.777798,2.87328
9.503,-0.740001,0.784416,2.87328
9.504,-0.739213,0.791028,2.87328
9.505,-0.738419,0.797634,2.87328
9.506,-0.737618,0.804235,2.87328
9.507,-0.73681,0.810829,2.87328
9.508,-0.735996,0.817418,2.87328
9.509,-0.735175,0.824,2.87328
9.51,-0.734348,0.830577,2.87328
9.511,-0.733514,0.837148,2.87328
9.512,-0.732674,0.843712,2.87328
9.513,-0.731827,0.850271,2.87328
9.514,-0.730973,0.856823,2.87328
9.515,-0.730113,0.863369,2.87328
9.516,-0.729247,0.869909,2.87328
9.517,-0.728373,0.876442,2.87328
9.518,-0.727494,0.882969,2.87328
9.519,-0.726607,0.889489,2.87328
9.52,-0.725715,0.896003,2.87328
9.521,-0.724815,0.90251,2.87328
9.522,-0.72391,0.909011,2.87328
9.523,-0.722997,0.915505,2.87328
9.524,-0.722079,0.921992,2.87328
9.525,-0.721153,0.928473,2.87328
9.526,-0.720222,0.934947,2.87328
9.527,-0.719284,0.941413,2.87328
9.528,-0.718339,0.947873,2.87328
9.529,-0.717388,0.954326,2.87328
9.53,-0.71643,0.960772,2.87328
9.531,-0.715466,0.96721,2.87328
9.532,-0.714496,0.973642,2.87328
9.533,-0.713519,0.980066,2.87328
9.534,-0.712536,0.986483,2.87328
9.535,-0.711546,0.992893,2.87328
9.536,-0.71055,0.999295,2.87328
9.537,-0.709547,1.00569,2.87328
9.538,-0.708539,1.01208,2.87328
9.539,-0.707523,1.01846,2.87328
9.54,-0.706502,1.02483,2.87328
9.541,-0.705474,1.03119,2.87328
9.542,-0.704439,1.03755,2.87328
9.543,-0.703398,1.0439,2.87328
9.544,-0.702351,1.05024,2.87328
9.545,-0.701298,1.05657,2.87328
9.546,-0.700238,1.0629,2.87328
9.547,-0.699172,1.06922,2.87328
9.548,-0.6981,1.07553,2.87328
9.549,-0.697021,1.08183,2.87328
9.55,-0.695936,1.08812,2.87328
9.551,-0.694845,1.09441,2.87328
9.552,-0.693747,1.10068,2.87328
9.553,-0.692644,1.10695,2.87328
9.554,-0.691533,1.11321,2.87328
9.555,-0.690417,1.11946,2.87328
9.556,-0.689295,1.12571,2.87328
9.557,-0.688166,1.13194,2.87328
9.558,-0.687031,1.13817,2.87328
9.559,-0.685889,1.14439,2.87328
9.56,-0.684742,1.1506,2.87328
9.561,-0.683588,1.1568,2.87328
9.562,-0.682428,1.16299,2.87328
9.563,-0.681262,1.16917,2.87328
9.564,-0.68009,1.17534,2.87328
9.565,-0.678912,1.18151,2.87328
9.566,-0.677727,1.18766,2.87328
9.567,-0.676536,1.19381,2.87328
9.568,-0.675339,1.19995,2.87328
9.569,-0.674136,1.20608,2.87328
9.57,-0.672927,1.21219,2.87328
9.571,-0.671712,1.2183,2.87328
9.572,-0.670491,1.2244,2.87328
9.573,-0.669263,1.2305,2.87328
9.574,-0.66803,1.23658,2.87328
9.575,-0.66679,1.24265,2.87328
9.576,-0.665544,1.24871,2.87328
9.577,-0.664293,1.25476,2.87328
9.578,-0.663035,1.26081,2.87328
9.579,-0.661771,1.26684,2.87328
9.58,-0.660501,1.27286,2.87328
9.581,-0.659225,1.27888,2.87328
9.582,-0.657943,1.28488,2.87328
9.583,-0.656655,1.29088,2.87328
9.584,-0.655362,1.29686,2.87328
9.585,-0.654062,1.30283,2.87328
9.586,-0.652756,1.3088,2.87328
9.587,-0.651444,1.31475,2.87328
9.588,-0.650126,1.32069,2.87328
9.589,-0.648803,1.32662,2.87328
9.59,-0.647473,1.33255,2.87328
9.591,-0.646138,1.33846,2.87328
9.592,-0.644796,1.34436,2.87328
9.593,-0.643449,1.35025,2.87328
9.594,-0.642096,1.35613,2.87328
9.595,-0.640737,1.362,2.87328
9.596,-0.639372,1.36786,2.87328
9.597,-0.638001,1.37371,2.87328
9.598,-0.636624,1.37955,2.87328
9.599,-0.635242,1.38537,2.87328
9.6,-0.633854,1.39119,2.87328
9.601,-0.63246,1.39699,2.87328
9.602,-0.63106,1.40279,2.87328
9.603,-0.629654,1.40857,2.87328
9.604,-0.628243,1.41434,2.87328
9.605,-0.626825,1.4201,2.87328
9.606,-0.625402,1.42585,2.87328
9.607,-0.623974,1.43159,2.87328
9.608,-0.622539,1.43731,2.87328
9.609,-0.621099,1.44303,2.87328
9.61,-0.619653,1.44873,2.87328
9.611,-0.618202,1.45442,2.87328
9.612,-0.616744,1.4601,2.87328
9.613,-0.615281,1.46577,2.87328
9.614,-0.613813,1.47142,2.87328
9.615,-0.612338,1.47707,2.87328
9.616,-0.610859,1.4827,2.87328
9.617,-0.609373,1.48832,2.87328
9.618,-0.607882,1.49393,2.87328
9.619,-0.606385,1.49953,2.87328
9.62,-0.604883,1.50511,2.87328
9.621,-0.603375,1.51068,2.87328
9.622,-0.601862,1.51625,2.87328
9.623,-0.600343,1.52179,2.87328
9.624,-0.598818,1.52733,2.87328
9.625,-0.597288,1.53285,2.87328
9.626,-0.595752,1.53836,2.87328
9.627,-0.594211,1.54386,2.87328
9.628,-0.592665,1.54935,2.87328
9.629,-0.591112,1.55482,2.87328
9.63,-0.589555,1.56028,2.87328
9.631,-0.587992,1.56573,2.87328
9.632,-0.586423,1.57116,2.87328
9.633,-0.58485,1.57659,2.87328
9.634,-0.58327,1.582,2.87328
9.635,-0.581686,1.58739,2.87328
9.636,-0.580095,1.59278,2.87328
9.637,-0.5785,1.59815,2.87328
9.638,-0.576899,1.6035,2.87328
9.639,-0.575293,1.60885,2.87328
9.64,-0.573682,1.61418,2.87328
9.641,-0.572065,1.6195,2.87328
9.642,-0.570443,1.6248,2.87328
9.643,-0.568815,1.63009,2.87328
9.644,-0.567182,1.63537,2.87328
9.645,-0.565544,1.64063,2.87328
9.646,-0.563901,1.64588,2.87328
9.647,-0.562253,1.65112,2.87328
9.648,-0.560599,1.65634,2.87328
9.649,-0.55894,1.66155,2.87328
9.65,-0.557276,1.66675,2.87328
9.651,-0.555606,1.67193,2.87328
9.652,-0.553932,1.67709,2.87328
9.653,-0.552252,1.68225,2.87328
9.654,-0.550567,1.68739,2.87328
9.655,-0.548877,1.69251,2.87328
9.656,-0.547182,1.69762,2.87328
9.657,-0.545482,1.70272,2.87328
9.658,-0.543777,1.7078,2.87328
9.659,-0.542067,1.71287,2.87328
9.66,-0.540351,1.71792,2.87328
9.661,-0.538631,1.72296,2.87328
9.662,-0.536905,1.72799,2.87328
9.663,-0.535175,1.733,2.87328
9.664,-0.533439,1.73799,2.87328
9.665,-0.531699,1.74298,2.87328
9.666,-0.529953,1.74794,2.87328
9.667,-0.528203,1.75289,2.87328
9.668,-0.526448,1.75783,2.87328
9.669,-0.524687,1.76275,2.87328
9.67,-0.522922,1.76766,2.87328
9.671,-0.521152,1.77255,2.87328
9.672,-0.519377,1.77743,2.87328
9.673,-0.517597,1.78229,2.87328
9.674,-0.515812,1.78714,2.87328
9.675,-0.514023,1.79197,2.87328
9.676,-0.512228,1.79678,2.87328
9.677,-0.510429,1.80158,2.87328
9.678,-0.508625,1.80637,2.87328
9.679,-0.506817,1.81114,2.87328
9.68,-0.505003,1.81589,2.87328
9.681,-0.503185,1.82063,2.87328
9.682,-0.501362,1.82535,2.87328
9.683,-0.499534,1.83006,2.87328
9.684,-0.497702,1.83475,2.87328
9.685,-0.495865,1.83943,2.87328
9.686,-0.494023,1.84409,2.87328
9.687,-0.492176,1.84873,2.87328
9.688,-0.490325,1.85336,2.87328
9.689,-0.48847,1.85797,2.87328
9.69,-0.486609,1.86256,2.87328
9.691,-0.484745,1.86714,2.87328
9.692,-0.482875,1.87171,2.87328
9.693,-0.481001,1.87625,2.87328
9.694,-0.479123,1.88078,2.87328
9.695,-0.47724,1.8853,2.87328
9.696,-0.475352,1.8898,2.87328
9.697,-0.47346,1.89428,2.87328
9.698,-0.471564,1.89874,2.87328
9.699,-0.469663,1.90319,2.87328
9.7,-0.467757,1.90762,2.87328
9.701,-0.465847,1.91204,2.87328
9.702,-0.463933,1.91643,2.87328
9.703,-0.462014,1.92082,2.87328
9.704,-0.460091,1.92518,2.87328
9.705,-0.458164,1.92953,2.87328
9.706,-0.456232,1.93386,2.87328
9.707,-0.454296,1.93817,2.87328
9.708,-0.452356,1.94247,2.87328
9.709,-0.450411,1.94675,2.87328
9.71,-0.448463,1.95101,2.87328
9.711,-0.446509,1.95525,2.87328
9.712,-0.444552,1.95948,2.87328
9.713,-0.442591,1.96369,2.87328
9.714,-0.440625,1.96788,2.87328
9.715,-0.438655,1.97206,2.87328
9.716,-0.436681,1.97622,2.87328
9.717,-0.434702,1.98036,2.87328
9.718,-0.43272,1.98448,2.87328
9.719,-0.430733,1.98858,2.87328
9.72,-0.428743,1.99267,2.87328
9.721,-0.426748,1.99674,2.87328
9.722,-0.424749,2.00079,2.87328
9.723,-0.422746,2.00483,2.87328
9.724,-0.42074,2.00884,2.87328
9.725,-0.418729,2.01284,2.87328
9.726,-0.416714,2.01682,2.87328
9.727,-0.414695,2.02078,2.87328
9.728,-0.412672,2.02472,2.87328
9.729,-0.410646,2.02865,2.87328
9.73,-0.408615,2.03256,2.87328
9.731,-0.406581,2.03645,2.87328
9.732,-0.404542,2.04032,2.87328
9.733,-0.4025,2.04417,2.87328
9.734,-0.400454,2.048,2.87328
9.735,-0.398404,2.05182,2.87328
9.736,-0.39635,2.05561,2.87328
9.737,-0.394293,2.05939,2.87328
9.738,-0.392231,2.06315,2.87328
9.739,-0.390166,2.06689,2.87328
9.74,-0.388098,2.07061,2.87328
9.741,-0.386025,2.07432,2.87328
9.742,-0.383949,2.078,2.87328
9.743,-0.381869,2.08167,2.87328
9.744,-0.379786,2.08531,2.87328
9.745,-0.377699,2.08894,2.87328
9.746,-0.375608,2.09255,2.87328
9.747,-0.373514,2.09614,2.87328
9.748,-0.371416,2.09971,2.87328
9.749,-0.369314,2.10326,2.87328
9.75,-0.367209,2.10679,2.87328
9.751,-0.365101,2.1103,2.87328
9.752,-0.362989,2.11379,2.87328
9.753,-0.360873,2.11727,2.87328
9.754,-0.358754,2.12072,2.87328
9.755,-0.356632,2.12416,2.87328
9.756,-0.354506,2.12757,2.87328
9.757,-0.352376,2.13097,2.87328
9.758,-0.350244,2.13434,2.87328
9.759,-0.348108,2.1377,2.87328
9.76,-0.345968,2.14104,2.87328
9.761,-0.343826,2.14435,2.87328
9.762,-0.34168,2.14765,2.87328
9.763,-0.33953,2.15093,2.87328
9.764,-0.337378,2.15418,2.87328
9.765,-0.335222,2.15742,2.87328
9.766,-0.333063,2.16064,2.87328
9.767,-0.330901,2.16383,2.87328
9.768,-0.328735,2.16701,2.87328
9.769,-0.326567,2.17017,2.87328
9.77,-0.324395,2.17331,2.87328
9.771,-0.32222,2.17642,2.87328
9.772,-0.320042,2.17952,2.87328
9.773,-0.317861,2.1826,2.87328
9.774,-0.315677,2.18565,2.87328
9.775,-0.31349,2.18869,2.87328
9.776,-0.3113,2.1917,2.87328
9.777,-0.309106,2.1947,2.87328
9.778,-0.30691,2.19767,2.87328
9.779,-0.304711,2.20062,2.87328
9.78,-0.302509,2.20356,2.87328
9.781,-0.300304,2.20647,2.87328
9.782,-0.298096,2.20936,2.87328
9.783,-0.295885,2.21223,2.87328
9.784,-0.293672,2.21508,2.87328
9.785,-0.291455,2.21791,2.87328
9.786,-0.289236,2.22072,2.87328
9.787,-0.287014,2.22351,2.87328
9.788,-0.284789,2.22627,2.87328
9.789,-0.282561,2.22902,2.87328
9.79,-0.280331,2.23174,2.87328
9.791,-0.278098,2.23445,2.87328
9.792,-0.275862,2.23713,2.87328
9.793,-0.273623,2.23979,2.87328
9.794,-0.271382,2.24243,2.87328
9.795,-0.269139,2.24505,2.87328
9.796,-0.266892,2.24765,2.87328
9.797,-0.264643,2.25022,2.87328
9.798,-0.262392,2.25278,2.87328
9.799,-0.260138,2.25531,2.87328
9.8,-0.257881,2.25783,2.87328
9.801,-0.255622,2.26032,2.87328
9.802,-0.25336,2.26279,2.87328
9.803,-0.251096,2.26524,2.87328
9.804,-0.24883,2.26766,2.87328
9.805,-0.246561,2.27007,2.87328
9.806,-0.24429,2.27245,2.87328
9.807,-0.242016,2.27481,2.87328
9.808,-0.23974,2.27715,2.87328
9.809,-0.237462,2.27947,2.87328
9.81,-0.235181,2.28177,2.87328
9.811,-0.232898,2.28404,2.87328
9.812,-0.230613,2.2863,2.87328
9.813,-0.228326,2.28853,2.87328
9.814,-0.226036,2.29074,2.87328
9.815,-0.223744,2.29293,2.87328
9.816,-0.22145,2.29509,2.87328
9.817,-0.219154,2.29723,2.87328
9.818,-0.216856,2.29936,2.87328
9.819,-0.214556,2.30146,2.87328
9.82,-0.212253,2.30353,2.87328
9.821,-0.209948,2.30559,2.87328
9.822,-0.207642,2.30762,2.87328
9.823,-0.205333,2.30963,2.87328
9.824,-0.203023,2.31162,2.87328
9.825,-0.20071,2.31359,2.87328
9.826,-0.198395,2.31553,2.87328
9.827,-0.196079,2.31746,2.87328
9.828,-0.19376,2.31936,2.87328
9.829,-0.19144,2.32123,2.87328
9.83,-0.189118,2.32309,2.87328
9.831,-0.186794,2.32492,2.87328
9.832,-0.184468,2.32673,2.87328
9.833,-0.182141,2.32852,2.87328
9.834,-0.179811,2.33029,2.87328
9.835,-0.17748,2.33203,2.87328
9.836,-0.175147,2.33375,2.87328
9.837,-0.172813,2.33545,2.87328
9.838,-0.170476,2.33713,2.87328
9.839,-0.168138,2.33878,2.87328
9.84,-0.165799,2.34041,2.87328
9.841,-0.163457,2.34202,2.87328
9.842,-0.161115,2.3436,2.87328
9.843,-0.15877,2.34516,2.87328
9.844,-0.156424,2.3467,2.87328
9.845,-0.154077,2.34822,2.87328
9.846,-0.151728,2.34971,2.87328
9.847,-0.149377,2.35119,2.87328
9.848,-0.147026,2.35263,2.87328
9.849,-0.144672,2.35406,2.87328
9.85,-0.142317,2.35546,2.87328
9.851,-0.139961,2.35684,2.87328
9.852,-0.137604,2.3582,2.87328
9.853,-0.135245,2.35953,2.87328
9.854,-0.132885,2.36085,2.87328
9.855,-0.130523,2.36213,2.87328
9.856,-0.12816,2.3634,2.87328
9.857,-0.125796,2.36464,2.87328
9.858,-0.123431,2.36586,2.87328
9.859,-0.121065,2.36706,2.87328
9.86,-0.118697,2.36823,2.87328
9.861,-0.116328,2.36938,2.87328
9.862,-0.113958,2.37051,2.87328
9.863,-0.111587,2.37161,2.87328
9.864,-0.109215,2.37269,2.87328
9.865,-0.106842,2.37375,2.87328
9.866,-0.104468,2.37478,2.87328
9.867,-0.102092,2.3758,2.87328
9.868,-0.099716,2.37678,2.87328
9.869,-0.0973387,2.37775,2.87328
9.87,-0.0949605,2.37869,2.87328
9.871,-0.0925813,2.37961,2.87328
9.872,-0.0902013,2.3805,2.87328
9.873,-0.0878203,2.38138,2.87328
9.874,-0.0854385,2.38223,2.87328
9.875,-0.0830559,2.38305,2.87328
9.876,-0.0806724,2.38385,2.87328
9.877,-0.0782882,2.38463,2.87328
9.878,-0.0759032,2.38539,2.87328
9.879,-0.0735174,2.38612,2.87328
9.88,-0.071131,2.38683,2.87328
9.881,-0.0687438,2.38751,2.87328
9.882,-0.0663559,2.38818,2.87328
9.883,-0.0639674,2.38882,2.87328
9.884,-0.0615783,2.38943,2.87328
9.885,-0.0591886,2.39002,2.87328
9.886,-0.0567983,2.39059,2.87328
9.887,-0.0544074,2.39114,2.87328
9.888,-0.052016,2.39166,2.87328
9.889,-0.0496241,2.39216,2.87328
9.89,-0.0472317,2.39263,2.87328
9.891,-0.0448388,2.39308,2.87328
9.892,-0.0424455,2.39351,2.87328
9.893,-0.0400518,2.39392,2.87328
9.894,-0.0376577,2.3943,2.87328
9.895,-0.0352632,2.39465,2.87328
9.896,-0.0328684,2.39499,2.87328
9.897,-0.0304733,2.3953,2.87328
9.898,-0.0280778,2.39559,2.87328
9.899,-0.0256821,2.39585,2.87328
9.9,-0.0232861,2.39609,2.87328
9.901,-0.0208899,2.39631,2.87328
9.902,-0.0184935,2.3965,2.87328
9.903,-0.016097,2.39667,2.87328
9.904,-0.0137002,2.39682,2.87328
9.905,-0.0113033,2.39694,2.87328
9.906,-0.00890634,2.39704,2.87328
9.907,-0.00650926,2.39711,2.87328
9.908,-0.00411212,2.39716,2.87328
9.909,-0.00171494,2.39719,2.87328
9.91,0.000682255,2.3972,2.87328
9.911,0.00307945,2.39718,2.87328
9.912,0.00547661,2.39714,2.87328
9.913,0.00787371,2.39707,2.87328
9.914,0.0102707,2.39698,2.87328
9.915,0.0126677,2.39687,2.87328
9.916,0.0150645,2.39674,2.87328
9.917,0.0174611,2.39658,2.87328
9.918,0.0198576,2.39639,2.87328
9.919,0.0222539,2.39619,2.87328
9.92,0.02465,2.39596,2.87328
9.921,0.0270458,2.3957,2.87328
9.922,0.0294414,2.39543,2.87328
9.923,0.0318367,2.39512,2.87328
9.924,0.0342316,2.3948,2.87328
9.925,0.0366263,2.39445,2.87328
9.926,0.0390205,2.39408,2.87328
9.927,0.0414144,2.39369,2.87328
9.928,0.0438079,2.39327,2.87328
9.929,0.0462009,2.39283,2.87328
9.93,0.0485935,2.39236,2.87328
9.931,0.0509857,2.39188,2.87328
9.932,0.0533773,2.39136,2.87328
9.933,0.0557684,2.39083,2.87328
9.934,0.0581589,2.39027,2.87328
9.935,0.0605489,2.38969,2.87328
9.936,0.0629383,2.38908,2.87328
9.937,0.0653271,2.38845,2.87328
9.938,0.0677152,2.3878,2.87328
9.939,0.0701027,2.38713,2.87328
9.94,0.0724894,2.38643,2.87328
9.941,0.0748755,2.38571,2.87328
9.942,0.0772609,2.38496,2.87328
9.943,0.0796454,2.38419,2.87328
9.944,0.0820292,2.3834,2.87328
9.945,0.0844122,2.38258,2.87328
9.946,0.0867944,2.38175,2.87328
9.947,0.0891757,2.38088,2.87328
9.948,0.0915561,2.38,2.87328
9.949,0.0939357,2.37909,2.87328
9.95,0.0963143,2.37816,2.87328
9.951,0.098692,2.3772,2.87328
9.952,0.101069,2.37622,2.87328
9.953,0.103444,2.37522,2.87328
9.954,0.105819,2.3742,2.87328
9.955,0.108193,2.37315,2.87328
9.956,0.110565,2.37208,2.87328
9.957,0.112937,2.37099,2.87328
9.958,0.115307,2.36987,2.87328
9.959,0.117677,2.36873,2.87328
9.96,0.120045,2.36757,2.87328
9.961,0.122412,2.36638,2.87328
9.962,0.124778,2.36517,2.87328
9.963,0.127142,2.36394,2.87328
9.964,0.129505,2.36268,2.87328
9.965,0.131868,2.3614,2.87328
9.966,0.134228,2.3601,2.87328
9.967,0.136588,2.35878,2.87328
9.968,0.138946,2.35743,2.87328
9.969,0.141303,2.35606,2.87328
9.97,0.143658,2.35467,2.87328
9.971,0.146012,2.35325,2.87328
9.972,0.148364,2.35181,2.87328
9.973,0.150716,2.35035,2.87328
9.974,0.153065,2.34887,2.87328
9.975,0.155413,2.34736,2.87328
9.976,0.15776,2.34583,2.87328
9.977,0.160105,2.34428,2.87328
9.978,0.162448,2.3427,2.87328
9.979,0.16479,2.3411,2.87328
9.98,0.167131,2.33948,2.87328
9.981,0.169469,2.33784,2.87328
9.982,0.171806,2.33617,2.87328
9.983,0.174142,2.33449,2.87328
9.984,0.176475,2.33278,2.87328
9.985,0.178807,2.33104,2.87328
9.986,0.181137,2.32929,2.87328
9.987,0.183466,2.32751,2.87328
9.988,0.185792,2.32571,2.87328
9.989,0.188117,2.32388,2.87328
9.99,0.19044,2.32204,2.87328
9.991,0.192761,2.32017,2.87328
9.992,0.19508,2.31828,2.87328
9.993,0.197398,2.31637,2.87328
9.994,0.199713,2.31443,2.87328
9.995,0.202027,2.31247,2.87328
9.996,0.204338,2.31049,2.87328
9.997,0.206648,2.30849,2.87328
9.998,0.208955,2.30647,2.87328
9.999,0.21126,2.30442,2.87328
10,0.213564,2.30235,2.87328
